Hours_Studied,Attendance,Parental_Involvement,Access_to_Resources,Extracurricular_Activities,Sleep_Hours,Previous_Scores,Motivation_Level,Internet_Access,Tutoring_Sessions,Family_Income,Teacher_Quality,School_Type,Peer_Influence,Physical_Activity,Learning_Disabilities,Parental_Education_Level,Distance_from_Home,Gender,Exam_Score,Cluster
23,84,-1.0,2,0,7,73,0,1,0,Low,Medium,Public,Positive,3,0,High School,Near,1,67,2
19,64,-1.0,1,0,8,59,0,1,2,Medium,Medium,Public,Negative,4,0,College,Moderate,0,61,2
24,98,-1.0,1,1,7,91,1,1,2,Medium,Medium,Public,Neutral,4,0,Postgraduate,Near,1,74,1
29,89,-1.0,1,1,8,98,1,1,1,Medium,Medium,Public,Negative,4,0,High School,Moderate,1,71,1
19,92,-1.0,1,1,6,65,1,1,3,Medium,High,Public,Neutral,4,0,College,Near,0,70,1
19,88,-1.0,1,1,8,89,1,1,3,Medium,Medium,Public,Positive,3,0,Postgraduate,Near,1,71,1
29,84,-1.0,0,1,7,68,0,1,1,Low,Medium,Private,Neutral,2,0,High School,Moderate,1,67,2
25,78,-1.0,2,1,6,50,1,1,1,High,High,Public,Negative,2,0,High School,Far,1,66,0
17,94,-1.0,2,0,6,80,2,1,0,Medium,Low,Private,Neutral,1,0,College,Near,1,69,1
23,98,-1.0,1,1,8,71,1,1,0,High,High,Public,Positive,5,0,High School,Moderate,1,72,1
17,80,-1.0,2,0,8,88,1,0,4,Medium,High,Private,Neutral,4,0,College,Moderate,1,68,0
17,97,-1.0,2,1,6,87,0,1,2,Low,High,Private,Neutral,2,0,High School,Near,1,71,1
21,83,-1.0,1,1,8,97,0,1,2,Medium,Medium,Public,Positive,4,0,High School,Near,1,70,2
9,82,-1.0,1,1,8,72,1,1,2,Medium,Medium,Private,Positive,3,0,Postgraduate,Near,1,66,1
10,78,-1.0,2,1,8,74,1,1,1,Low,Medium,Private,Neutral,4,0,Postgraduate,Near,1,65,0
17,68,-1.0,1,0,8,70,1,1,2,Medium,Medium,Private,Positive,4,0,High School,Near,0,64,0
14,60,-1.0,0,1,10,65,0,1,0,High,Medium,Private,Positive,3,0,College,Near,1,60,2
22,70,-1.0,1,1,6,82,1,1,1,Low,High,Public,Neutral,3,0,High School,Near,0,65,0
15,80,-1.0,1,1,9,91,0,1,3,Low,Medium,Public,Positive,2,0,College,Moderate,0,67,2
12,75,-1.0,2,1,7,58,1,1,3,Medium,Medium,Private,Positive,4,0,College,Near,1,66,0
29,78,-1.0,1,0,5,99,2,1,0,High,Medium,Public,Negative,1,0,High School,Moderate,0,69,0
19,99,-1.0,2,0,6,84,1,1,1,Medium,High,Public,Neutral,3,0,High School,Near,1,72,1
20,74,-1.0,2,0,8,89,0,1,1,Medium,Medium,Public,Negative,2,0,College,Moderate,0,66,2
11,78,-1.0,1,1,8,100,2,1,1,Low,Medium,Public,Neutral,3,0,High School,Moderate,1,66,0
17,65,-1.0,2,1,5,75,1,1,2,Low,Medium,Public,Positive,3,0,High School,Near,0,63,0
21,62,-1.0,0,1,6,54,2,1,0,High,High,Public,Positive,3,0,Postgraduate,Far,1,64,0
13,91,-1.0,1,0,6,90,1,1,1,High,Medium,Public,Negative,2,1,High School,Moderate,0,65,2
22,83,-1.0,2,1,6,94,1,1,0,High,Medium,Public,Neutral,2,0,College,Moderate,1,71,1
16,90,-1.0,1,0,4,58,1,1,1,Low,Medium,Public,Neutral,3,0,High School,Moderate,0,66,1
18,66,-1.0,2,0,4,51,0,1,2,Low,Medium,Private,Neutral,2,0,College,Near,1,64,2
16,83,-1.0,1,0,6,57,1,1,0,High,Low,Public,Positive,4,1,High School,Near,0,63,2
31,70,-1.0,2,1,7,66,1,1,1,High,Medium,Public,Negative,3,0,College,Near,1,69,0
20,69,-1.0,1,1,8,96,1,1,2,Medium,High,Public,Positive,3,0,High School,Near,1,67,0
14,60,-1.0,1,0,5,50,1,1,2,Medium,Medium,Public,Neutral,3,0,College,Near,0,61,0
25,65,-1.0,1,0,5,90,1,1,2,Medium,Medium,Public,Positive,3,0,College,Moderate,0,68,0
13,72,-1.0,1,0,6,93,0,1,1,Low,Medium,Public,Negative,3,0,High School,Near,1,61,2
21,65,-1.0,0,1,7,91,0,1,2,Medium,High,Public,Positive,3,0,High School,Far,0,64,2
8,99,-1.0,1,0,9,54,0,1,2,Low,Medium,Public,Neutral,5,0,Postgraduate,Near,0,67,1
12,72,-1.0,1,1,8,84,1,1,1,Low,Medium,Public,Positive,5,0,High School,Near,0,63,0
21,65,-1.0,1,1,6,98,0,1,1,Medium,High,Public,Negative,4,0,High School,Near,1,64,2
24,68,-1.0,1,0,8,56,0,1,3,High,High,Public,Neutral,1,0,College,Near,1,67,2
21,84,-1.0,1,1,6,52,0,1,1,Medium,High,Public,Neutral,2,1,College,Far,0,65,2
19,63,-1.0,2,0,7,94,1,1,1,Medium,Medium,Private,Positive,3,0,High School,Moderate,1,64,0
18,94,-1.0,2,1,7,82,1,1,3,Medium,Medium,Private,Negative,2,1,College,Near,1,70,2
11,98,-1.0,1,1,9,82,0,1,1,Medium,Medium,Private,Positive,3,0,Postgraduate,Far,1,68,1
16,70,-1.0,1,1,8,98,1,1,2,Medium,Medium,Public,Positive,3,0,High School,Moderate,1,65,0
17,78,-1.0,1,1,6,88,1,1,1,Medium,High,Private,Positive,3,0,College,Near,0,68,0
26,61,-1.0,0,1,6,70,1,1,2,Low,Medium,Public,Positive,3,0,High School,Moderate,0,64,0
22,86,-1.0,1,1,7,72,0,1,3,Low,High,Public,Positive,2,0,High School,Moderate,1,68,1
9,77,-1.0,1,0,5,57,1,1,2,Medium,High,Public,Neutral,3,0,High School,Near,1,63,0
22,71,-1.0,1,1,7,65,0,1,1,Medium,Low,Public,Positive,4,0,College,Moderate,1,64,2
18,68,-1.0,1,0,7,72,1,1,0,Medium,Medium,Public,Neutral,3,0,College,Near,1,64,0
16,86,-1.0,1,1,8,63,1,1,2,Medium,Medium,Public,Positive,4,0,High School,Near,1,67,1
24,77,-1.0,0,0,8,96,1,1,0,Medium,Medium,Public,Neutral,3,0,High School,Near,0,67,0
26,67,-1.0,2,1,7,51,0,1,2,High,High,Private,Neutral,4,1,Postgraduate,Far,0,66,2
26,88,-1.0,2,1,5,79,1,1,1,Low,High,Private,Positive,4,0,College,Moderate,1,72,1
15,83,-1.0,2,0,5,89,0,0,1,Medium,High,Public,Neutral,2,1,High School,Near,0,65,2
18,94,-1.0,1,1,6,87,2,1,1,Medium,Medium,Public,Positive,4,0,High School,Near,1,71,1
22,65,-1.0,0,0,8,82,1,1,2,Medium,High,Public,Positive,1,0,Postgraduate,Near,0,66,0
26,91,-1.0,0,1,8,71,1,1,0,Low,Medium,Private,Neutral,3,0,High School,Moderate,1,68,1
17,87,-1.0,1,0,7,96,1,1,1,High,Medium,Public,Negative,5,0,Postgraduate,Near,0,70,1
19,65,-1.0,1,1,10,66,0,1,0,Low,Medium,Public,Positive,3,0,High School,Moderate,1,62,2
13,88,-1.0,2,1,9,88,2,1,2,Low,High,Private,Negative,4,0,Postgraduate,Far,1,68,0
13,78,-1.0,2,1,9,96,2,1,2,Low,Medium,Public,Neutral,3,0,College,Moderate,1,67,0
25,98,-1.0,2,1,8,56,1,0,0,Medium,High,Private,Neutral,3,0,Postgraduate,Near,1,71,1
28,66,-1.0,2,1,8,97,1,1,0,Medium,Medium,Public,Neutral,2,0,High School,Near,1,68,0
20,86,-1.0,1,1,8,89,1,1,1,Low,Medium,Public,Negative,3,0,Postgraduate,Near,1,69,1
26,75,-1.0,2,1,4,81,2,1,3,Medium,High,Private,Positive,2,0,High School,Moderate,1,70,0
22,98,-1.0,2,0,5,69,0,0,1,Low,High,Public,Negative,4,0,High School,Moderate,0,69,1
16,73,-1.0,1,0,7,95,1,1,1,Low,Medium,Public,Negative,4,0,College,Near,1,65,0
22,98,-1.0,0,1,7,52,1,0,3,Medium,Medium,Public,Positive,3,0,College,Near,0,70,1
29,96,-1.0,0,1,7,72,1,1,1,Low,Medium,Public,Positive,3,0,High School,Moderate,1,71,1
20,71,-1.0,1,1,7,88,1,1,1,Low,Low,Public,Neutral,4,0,College,Near,0,65,0
29,92,-1.0,1,0,4,91,1,1,2,Medium,Medium,Public,Negative,1,0,Postgraduate,Near,0,72,1
4,100,-1.0,2,1,8,60,2,1,0,Medium,High,Private,Positive,4,0,College,Moderate,1,69,1
25,70,-1.0,1,0,7,52,1,1,1,Medium,Medium,Public,Positive,3,0,Postgraduate,Near,0,66,0
21,77,-1.0,1,1,7,90,1,1,4,Medium,Medium,Private,Neutral,3,0,Postgraduate,Moderate,1,68,0
18,81,-1.0,0,1,8,71,1,1,0,Medium,Medium,Public,Neutral,3,0,High School,Moderate,0,65,0
21,72,-1.0,1,1,5,57,1,1,1,High,Medium,Public,Neutral,5,1,College,Moderate,1,64,2
8,61,-1.0,1,1,7,54,1,1,1,High,Medium,Public,Positive,3,0,College,Near,1,60,0
19,69,-1.0,2,1,7,82,2,1,1,Low,Medium,Public,Negative,2,0,High School,Near,1,65,0
22,71,-1.0,1,0,6,79,2,1,1,Low,Low,Public,Positive,3,0,High School,Near,1,66,0
29,78,-1.0,2,1,4,93,0,1,5,Medium,High,Public,Neutral,3,0,College,Near,1,74,2
17,67,-1.0,1,1,5,52,2,1,2,Medium,Medium,Private,Negative,3,0,High School,Far,0,62,0
15,95,-1.0,1,0,7,93,1,1,2,Low,Medium,Public,Positive,4,0,College,Moderate,1,70,1
17,88,-1.0,2,1,7,94,0,1,0,Medium,Medium,Public,Neutral,3,0,High School,Near,1,69,1
25,63,-1.0,2,1,7,72,1,1,3,Medium,High,Private,Negative,4,0,College,Far,1,67,0
22,86,-1.0,0,0,6,54,1,1,2,Medium,Medium,Public,Neutral,0,0,High School,Moderate,1,64,1
17,86,-1.0,2,0,5,97,2,1,3,High,Medium,Public,Neutral,3,0,College,Near,1,71,1
23,98,-1.0,0,1,7,54,0,1,0,Medium,Medium,Public,Negative,3,0,College,Near,0,68,1
21,60,-1.0,1,0,7,80,1,1,0,Medium,High,Public,Neutral,4,1,College,Near,1,64,2
26,70,-1.0,0,1,8,75,1,1,1,Medium,Low,Private,Neutral,4,1,High School,Far,0,63,2
16,97,-1.0,1,1,6,92,0,1,0,High,Medium,Private,Positive,4,0,College,Near,1,71,1
18,97,-1.0,1,1,4,75,0,1,0,Low,Medium,Public,Positive,3,0,High School,Moderate,1,69,1
18,89,-1.0,1,1,4,73,1,1,3,High,Medium,Private,Positive,2,0,College,Near,0,100,1
11,91,-1.0,1,0,6,94,1,1,3,Medium,Medium,Public,Neutral,3,0,College,Moderate,1,68,1
22,64,-1.0,1,0,7,98,0,0,1,Medium,Medium,Public,Negative,3,0,High School,Near,1,62,2
22,81,-1.0,1,1,7,77,0,1,2,Medium,Medium,Public,Positive,3,0,Postgraduate,Far,0,68,2
20,69,-1.0,2,1,6,73,1,1,2,Low,Medium,Private,Positive,3,0,High School,Far,1,66,0
19,67,-1.0,1,0,5,92,2,1,0,Medium,Medium,Public,Positive,3,0,College,Near,1,64,0
12,92,-1.0,1,0,4,92,2,1,2,Medium,High,Public,Neutral,3,1,High School,Moderate,1,67,1
17,65,-1.0,2,1,8,66,1,1,1,High,High,Public,Neutral,4,1,Postgraduate,Moderate,0,65,2
18,79,-1.0,1,1,7,79,1,1,0,Low,High,Private,Neutral,3,0,College,Far,1,65,0
15,98,-1.0,1,0,6,58,2,1,0,Low,High,Public,Positive,3,0,College,Near,1,69,1
19,67,-1.0,1,0,5,82,2,1,1,Low,Low,Private,Negative,3,0,High School,Near,1,63,0
22,99,-1.0,0,1,6,92,0,1,3,Medium,Medium,Public,Negative,4,0,Postgraduate,Moderate,1,72,1
31,100,-1.0,1,0,7,59,1,1,2,High,High,Public,Positive,5,0,Postgraduate,Moderate,1,76,1
21,82,-1.0,2,1,7,66,2,1,3,Low,Medium,Public,Positive,3,1,College,Near,0,69,0
22,67,-1.0,1,1,7,72,2,1,3,Low,High,Public,Positive,2,0,Postgraduate,Moderate,0,67,0
20,73,-1.0,1,1,9,92,1,1,2,Medium,High,Public,Positive,3,0,College,Near,1,69,0
8,77,-1.0,1,1,6,87,1,1,0,Low,Medium,Public,Neutral,2,0,High School,Moderate,1,63,0
20,72,-1.0,1,0,9,66,1,1,3,Low,High,Private,Positive,3,0,Postgraduate,Near,1,67,0
20,71,-1.0,2,1,7,62,2,1,2,Medium,Medium,Public,Negative,5,0,College,Near,1,66,0
35,99,-1.0,2,1,7,85,0,1,2,Medium,High,Private,Neutral,2,0,Postgraduate,Near,0,79,1
19,66,-1.0,1,0,8,74,1,1,1,High,Medium,Public,Neutral,3,0,High School,Near,0,64,0
22,89,-1.0,2,1,6,80,1,1,1,High,High,Public,Positive,3,0,High School,Near,0,73,1
20,60,-1.0,2,0,7,82,2,1,2,Low,High,Public,Positive,4,1,High School,Near,1,63,0
13,84,-1.0,1,0,5,78,1,1,1,Low,High,Public,Positive,2,0,High School,Near,1,65,1
27,97,-1.0,2,1,8,81,1,1,0,High,Medium,Public,Positive,5,0,High School,Near,0,73,1
25,72,-1.0,2,1,8,94,0,1,2,Low,Medium,Private,Positive,4,0,College,Moderate,0,70,2
25,67,-1.0,1,0,9,93,2,1,2,Low,High,Public,Positive,3,1,High School,Near,0,68,0
15,86,-1.0,1,1,7,57,1,1,1,Medium,Medium,Public,Negative,3,0,College,Near,1,65,1
28,89,-1.0,2,1,9,79,2,1,0,Low,Medium,Private,Positive,1,0,College,Moderate,0,71,1
12,88,-1.0,1,0,6,72,0,1,2,Medium,Medium,Public,Positive,2,0,College,Far,1,64,1
24,73,-1.0,2,1,8,64,1,1,4,High,Medium,Private,Neutral,3,1,College,Moderate,1,68,2
33,70,-1.0,1,1,6,82,0,1,1,Low,High,Public,Neutral,4,0,College,Near,1,69,2
14,98,-1.0,1,0,7,76,1,1,0,Medium,High,Private,Positive,4,0,College,Moderate,0,69,1
17,97,-1.0,1,0,8,89,1,1,1,Low,High,Public,Neutral,4,0,High School,Far,1,69,1
21,78,-1.0,1,1,10,55,1,1,1,High,Low,Private,Positive,2,0,College,Near,1,67,0
17,94,-1.0,1,1,8,65,0,1,4,Medium,Medium,Public,Neutral,6,0,High School,Far,0,68,1
11,78,-1.0,2,1,8,51,1,1,2,Low,Medium,Public,Neutral,3,0,Postgraduate,Near,1,64,0
20,77,-1.0,1,0,6,87,0,1,0,Low,High,Public,Positive,4,0,High School,Near,0,66,2
14,66,-1.0,0,0,7,96,1,1,3,Low,High,Public,Negative,3,0,High School,Near,1,63,0
23,77,-1.0,1,1,7,79,1,1,0,Low,High,Public,Neutral,2,0,High School,Moderate,1,66,0
14,81,-1.0,1,0,9,81,1,1,1,Low,High,Private,Negative,3,0,Postgraduate,Near,0,66,0
29,61,-1.0,2,1,7,52,0,1,3,Low,Medium,Private,Positive,3,0,College,Near,0,67,2
15,78,-1.0,2,0,9,75,0,1,1,Low,Medium,Public,Negative,1,0,High School,Near,1,65,2
18,91,-1.0,1,1,5,76,1,1,1,Medium,Medium,Public,Neutral,3,0,High School,Near,0,68,1
25,87,-1.0,0,0,9,52,2,1,1,Low,High,Private,Positive,2,0,High School,Near,1,68,0
13,85,-1.0,1,0,6,89,1,1,0,High,Medium,Private,Neutral,1,1,High School,Near,1,65,2
21,96,-1.0,1,0,8,64,2,1,2,Medium,High,Public,Neutral,0,0,College,Near,1,71,1
28,61,-1.0,2,0,6,86,2,1,1,Low,Medium,Private,Negative,3,1,Postgraduate,Far,1,65,0
10,82,-1.0,0,0,8,70,1,1,3,Low,High,Public,Positive,1,1,Postgraduate,Near,0,64,2
21,91,-1.0,1,0,6,100,1,1,0,High,Medium,Private,Neutral,2,0,Postgraduate,Near,0,72,1
22,82,-1.0,1,0,9,61,1,1,2,Low,Medium,Public,Negative,2,1,High School,Near,0,65,2
25,73,-1.0,2,0,8,53,2,0,0,Low,High,Private,Negative,5,0,Postgraduate,Near,0,66,0
13,65,-1.0,2,0,6,99,1,1,0,Low,Medium,Private,Negative,4,0,High School,Near,1,61,0
12,96,-1.0,2,1,8,62,1,1,2,Medium,High,Public,Negative,3,0,College,Near,0,68,1
23,79,-1.0,2,1,8,82,0,1,3,Medium,Medium,Public,Negative,3,1,Postgraduate,Moderate,0,69,2
22,95,-1.0,2,1,6,69,1,1,1,Low,Medium,Public,Positive,3,0,College,Near,0,72,1
22,83,-1.0,2,1,5,82,1,1,2,Low,High,Public,Positive,3,0,Postgraduate,Near,0,71,1
22,87,-1.0,2,0,5,80,0,1,2,Low,High,Public,Negative,3,0,High School,Near,0,70,1
16,92,-1.0,2,1,5,85,0,1,1,Low,Medium,Public,Neutral,2,0,High School,Moderate,1,68,1
21,86,-1.0,1,1,5,51,1,1,2,Low,High,Public,Positive,2,0,High School,Moderate,0,67,1
22,76,-1.0,1,1,8,92,1,1,1,Low,High,Public,Neutral,4,0,High School,Near,0,68,0
16,81,-1.0,1,1,8,74,1,1,3,Medium,Medium,Public,Positive,2,0,Postgraduate,Near,0,68,1
31,92,-1.0,1,1,4,76,1,1,2,Medium,High,Public,Positive,4,1,High School,Far,1,72,2
23,75,-1.0,2,0,6,71,0,1,0,Medium,Medium,Public,Neutral,2,0,College,Near,1,65,2
13,76,-1.0,2,0,5,99,0,1,2,Medium,Medium,Private,Positive,4,0,High School,Near,0,66,2
24,64,-1.0,1,1,8,90,2,1,0,Low,High,Public,Negative,3,0,High School,Near,1,65,0
14,97,-1.0,1,1,6,66,1,1,2,Medium,Medium,Public,Negative,3,1,College,Near,0,67,2
25,64,-1.0,2,0,5,89,0,1,2,Medium,Medium,Public,Neutral,4,0,College,Far,1,66,2
27,86,-1.0,1,0,7,72,0,1,1,Medium,High,Public,Positive,4,0,High School,Far,1,69,2
15,77,-1.0,1,1,8,94,0,1,0,High,High,Public,Positive,3,0,College,Moderate,1,66,2
26,76,-1.0,2,1,6,52,1,1,4,High,Low,Public,Neutral,3,0,High School,Near,1,69,0
22,87,-1.0,0,1,7,68,1,0,0,Low,Medium,Public,Neutral,2,0,High School,Near,1,67,1
25,63,-1.0,1,1,6,71,1,1,1,Medium,Low,Private,Positive,3,0,High School,Near,1,66,0
31,84,-1.0,1,1,9,87,1,1,2,Low,Medium,Private,Neutral,3,0,College,Far,1,71,1
19,91,-1.0,0,0,6,59,1,1,5,Medium,High,Public,Neutral,4,0,College,Moderate,1,70,1
15,93,-1.0,1,0,6,64,1,1,2,Medium,High,Public,Positive,4,0,Postgraduate,Near,1,71,1
15,67,-1.0,1,1,7,86,2,1,1,High,Medium,Private,Positive,3,0,Postgraduate,Near,1,66,0
15,96,-1.0,1,0,7,54,2,0,3,Medium,High,Public,Negative,2,0,High School,Near,1,67,1
20,86,-1.0,0,0,8,60,1,1,1,Medium,Medium,Public,Neutral,4,1,College,Far,0,66,2
22,95,-1.0,2,0,9,88,0,1,0,Low,High,Public,Positive,2,0,Postgraduate,Near,1,72,1
22,79,-1.0,1,0,9,94,1,1,1,Medium,Medium,Public,Positive,3,0,High School,Near,1,68,0
25,82,-1.0,1,0,6,86,1,0,3,Low,High,Public,Positive,3,0,High School,Near,0,69,1
20,97,-1.0,1,1,7,76,0,1,2,Low,Low,Private,Positive,3,0,Postgraduate,Near,1,71,1
29,96,-1.0,1,1,9,55,0,0,0,Medium,Medium,Public,Neutral,2,0,Postgraduate,Far,0,70,1
18,78,-1.0,1,0,9,91,2,1,2,High,Low,Public,Neutral,4,0,College,Far,0,67,0
36,71,-1.0,1,1,6,56,1,1,2,High,Medium,Public,Positive,2,0,High School,Far,1,69,0
24,76,-1.0,2,0,8,69,0,1,2,Medium,Medium,Public,Neutral,1,0,High School,Moderate,1,65,2
15,76,-1.0,2,0,8,53,1,1,1,Low,Medium,Public,Neutral,4,0,College,Near,1,65,0
14,71,-1.0,1,1,8,85,0,1,2,Medium,High,Public,Neutral,4,0,High School,Near,1,64,2
23,71,-1.0,0,1,9,75,0,1,1,Low,Medium,Public,Negative,2,0,College,Near,1,63,2
19,94,-1.0,1,1,5,95,1,1,3,Low,Low,Public,Positive,2,0,High School,Moderate,1,69,1
24,63,-1.0,0,1,6,57,1,1,1,Low,High,Private,Neutral,5,0,College,Near,0,64,0
23,87,-1.0,2,1,8,91,2,1,0,High,Medium,Private,Positive,3,0,High School,Moderate,1,72,0
20,67,-1.0,1,1,7,76,1,1,0,Medium,Medium,Public,Neutral,4,0,High School,Near,1,63,0
15,74,-1.0,2,1,4,68,0,1,3,Low,Medium,Public,Positive,3,0,High School,Near,0,64,2
11,62,-1.0,2,1,5,82,1,1,3,High,Medium,Private,Neutral,4,0,College,Moderate,1,64,0
17,71,-1.0,1,1,8,90,1,1,5,Medium,Medium,Public,Positive,1,0,Postgraduate,Far,1,67,0
25,91,-1.0,1,0,8,72,0,1,2,Medium,High,Public,Positive,0,0,Postgraduate,Near,1,71,1
21,95,-1.0,1,0,5,62,2,1,1,Medium,Low,Public,Positive,4,0,High School,Near,1,70,1
13,69,-1.0,0,1,9,96,0,1,0,High,Medium,Private,Neutral,4,0,High School,Far,0,61,2
21,79,-1.0,2,1,7,66,0,1,2,Low,Medium,Public,Negative,4,0,College,Moderate,1,67,2
22,79,-1.0,1,0,5,100,1,1,4,High,High,Public,Negative,3,0,College,Near,1,72,1
15,95,-1.0,0,1,6,88,0,1,1,Low,Medium,Public,Negative,5,0,High School,Near,1,66,1
21,91,-1.0,2,1,5,84,1,1,1,High,Low,Public,Neutral,2,0,High School,Near,1,70,1
20,81,-1.0,1,1,6,51,2,0,3,Medium,Medium,Public,Neutral,4,1,High School,Near,1,67,0
13,87,-1.0,0,1,4,72,1,1,2,Medium,High,Public,Neutral,3,0,High School,Moderate,0,67,1
22,94,-1.0,1,1,7,75,2,1,2,High,Medium,Public,Neutral,2,0,College,Near,0,71,1
23,60,-1.0,1,1,8,69,1,1,1,Low,Medium,Private,Positive,4,0,College,Near,1,66,0
26,76,-1.0,1,1,5,57,1,1,1,Medium,Medium,Public,Positive,4,0,High School,Near,1,68,0
26,96,-1.0,1,1,7,68,1,1,3,High,Medium,Private,Positive,3,0,College,Near,0,74,1
12,90,-1.0,0,1,6,54,1,0,1,High,Medium,Public,Neutral,3,0,High School,Near,1,64,1
14,82,-1.0,1,0,8,65,1,1,1,Low,Medium,Private,Positive,3,0,College,Near,1,65,1
23,81,-1.0,1,1,4,54,1,1,1,Low,Medium,Public,Neutral,3,0,College,Near,1,66,1
23,74,-1.0,2,1,8,88,0,1,0,Medium,High,Public,Negative,3,1,High School,Near,1,66,2
23,81,-1.0,0,0,4,84,1,1,2,Medium,Medium,Public,Positive,5,0,High School,Near,1,68,1
43,86,-1.0,1,1,7,97,1,1,2,Medium,High,Public,Positive,1,0,High School,Near,0,78,1
23,77,-1.0,2,1,6,69,0,1,1,Medium,Medium,Private,Positive,2,0,High School,Moderate,0,67,2
27,89,-1.0,2,1,6,89,1,1,3,Medium,Medium,Private,Positive,3,0,High School,Near,1,74,1
26,94,-1.0,2,0,5,79,2,1,1,Low,High,Public,Positive,2,0,Postgraduate,Near,1,74,1
24,66,-1.0,0,0,9,82,0,1,1,Medium,Medium,Public,Neutral,2,1,High School,Near,0,62,2
18,78,-1.0,1,1,5,77,1,0,2,Medium,Medium,Public,Neutral,4,0,High School,Far,1,66,0
25,76,-1.0,1,1,5,89,2,1,3,Medium,High,Public,Neutral,3,0,High School,Far,0,69,0
15,87,-1.0,2,1,10,52,1,1,2,Low,High,Private,Positive,3,0,College,Near,1,68,1
19,70,-1.0,0,0,7,54,2,1,0,Medium,Medium,Public,Positive,2,1,High School,Moderate,1,89,0
17,86,-1.0,0,0,5,55,0,0,2,High,Medium,Private,Neutral,4,0,College,Near,1,66,1
20,95,-1.0,1,1,7,64,0,0,2,Medium,High,Public,Neutral,3,0,High School,Near,0,68,1
34,77,-1.0,0,1,7,80,0,1,0,Medium,Medium,Public,Positive,3,0,High School,Near,1,69,2
9,96,-1.0,1,1,4,82,2,0,0,Low,Medium,Public,Positive,4,0,College,Near,1,67,1
24,100,-1.0,2,1,6,86,0,1,2,Medium,Medium,Private,Positive,5,0,High School,Near,1,75,1
10,64,-1.0,2,0,7,64,2,1,0,Medium,Medium,Public,Positive,4,1,High School,Moderate,0,60,0
17,69,-1.0,1,1,9,83,1,1,2,Medium,High,Private,Positive,4,1,College,Moderate,0,66,2
27,98,-1.0,2,1,7,56,0,1,1,High,Medium,Private,Positive,3,0,College,Near,0,73,1
20,98,-1.0,0,0,7,50,0,1,1,Medium,High,Private,Neutral,2,0,High School,Near,0,68,1
14,64,-1.0,1,1,6,85,1,1,0,Medium,Medium,Public,Neutral,3,0,High School,Near,1,62,0
16,61,-1.0,1,0,9,86,0,1,2,Low,High,Public,Positive,2,0,High School,Near,1,62,2
24,66,-1.0,0,1,8,81,2,1,1,Medium,Medium,Public,Neutral,4,0,High School,Far,1,65,0
16,100,-1.0,0,1,8,63,2,1,2,Low,Medium,Public,Negative,3,0,High School,Moderate,1,69,1
21,67,-1.0,1,0,7,96,0,1,3,Low,Medium,Public,Neutral,2,0,High School,Far,0,64,2
20,80,-1.0,2,0,5,94,1,1,0,Low,Low,Private,Positive,4,1,Postgraduate,Moderate,0,67,2
16,94,-1.0,2,1,9,76,1,1,0,Low,High,Public,Neutral,2,0,High School,Near,1,70,1
33,61,-1.0,1,0,7,99,2,1,2,Medium,High,Public,Neutral,3,0,College,Near,0,70,0
24,84,-1.0,0,0,7,65,0,1,3,Medium,High,Public,Positive,3,0,High School,Near,0,69,2
8,71,-1.0,0,0,8,75,1,1,0,Medium,High,Public,Positive,3,0,High School,Near,1,61,0
21,94,-1.0,1,0,7,96,0,1,0,Medium,Medium,Private,Neutral,2,1,Postgraduate,Moderate,1,69,2
16,71,-1.0,1,1,5,73,1,1,1,Medium,Medium,Public,Neutral,0,1,High School,Near,1,63,2
25,87,-1.0,0,1,7,74,0,1,0,Medium,High,Public,Neutral,4,1,High School,Near,1,67,2
15,87,-1.0,1,0,4,54,1,1,1,Medium,Medium,Public,Neutral,6,0,High School,Moderate,1,65,1
19,69,-1.0,1,1,7,61,2,1,3,High,High,Public,Neutral,4,0,High School,Moderate,1,66,0
23,61,-1.0,1,0,9,58,1,1,4,Medium,Medium,Public,Neutral,2,0,High School,Near,1,63,0
25,76,-1.0,2,1,4,78,1,1,2,Medium,Medium,Private,Negative,3,0,High School,Moderate,0,68,0
13,72,-1.0,2,0,7,66,1,1,0,Low,High,Public,Neutral,4,0,Postgraduate,Near,1,65,0
18,92,-1.0,1,1,8,54,1,1,1,Medium,Medium,Public,Positive,3,0,High School,Near,1,67,1
17,92,-1.0,0,1,8,75,1,1,2,Medium,High,Public,Neutral,3,0,Postgraduate,Near,0,68,1
16,78,-1.0,2,0,6,83,1,1,0,Low,Low,Public,Neutral,3,1,College,Near,1,64,2
31,84,-1.0,1,0,5,87,2,1,0,Medium,Medium,Private,Positive,3,0,College,Moderate,1,71,0
22,84,-1.0,1,1,6,92,0,1,0,Medium,Medium,Public,Neutral,5,0,High School,Near,0,69,2
12,93,-1.0,1,1,9,74,0,1,1,Medium,Medium,Public,Neutral,3,0,Postgraduate,Moderate,1,67,1
26,77,-1.0,1,0,4,70,0,1,2,High,Low,Public,Neutral,3,1,College,Moderate,0,65,2
33,71,-1.0,1,0,5,84,1,1,1,Medium,Medium,Public,Positive,2,0,High School,Near,1,68,0
26,71,-1.0,1,1,6,51,0,0,1,High,Medium,Private,Positive,3,0,Postgraduate,Moderate,1,67,2
11,81,-1.0,1,1,6,82,2,1,3,Medium,High,Public,Neutral,4,0,High School,Near,1,67,0
17,78,-1.0,2,1,7,70,1,0,2,Low,High,Public,Positive,3,0,High School,Near,1,66,0
28,78,-1.0,1,0,9,73,2,1,2,Medium,Medium,Public,Neutral,4,0,College,Moderate,0,70,0
16,64,-1.0,0,1,5,65,1,1,3,Medium,High,Private,Positive,4,0,Postgraduate,Moderate,0,65,0
23,89,-1.0,0,1,7,56,0,1,4,Medium,Low,Private,Positive,4,0,Postgraduate,Near,0,69,1
25,69,-1.0,1,1,7,70,0,0,1,High,High,Public,Positive,4,0,High School,Far,0,65,2
14,68,-1.0,1,0,6,65,1,1,1,High,Medium,Public,Neutral,3,1,College,Near,1,63,2
20,77,-1.0,1,0,5,98,0,1,2,Low,High,Private,Neutral,2,0,Postgraduate,Far,0,67,2
1,69,-1.0,1,1,6,97,1,1,1,Low,Medium,Public,Positive,3,0,High School,Near,0,61,0
14,83,-1.0,0,1,6,82,1,1,0,Medium,Medium,Public,Positive,2,0,High School,Near,0,65,1
18,75,-1.0,2,1,8,95,1,1,1,Low,Low,Public,Neutral,2,0,College,Near,0,66,0
13,78,-1.0,2,1,8,88,2,1,0,High,Low,Public,Neutral,3,0,College,Near,1,66,0
30,81,-1.0,0,1,5,67,1,1,1,High,High,Public,Negative,1,0,High School,Near,1,69,1
11,68,-1.0,1,0,6,80,1,1,2,Medium,Medium,Public,Positive,3,0,College,Moderate,0,63,0
17,66,-1.0,2,0,6,61,1,1,1,High,Medium,Public,Positive,6,0,Postgraduate,Near,1,65,0
21,95,-1.0,0,0,10,84,0,1,0,High,Medium,Public,Neutral,4,1,High School,Near,1,67,2
29,77,-1.0,2,1,7,52,1,1,2,High,Medium,Public,Negative,3,1,High School,Near,0,69,2
11,76,-1.0,1,1,5,92,1,1,4,Medium,Low,Public,Negative,2,0,Postgraduate,Near,1,65,0
27,61,-1.0,1,0,6,79,1,1,1,Low,Medium,Public,Positive,3,0,High School,Moderate,1,65,0
20,80,-1.0,0,1,6,53,1,1,0,Low,Medium,Public,Neutral,2,0,College,Moderate,1,65,1
14,82,-1.0,2,1,8,94,0,1,2,Low,High,Public,Negative,5,0,College,Far,0,67,2
23,82,-1.0,1,1,8,94,1,1,1,Medium,Medium,Public,Negative,2,1,High School,Far,1,66,2
21,88,-1.0,2,0,7,93,1,1,4,Low,Medium,Public,Positive,3,0,High School,Near,0,72,1
16,67,-1.0,2,0,7,89,2,1,3,Low,Medium,Public,Positive,3,0,College,Near,1,66,0
20,70,-1.0,1,1,7,84,0,0,2,Medium,High,Private,Neutral,4,0,College,Far,1,65,2
18,92,-1.0,1,1,7,70,1,1,1,Low,Medium,Public,Neutral,3,0,High School,Moderate,1,69,1
21,98,-1.0,0,0,4,57,1,1,2,High,Low,Public,Neutral,2,0,High School,Near,0,68,1
24,65,-1.0,0,0,7,64,0,1,1,High,Medium,Public,Neutral,1,0,Postgraduate,Near,1,64,2
30,80,-1.0,2,0,6,67,1,1,3,Medium,Medium,Public,Negative,4,0,College,Moderate,0,69,0
13,69,-1.0,0,1,5,68,0,1,0,High,Medium,Public,Positive,1,1,High School,Moderate,0,59,2
33,62,-1.0,1,1,10,78,1,1,0,Medium,Medium,Private,Positive,3,0,High School,Moderate,0,68,0
8,73,-1.0,1,0,7,60,1,0,0,High,Medium,Private,Neutral,3,0,High School,Near,0,60,0
19,66,-1.0,2,0,7,59,1,1,1,High,Medium,Public,Negative,3,0,High School,Far,1,62,0
24,88,-1.0,1,1,6,86,0,1,0,Low,Low,Public,Negative,3,0,College,Near,1,67,1
22,81,-1.0,2,1,8,50,2,1,4,Medium,Medium,Private,Positive,5,0,High School,Far,0,68,0
16,66,-1.0,2,1,5,57,2,1,3,Medium,Medium,Public,Positive,3,0,High School,Moderate,0,64,0
19,60,-1.0,2,1,7,72,2,1,3,Low,High,Public,Positive,3,0,High School,Moderate,0,65,0
17,92,-1.0,0,1,6,57,1,1,2,Medium,Medium,Private,Positive,2,1,High School,Moderate,0,65,2
16,67,-1.0,1,0,8,98,1,1,0,Low,Low,Public,Neutral,3,0,High School,Near,0,63,0
25,84,-1.0,0,1,6,84,0,1,2,Medium,High,Public,Positive,3,0,High School,Near,1,70,2
22,73,-1.0,1,1,9,72,0,1,3,Medium,Medium,Public,Positive,3,0,High School,Near,0,66,2
16,83,-1.0,2,1,7,56,0,1,4,High,Medium,Public,Positive,3,0,High School,Near,0,68,2
25,73,-1.0,0,0,8,69,1,1,3,Medium,Medium,Private,Positive,3,0,High School,Near,0,66,0
22,63,-1.0,0,0,8,83,1,1,3,Medium,Medium,Private,Negative,1,0,College,Near,1,63,0
25,69,-1.0,1,1,9,98,1,1,1,Low,Medium,Public,Negative,3,1,College,Moderate,0,66,2
24,68,-1.0,1,1,6,74,1,1,1,Medium,Medium,Public,Neutral,3,0,High School,Near,0,65,0
15,77,-1.0,1,1,8,85,2,1,1,Low,Medium,Public,Positive,2,0,Postgraduate,Moderate,1,66,0
17,86,-1.0,0,1,4,60,2,1,2,High,Low,Private,Positive,3,1,College,Moderate,0,67,0
24,71,-1.0,1,1,7,81,1,1,0,Low,Medium,Private,Positive,3,0,High School,Near,1,66,0
24,60,-1.0,1,0,6,62,2,1,4,Low,High,Public,Negative,3,0,High School,Near,0,63,0
20,81,-1.0,1,1,5,60,0,1,3,Medium,Medium,Public,Positive,4,1,High School,Near,1,66,2
21,84,-1.0,1,0,6,75,0,0,1,High,Medium,Public,Positive,3,0,College,Moderate,1,67,2
28,99,-1.0,1,1,6,61,1,0,1,Low,Medium,Public,Positive,3,0,High School,Near,1,71,1
16,84,-1.0,2,1,7,86,1,1,1,Low,Medium,Private,Neutral,2,0,High School,Near,0,67,1
23,79,-1.0,2,1,6,97,1,1,1,High,Low,Public,Neutral,4,0,High School,Moderate,1,69,0
19,83,-1.0,1,1,7,70,1,1,2,Low,Medium,Public,Negative,4,1,Postgraduate,Near,0,67,2
19,97,-1.0,1,1,6,66,2,1,2,Medium,Medium,Private,Positive,2,0,College,Moderate,0,72,1
27,93,-1.0,0,0,6,59,2,1,2,Low,Medium,Private,Negative,4,0,High School,Near,0,70,1
25,73,-1.0,2,1,7,70,0,1,0,Low,Medium,Private,Neutral,4,0,Postgraduate,Moderate,1,67,2
25,69,-1.0,2,1,7,78,1,1,0,Low,High,Public,Negative,3,0,High School,Far,0,64,0
28,71,-1.0,1,0,8,69,2,1,1,Medium,High,Private,Neutral,1,0,College,Moderate,0,67,0
20,80,-1.0,2,0,8,81,1,1,3,Medium,Medium,Private,Negative,4,0,Postgraduate,Near,1,69,0
24,90,-1.0,0,0,7,83,1,1,0,Low,Medium,Private,Positive,3,0,College,Near,1,68,1
18,80,-1.0,1,0,8,55,0,1,2,Low,Low,Public,Neutral,3,0,High School,Moderate,1,63,2
22,63,-1.0,2,1,7,85,1,1,4,High,High,Public,Negative,3,0,College,Near,0,68,0
19,89,-1.0,1,1,7,95,1,1,0,Medium,Medium,Public,Positive,3,0,High School,Near,1,70,1
21,92,-1.0,0,1,8,51,0,1,0,Medium,Medium,Public,Neutral,2,0,College,Moderate,1,66,1
24,72,-1.0,2,0,6,78,2,1,0,Low,High,Public,Negative,6,0,High School,Near,0,68,0
15,87,-1.0,0,1,4,80,2,1,0,Low,Medium,Private,Positive,3,0,College,Near,1,67,1
33,77,-1.0,2,1,5,85,1,1,0,Low,Medium,Private,Neutral,5,0,High School,Far,0,69,0
14,96,-1.0,0,1,9,69,2,1,0,Medium,Medium,Private,Negative,3,1,College,Near,0,66,1
13,94,-1.0,1,1,7,91,0,1,3,Low,Medium,Public,Neutral,3,0,High School,Near,1,68,1
27,81,-1.0,1,1,7,77,1,1,2,Medium,Low,Public,Neutral,2,1,Postgraduate,Moderate,0,69,2
25,88,-1.0,1,1,7,70,0,1,1,Medium,Medium,Private,Positive,3,0,Postgraduate,Moderate,1,70,1
24,95,-1.0,2,1,8,86,2,1,1,Medium,High,Private,Neutral,3,0,College,Near,1,74,1
24,80,-1.0,2,1,7,96,2,1,0,Low,High,Public,Positive,0,0,College,Moderate,0,70,0
20,73,-1.0,1,1,7,91,0,1,1,Medium,High,Public,Neutral,2,0,Postgraduate,Moderate,1,66,2
15,90,-1.0,1,1,8,97,1,1,1,Low,High,Private,Negative,3,0,College,Near,0,69,1
20,69,-1.0,2,0,6,63,0,1,0,Low,Medium,Public,Negative,3,0,Postgraduate,Near,1,64,2
16,76,-1.0,2,1,8,56,1,0,1,Low,Medium,Public,Positive,1,0,High School,Near,1,62,0
26,95,-1.0,2,0,7,77,1,1,0,Medium,Medium,Public,Neutral,3,0,High School,Moderate,0,70,1
19,89,-1.0,1,1,7,52,1,1,2,Medium,Medium,Public,Negative,4,0,High School,Moderate,1,68,1
15,76,-1.0,1,1,6,84,0,1,0,Medium,High,Public,Neutral,3,0,College,Near,0,65,2
18,69,-1.0,2,0,7,62,0,1,3,Medium,Medium,Public,Positive,3,0,High School,Moderate,1,65,2
22,74,-1.0,2,1,6,73,0,1,3,High,High,Public,Positive,4,0,Postgraduate,Moderate,0,71,2
17,71,-1.0,1,1,9,83,0,1,2,Medium,Medium,Public,Neutral,5,0,High School,Near,1,66,2
15,67,-1.0,1,0,4,74,1,1,0,Low,Medium,Public,Negative,3,0,College,Moderate,1,61,0
21,90,-1.0,1,1,8,62,0,1,2,Medium,High,Public,Negative,5,1,High School,Near,1,67,2
21,70,-1.0,2,1,4,94,1,1,0,Low,High,Private,Neutral,2,0,College,Far,1,65,0
17,78,-1.0,2,0,8,88,1,1,0,Low,Medium,Public,Negative,3,0,High School,Near,0,65,0
17,75,-1.0,2,1,6,80,1,0,1,Low,Medium,Private,Positive,5,0,High School,Moderate,1,65,0
21,99,-1.0,1,0,8,85,2,1,4,Medium,Medium,Public,Positive,4,0,High School,Moderate,1,73,1
11,76,-1.0,1,1,7,71,1,0,1,Medium,Low,Public,Neutral,2,0,College,Near,1,62,0
12,63,-1.0,2,1,5,69,0,1,0,Medium,High,Public,Negative,2,0,College,Moderate,0,60,2
16,64,-1.0,1,1,9,58,0,1,1,Medium,Medium,Public,Positive,3,0,College,Moderate,0,61,2
19,84,-1.0,1,1,8,90,2,1,2,Low,Medium,Private,Neutral,3,0,Postgraduate,Far,1,67,0
22,84,-1.0,1,0,8,69,1,0,3,Medium,High,Private,Neutral,4,0,College,Near,1,70,1
29,77,-1.0,2,0,6,85,1,1,1,Medium,Medium,Public,Positive,1,0,College,Near,1,69,0
25,77,-1.0,0,1,8,65,2,0,0,Medium,Medium,Public,Positive,5,0,College,Far,0,66,0
19,62,-1.0,1,0,5,90,0,1,2,Low,High,Public,Positive,3,0,College,Moderate,1,64,2
20,81,-1.0,1,1,4,55,1,1,1,High,Medium,Private,Positive,2,0,Postgraduate,Moderate,1,68,1
14,80,-1.0,1,1,5,81,1,1,1,Low,Medium,Public,Positive,4,0,Postgraduate,Far,0,67,0
20,66,-1.0,1,0,6,90,2,1,0,Medium,Medium,Public,Neutral,1,0,College,Near,0,64,0
18,64,-1.0,1,1,6,83,2,1,2,Low,Medium,Public,Positive,2,0,College,Near,1,65,0
22,65,-1.0,2,1,6,85,1,1,2,High,Medium,Public,Positive,3,1,Postgraduate,Near,0,66,2
15,64,-1.0,1,1,6,76,2,1,2,Medium,Medium,Private,Positive,4,1,High School,Near,0,63,0
23,84,-1.0,1,1,6,78,0,1,2,Low,Low,Public,Negative,2,0,High School,Moderate,0,68,1
29,68,-1.0,2,1,4,53,1,1,1,Medium,Medium,Private,Negative,4,0,High School,Far,1,66,0
19,70,-1.0,1,0,7,63,0,0,3,Low,Low,Public,Neutral,5,0,High School,Near,1,63,2
22,67,-1.0,1,0,7,86,0,1,1,Low,Medium,Public,Positive,3,0,High School,Moderate,0,63,2
24,98,-1.0,1,1,6,97,1,1,1,Medium,Medium,Public,Positive,4,0,College,Far,1,74,1
18,94,-1.0,2,1,9,77,0,1,1,Medium,High,Public,Positive,2,0,College,Moderate,1,70,1
21,69,-1.0,2,1,7,86,1,1,2,Low,Medium,Private,Neutral,3,0,High School,Near,1,68,0
20,73,-1.0,1,1,7,84,1,1,0,Medium,Medium,Public,Neutral,4,0,Postgraduate,Moderate,0,66,0
21,68,-1.0,0,0,8,100,0,1,0,Medium,Medium,Public,Positive,4,0,High School,Far,1,63,2
15,80,-1.0,2,0,5,90,1,1,4,Low,Medium,Public,Positive,3,0,College,Far,0,67,1
20,61,-1.0,1,0,7,81,1,1,1,Medium,Low,Public,Neutral,3,0,High School,Moderate,1,62,0
23,87,-1.0,2,0,8,56,1,1,1,Medium,High,Public,Positive,3,0,Postgraduate,Moderate,1,71,1
29,81,-1.0,1,0,7,68,1,1,2,Medium,Medium,Public,Neutral,4,0,Postgraduate,Near,1,72,0
26,96,-1.0,1,1,5,63,1,0,1,High,Medium,Private,Positive,2,0,Postgraduate,Near,1,72,1
33,67,-1.0,1,1,6,93,2,1,0,Low,High,Public,Neutral,3,0,High School,Far,0,68,0
15,92,-1.0,0,1,7,72,0,1,1,Medium,Medium,Public,Negative,5,0,High School,Near,0,66,1
25,92,-1.0,1,0,4,77,1,1,0,Low,Medium,Public,Positive,3,0,High School,Near,1,70,1
21,65,-1.0,0,1,5,98,2,0,2,Low,Medium,Private,Positive,4,0,Postgraduate,Near,1,66,0
33,76,-1.0,1,1,10,92,0,1,1,High,Medium,Private,Positive,3,0,Postgraduate,Near,0,72,2
15,67,-1.0,1,1,8,89,0,1,0,High,High,Public,Neutral,4,0,High School,Moderate,0,64,2
15,70,-1.0,1,0,9,57,1,1,1,Medium,Medium,Private,Negative,3,0,High School,Moderate,0,63,0
16,71,-1.0,1,0,8,51,1,1,0,Low,Medium,Public,Negative,2,0,Postgraduate,Far,0,61,0
7,82,-1.0,2,1,8,56,1,1,0,Low,Medium,Private,Negative,2,0,High School,Far,1,62,1
17,76,-1.0,2,0,7,87,2,1,1,Medium,High,Public,Positive,4,0,High School,Near,0,68,0
15,98,-1.0,1,1,8,71,0,1,1,Medium,Medium,Public,Positive,3,0,High School,Near,1,68,1
21,65,-1.0,1,0,9,56,2,1,1,Medium,Medium,Public,Positive,5,0,High School,Moderate,1,63,0
22,99,-1.0,0,1,8,87,0,1,1,Medium,Medium,Private,Neutral,4,0,High School,Moderate,0,70,1
31,69,-1.0,0,1,7,60,1,1,1,Low,Medium,Public,Neutral,3,0,Postgraduate,Near,0,68,0
26,91,-1.0,1,1,7,79,1,1,1,Low,Medium,Private,Neutral,5,0,High School,Near,0,72,1
17,74,-1.0,1,1,8,87,1,1,4,Low,Low,Public,Positive,3,0,College,Near,1,67,0
15,66,-1.0,2,0,6,80,1,0,1,Low,Medium,Private,Neutral,1,0,College,Near,1,61,0
23,94,-1.0,1,0,8,100,1,0,0,Low,Medium,Public,Neutral,3,0,Postgraduate,Near,1,69,1
12,72,-1.0,0,1,6,72,2,1,2,Low,High,Private,Negative,2,0,High School,Moderate,0,61,0
31,86,-1.0,2,1,6,66,1,1,3,Medium,Medium,Public,Positive,3,0,College,Moderate,1,75,1
27,83,-1.0,0,0,5,60,1,1,0,High,Low,Public,Neutral,2,0,College,Moderate,0,68,1
17,79,-1.0,0,1,6,75,0,1,1,Medium,High,Public,Neutral,4,0,High School,Near,1,65,2
10,80,-1.0,1,1,6,93,2,1,4,Medium,High,Public,Negative,3,0,College,Moderate,0,67,0
28,89,-1.0,2,1,10,97,2,1,3,Medium,Low,Public,Negative,6,0,High School,Near,0,75,0
19,64,-1.0,1,0,6,99,1,1,1,Medium,Medium,Public,Positive,3,0,College,Near,1,64,0
27,87,-1.0,1,0,8,77,1,1,1,Low,High,Public,Neutral,4,0,High School,Moderate,1,70,1
10,96,-1.0,2,0,6,80,1,0,0,Medium,Medium,Public,Neutral,4,0,High School,Moderate,0,67,1
16,62,-1.0,1,1,7,79,0,1,2,Medium,Medium,Public,Neutral,3,0,High School,Near,1,63,2
20,66,-1.0,2,0,7,73,1,1,1,Medium,Medium,Public,Negative,4,0,College,Near,0,65,0
20,89,-1.0,1,1,4,58,1,1,1,Medium,Medium,Public,Positive,3,0,High School,Far,0,67,1
17,77,-1.0,2,1,5,53,1,1,2,High,Medium,Public,Neutral,3,0,College,Near,1,86,0
24,76,-1.0,2,0,6,72,2,1,3,Medium,High,Public,Neutral,3,1,High School,Moderate,0,67,0
14,65,-1.0,1,0,5,59,0,1,1,High,Medium,Public,Positive,4,0,Postgraduate,Far,1,63,2
19,80,-1.0,1,0,7,94,1,1,0,Medium,Low,Public,Neutral,3,0,College,Moderate,0,66,0
21,65,-1.0,2,0,7,88,0,1,2,Low,Medium,Private,Neutral,1,0,College,Near,1,65,2
23,79,-1.0,1,0,5,81,1,1,1,Medium,Medium,Private,Neutral,3,0,High School,Near,0,67,0
24,91,-1.0,1,0,7,52,0,1,0,High,High,Public,Neutral,4,0,College,Near,1,69,1
13,70,-1.0,2,0,6,81,1,1,2,Medium,Low,Public,Positive,2,0,Postgraduate,Near,1,66,0
11,79,-1.0,1,1,7,81,1,1,1,High,Medium,Public,Neutral,2,0,High School,Moderate,1,64,0
28,100,-1.0,0,1,6,72,1,1,1,Low,Medium,Public,Negative,2,0,Postgraduate,Near,0,73,1
22,87,-1.0,1,0,8,83,0,1,1,Low,Medium,Public,Neutral,1,0,College,Far,1,66,1
16,94,-1.0,1,0,9,93,0,1,1,Low,Medium,Public,Negative,4,0,Postgraduate,Near,0,68,1
29,77,-1.0,0,1,8,88,0,1,0,Medium,High,Public,Positive,4,0,College,Moderate,1,70,2
21,91,-1.0,1,0,9,74,1,1,2,Low,Low,Private,Negative,2,0,College,Near,0,69,1
27,62,-1.0,2,1,5,63,0,1,4,High,Medium,Public,Negative,4,0,High School,Near,0,67,2
20,65,-1.0,0,0,6,74,0,1,0,Medium,Medium,Private,Positive,3,0,College,Moderate,1,62,2
32,68,-1.0,0,0,8,97,2,1,1,Low,Medium,Public,Positive,2,0,High School,Near,1,68,0
31,76,-1.0,2,1,9,91,1,1,1,Low,Medium,Private,Neutral,4,0,Postgraduate,Near,1,72,0
19,94,-1.0,1,0,8,51,1,1,3,Medium,Low,Private,Positive,5,0,Postgraduate,Near,1,69,1
26,74,-1.0,0,0,5,89,0,1,3,High,High,Private,Negative,2,0,High School,Near,1,66,2
24,86,-1.0,2,0,6,59,1,1,1,Low,Medium,Public,Positive,3,0,High School,Moderate,0,70,1
28,88,-1.0,1,0,8,79,1,1,0,Medium,Medium,Public,Positive,3,0,High School,Far,1,71,1
14,83,-1.0,1,1,7,90,1,1,0,Low,Low,Public,Negative,3,0,College,Near,0,65,1
24,74,-1.0,1,1,6,78,1,1,3,Low,High,Public,Positive,3,0,College,Near,0,70,0
26,83,-1.0,0,0,7,70,2,0,2,Medium,High,Public,Negative,4,1,High School,Moderate,1,65,0
9,74,-1.0,2,0,7,66,0,1,1,High,High,Private,Neutral,3,0,High School,Far,0,62,2
13,63,-1.0,1,1,5,65,1,1,2,High,Medium,Private,Neutral,2,0,High School,Far,1,62,0
8,100,-1.0,1,1,8,92,1,1,1,Medium,High,Public,Neutral,3,0,Postgraduate,Moderate,0,70,1
18,65,-1.0,2,1,6,91,1,0,5,Low,Medium,Private,Neutral,3,0,College,Near,1,66,0
24,63,-1.0,0,1,7,91,0,1,4,Low,Medium,Private,Positive,4,0,High School,Near,0,67,2
29,95,-1.0,0,0,9,64,1,1,1,Medium,High,Public,Positive,3,0,High School,Near,0,72,1
20,72,-1.0,0,1,7,90,0,1,0,Low,High,Private,Negative,3,0,Postgraduate,Near,0,66,2
30,86,-1.0,0,1,8,52,1,1,2,Medium,Medium,Public,Negative,2,1,College,Moderate,0,68,2
12,73,-1.0,1,0,5,60,1,1,1,Low,Medium,Public,Negative,4,0,High School,Moderate,1,62,0
10,76,-1.0,1,1,8,76,1,1,2,High,High,Private,Positive,3,1,Postgraduate,Moderate,1,64,2
20,70,-1.0,1,0,8,70,1,1,0,Low,Medium,Public,Neutral,5,0,Postgraduate,Near,0,65,0
22,74,-1.0,0,1,6,56,0,1,4,Medium,High,Public,Negative,3,0,Postgraduate,Moderate,1,66,2
20,76,-1.0,0,0,7,52,1,1,2,Low,High,Private,Neutral,3,0,High School,Near,0,64,0
8,89,-1.0,2,1,7,81,0,1,4,Low,Medium,Public,Neutral,3,0,College,Near,1,67,1
19,80,-1.0,1,1,7,66,0,1,4,Medium,Medium,Public,Negative,4,0,College,Near,0,69,2
12,98,-1.0,1,1,8,51,1,1,0,Medium,Low,Public,Positive,5,0,Postgraduate,Moderate,1,68,1
24,62,-1.0,1,0,6,72,2,1,2,Low,Low,Public,Neutral,4,0,High School,Near,1,64,0
22,80,-1.0,1,1,7,65,1,1,2,High,Medium,Private,Neutral,2,0,High School,Moderate,0,68,1
14,83,-1.0,0,1,9,79,1,1,1,Medium,Low,Public,Positive,3,0,High School,Near,1,64,1
17,97,-1.0,2,0,9,96,2,1,0,High,Medium,Public,Negative,1,0,Postgraduate,Near,1,71,1
14,62,-1.0,2,1,8,65,0,1,3,Low,Medium,Public,Negative,2,0,High School,Far,1,61,2
20,83,-1.0,1,0,7,100,1,1,4,Low,Medium,Public,Negative,3,0,College,Near,1,68,1
26,94,-1.0,1,1,10,54,0,1,2,High,Medium,Public,Neutral,5,0,College,Near,1,73,1
14,70,-1.0,1,1,9,54,1,0,3,Medium,Medium,Public,Positive,1,0,College,Near,1,64,0
23,95,-1.0,1,1,7,86,1,1,3,Low,Medium,Public,Positive,4,1,Postgraduate,Far,1,72,2
17,61,-1.0,1,1,7,87,2,1,5,Medium,Medium,Public,Neutral,3,0,High School,Near,1,65,0
15,89,-1.0,1,1,6,71,1,1,1,Medium,High,Public,Positive,4,0,High School,Near,0,68,1
19,97,-1.0,0,1,8,64,1,1,2,Low,High,Public,Positive,3,0,High School,Near,1,71,1
14,86,-1.0,0,1,8,90,1,0,3,Medium,High,Public,Negative,3,1,Postgraduate,Near,1,65,2
17,78,-1.0,1,0,8,98,0,1,2,Medium,Medium,Private,Positive,2,0,High School,Near,1,66,2
13,62,-1.0,2,0,7,99,1,1,4,Medium,Low,Public,Positive,1,0,Postgraduate,Moderate,0,63,0
32,97,-1.0,2,0,5,82,1,1,1,Medium,Medium,Public,Neutral,3,0,High School,Moderate,1,74,1
20,79,-1.0,0,1,7,87,0,0,2,Medium,High,Private,Neutral,4,1,High School,Near,0,66,2
16,61,-1.0,0,0,8,91,2,1,2,Medium,High,Public,Neutral,3,0,College,Moderate,1,63,0
21,88,-1.0,1,1,6,90,2,1,2,High,Medium,Private,Neutral,4,0,High School,Moderate,1,72,1
19,79,-1.0,2,0,7,100,0,1,1,High,High,Public,Positive,2,0,College,Far,0,69,2
19,65,-1.0,2,1,9,91,1,1,1,Medium,High,Public,Positive,4,0,College,Near,1,67,0
24,69,-1.0,2,0,5,83,0,1,3,Low,Medium,Private,Neutral,3,0,High School,Near,1,66,2
25,63,-1.0,1,0,7,69,1,1,0,Low,High,Private,Negative,5,0,High School,Moderate,0,64,0
17,83,-1.0,1,0,9,80,1,1,4,Medium,High,Public,Negative,2,0,College,Near,0,67,1
17,85,-1.0,0,0,7,94,2,1,4,Low,Medium,Public,Positive,3,0,College,Near,0,69,0
18,80,-1.0,0,1,6,65,1,1,2,Low,High,Public,Negative,2,0,College,Near,0,65,1
6,93,-1.0,1,0,7,52,2,1,0,Medium,Medium,Public,Neutral,2,0,College,Near,0,64,1
11,94,-1.0,0,1,8,66,2,0,1,High,Low,Public,Neutral,4,0,High School,Near,0,65,1
28,85,-1.0,2,1,7,98,1,1,2,Low,High,Private,Positive,1,1,High School,Near,1,72,2
30,61,-1.0,2,1,8,90,1,1,2,Low,High,Public,Negative,2,0,High School,Moderate,0,66,0
19,88,-1.0,0,0,7,59,1,1,2,Low,Medium,Public,Neutral,3,0,College,Near,0,66,1
23,77,-1.0,2,1,7,51,1,1,1,Low,Low,Private,Positive,3,0,College,Moderate,1,67,0
22,83,-1.0,1,1,8,83,2,1,1,High,Medium,Private,Negative,3,1,Postgraduate,Moderate,1,69,0
38,86,-1.0,2,1,7,79,0,1,3,Low,Medium,Public,Negative,3,0,High School,Near,1,73,1
27,74,-1.0,2,0,6,54,1,1,3,Medium,Medium,Public,Neutral,3,0,College,Near,0,69,0
19,97,-1.0,0,0,8,98,1,1,1,Low,Medium,Private,Neutral,4,1,High School,Near,1,68,2
14,65,-1.0,1,1,7,81,1,1,1,Low,Medium,Public,Positive,3,0,High School,Moderate,0,61,0
10,87,-1.0,0,1,6,83,1,0,0,Low,Medium,Public,Positive,4,0,High School,Near,1,63,1
21,60,-1.0,2,1,8,93,0,1,0,Low,Medium,Public,Positive,2,0,High School,Far,0,63,2
15,97,-1.0,1,1,9,67,1,1,1,Low,High,Public,Neutral,2,0,College,Near,1,68,1
11,65,-1.0,2,0,7,78,1,1,2,Low,Medium,Public,Neutral,3,0,Postgraduate,Near,0,63,0
16,64,-1.0,1,1,7,79,1,1,3,Medium,Medium,Private,Positive,4,1,Postgraduate,Near,0,66,2
14,73,-1.0,1,1,5,98,1,1,2,Low,Medium,Public,Negative,4,0,High School,Moderate,0,65,0
30,75,-1.0,2,0,7,57,2,1,0,Low,Medium,Public,Neutral,1,1,College,Near,0,68,0
25,69,-1.0,1,1,7,88,2,1,0,Low,Medium,Public,Negative,4,0,College,Near,0,66,0
20,83,-1.0,0,0,7,79,0,0,2,Medium,Medium,Public,Positive,5,0,Postgraduate,Moderate,1,66,2
29,78,-1.0,1,0,6,92,1,1,2,Low,Medium,Private,Negative,4,0,High School,Near,1,70,0
20,61,-1.0,0,1,8,92,1,1,0,Medium,Medium,Public,Negative,2,0,High School,Near,0,61,0
15,73,-1.0,0,1,7,51,1,1,2,Low,High,Private,Negative,3,0,High School,Moderate,1,61,0
29,92,-1.0,1,1,10,63,2,1,1,Low,High,Private,Negative,4,0,High School,Moderate,1,71,1
23,88,-1.0,1,1,7,59,1,1,1,Medium,Medium,Public,Negative,2,0,High School,Near,1,67,1
14,89,-1.0,2,1,4,73,1,1,2,Medium,High,Public,Negative,3,0,College,Near,1,70,1
19,88,-1.0,1,0,5,95,1,1,2,Low,Medium,Private,Negative,4,0,College,Moderate,1,69,1
15,72,-1.0,2,0,8,50,1,1,2,Medium,Medium,Public,Neutral,4,0,High School,Near,0,65,0
12,64,-1.0,0,1,6,74,2,1,0,Medium,Medium,Public,Positive,2,0,High School,Moderate,1,61,0
26,71,-1.0,0,0,6,94,0,1,3,Low,Medium,Public,Positive,4,0,Postgraduate,Near,1,68,2
31,93,-1.0,0,1,5,96,1,1,2,Low,Medium,Public,Positive,2,0,High School,Near,1,74,1
12,99,-1.0,1,0,6,83,0,1,1,Medium,Medium,Public,Negative,3,0,High School,Near,0,67,1
23,80,-1.0,1,1,7,91,0,1,5,High,Medium,Public,Negative,1,0,High School,Near,0,70,2
16,60,-1.0,1,1,8,66,0,1,1,High,High,Private,Neutral,2,1,High School,Moderate,0,59,2
17,66,-1.0,2,0,5,64,0,1,0,Medium,High,Private,Neutral,2,0,College,Near,1,64,2
16,73,-1.0,1,1,8,52,1,1,2,Medium,High,Public,Positive,4,0,College,Near,0,66,0
15,83,-1.0,0,1,5,75,1,1,1,Medium,Medium,Public,Neutral,3,0,High School,Far,0,63,1
20,63,-1.0,0,1,8,73,0,1,0,High,Medium,Public,Neutral,3,0,College,Near,0,61,2
15,98,-1.0,2,1,8,69,0,1,2,Low,Medium,Public,Neutral,4,0,High School,Moderate,0,68,1
22,75,-1.0,1,0,6,56,0,1,3,Medium,Medium,Private,Positive,3,0,High School,Far,1,65,2
20,97,-1.0,2,0,5,62,1,1,1,Medium,Medium,Private,Neutral,4,0,High School,Far,1,69,1
19,91,-1.0,0,1,8,60,1,1,2,Low,Medium,Private,Neutral,4,0,High School,Moderate,1,68,1
15,90,-1.0,0,1,6,97,0,1,2,High,High,Public,Positive,2,0,High School,Near,1,69,1
17,84,-1.0,0,1,7,98,2,1,1,Low,High,Public,Neutral,2,0,College,Far,0,67,0
25,85,-1.0,2,0,8,50,2,1,1,High,Medium,Public,Neutral,1,0,College,Moderate,0,70,0
23,86,-1.0,1,1,8,59,0,1,1,Low,Medium,Public,Neutral,3,0,Postgraduate,Moderate,0,68,2
14,85,-1.0,1,0,6,94,0,1,0,High,Medium,Public,Positive,4,0,College,Near,1,67,2
21,82,-1.0,1,0,7,52,1,1,4,Low,Medium,Public,Neutral,3,0,High School,Far,1,67,1
25,99,-1.0,1,1,6,97,2,1,0,Medium,Medium,Public,Positive,3,0,College,Moderate,1,75,1
10,89,-1.0,0,1,8,69,0,1,3,Low,Medium,Public,Negative,4,0,College,Moderate,1,63,1
23,91,-1.0,1,0,9,77,2,1,1,Low,Medium,Public,Positive,5,0,High School,Near,1,70,1
16,95,-1.0,0,1,6,88,0,1,2,High,High,Public,Positive,4,0,High School,Near,0,70,1
23,69,-1.0,2,1,7,62,1,1,1,Medium,Medium,Public,Neutral,4,1,High School,Far,1,64,2
15,63,-1.0,0,0,8,55,0,1,0,Medium,Low,Public,Neutral,3,0,College,Near,0,59,2
9,79,-1.0,0,0,7,90,2,1,1,High,Low,Public,Neutral,3,0,High School,Near,1,63,0
10,81,-1.0,1,1,8,99,1,0,2,Medium,Medium,Public,Positive,4,0,Postgraduate,Moderate,0,67,0
20,93,-1.0,2,1,7,83,1,1,0,Medium,Medium,Private,Negative,2,1,High School,Near,1,68,2
22,78,-1.0,1,1,5,91,0,1,0,Medium,High,Private,Negative,3,0,Postgraduate,Near,1,68,2
15,83,-1.0,1,0,7,97,1,1,2,Low,High,Private,Neutral,2,0,High School,Near,0,97,1
24,81,-1.0,0,0,9,61,1,1,1,Low,Low,Public,Positive,4,0,College,Near,0,66,0
10,62,-1.0,0,0,7,68,2,1,3,Medium,Medium,Public,Neutral,3,0,Postgraduate,Near,1,61,0
20,85,-1.0,1,0,9,61,2,1,2,High,Medium,Public,Positive,3,0,College,Near,1,70,0
13,93,-1.0,0,1,4,53,2,1,1,Medium,Low,Public,Positive,1,0,Postgraduate,Near,1,65,1
16,66,-1.0,1,1,8,87,2,1,3,Medium,Medium,Public,Positive,2,0,High School,Moderate,0,64,0
20,84,-1.0,2,1,6,57,2,1,2,Medium,Medium,Public,Positive,4,0,High School,Far,0,69,0
15,84,-1.0,2,0,6,55,0,1,1,Medium,Medium,Private,Negative,2,0,High School,Near,1,64,1
18,67,-1.0,0,1,9,68,0,1,2,Low,High,Private,Negative,2,0,Postgraduate,Near,1,61,2
26,65,-1.0,1,0,7,53,0,1,3,High,Medium,Public,Positive,2,0,High School,Near,0,64,2
17,99,-1.0,2,0,6,59,1,1,0,Medium,Medium,Public,Neutral,3,0,High School,Moderate,1,68,1
25,76,-1.0,2,0,8,53,2,1,1,High,High,Public,Positive,3,1,High School,Far,0,67,0
13,69,-1.0,0,0,4,94,1,1,3,Low,Low,Public,Positive,3,1,High School,Near,1,62,2
23,67,-1.0,1,1,9,89,1,1,2,Low,High,Public,Neutral,2,0,High School,Near,0,66,0
29,87,-1.0,2,1,10,93,2,1,1,Low,Medium,Public,Neutral,4,0,High School,Moderate,1,72,0
5,84,-1.0,1,1,8,93,2,1,4,High,High,Public,Positive,3,0,College,Moderate,1,68,0
15,86,-1.0,2,1,8,97,1,1,4,High,Medium,Public,Positive,3,0,High School,Near,1,71,1
23,64,-1.0,1,1,7,59,2,1,3,Medium,Medium,Public,Positive,2,0,High School,Moderate,0,65,0
19,96,-1.0,0,1,5,95,0,0,2,Medium,Low,Private,Neutral,3,0,High School,Moderate,0,68,1
22,76,-1.0,0,0,9,76,1,1,2,Low,High,Public,Neutral,5,0,High School,Far,0,65,0
16,73,-1.0,0,1,8,58,1,1,1,Medium,Medium,Public,Neutral,4,0,High School,Near,0,64,0
21,78,-1.0,0,0,8,83,1,1,2,Medium,Medium,Public,Positive,4,1,High School,Far,1,65,2
19,76,-1.0,2,1,8,66,0,1,0,Low,High,Private,Negative,4,1,High School,Near,1,65,2
27,95,-1.0,1,0,7,52,2,1,3,Medium,High,Private,Negative,3,0,College,Moderate,0,73,1
22,97,-1.0,2,1,6,54,1,1,1,Low,High,Public,Positive,3,0,Postgraduate,Near,1,72,1
22,72,-1.0,1,1,10,71,1,1,1,Medium,Medium,Private,Negative,1,0,College,Near,1,64,0
18,95,-1.0,1,1,7,91,0,1,0,Low,Medium,Public,Positive,4,1,Postgraduate,Moderate,1,69,2
17,91,-1.0,1,0,6,66,2,1,1,High,Medium,Private,Positive,3,0,High School,Near,1,69,1
17,97,-1.0,2,1,9,88,1,0,0,Medium,Medium,Public,Positive,2,0,High School,Near,1,70,1
22,70,-1.0,1,0,7,53,0,1,1,Low,Medium,Public,Positive,3,0,High School,Near,0,83,2
17,83,-1.0,1,0,7,70,0,1,3,Low,Medium,Private,Neutral,5,0,Postgraduate,Near,0,68,2
22,71,-1.0,2,1,9,56,2,1,1,Low,High,Public,Neutral,3,1,College,Near,0,84,0
32,93,-1.0,1,1,8,93,2,1,1,Medium,High,Public,Negative,3,0,Postgraduate,Far,0,75,1
25,60,-1.0,2,0,8,98,1,1,1,Medium,Medium,Public,Neutral,5,0,Postgraduate,Near,0,67,0
18,83,-1.0,2,1,5,66,1,1,0,High,Medium,Private,Positive,4,0,Postgraduate,Near,1,69,1
27,74,-1.0,1,0,8,99,2,0,3,Medium,Medium,Public,Positive,4,0,High School,Near,1,71,0
18,73,-1.0,0,1,5,88,1,1,1,Medium,Medium,Public,Positive,5,0,College,Near,0,66,0
8,86,-1.0,2,0,6,50,2,1,1,Medium,Medium,Public,Positive,2,0,College,Near,1,65,1
14,94,-1.0,1,0,7,74,1,1,1,High,Medium,Private,Positive,5,0,College,Near,1,70,1
9,84,-1.0,0,0,7,92,2,1,1,Low,High,Public,Negative,4,0,Postgraduate,Near,1,66,0
18,94,-1.0,1,1,8,77,1,1,3,Medium,High,Public,Positive,4,0,Postgraduate,Near,1,74,1
20,71,-1.0,1,0,8,77,1,1,0,High,High,Private,Neutral,4,0,High School,Moderate,1,66,0
30,81,-1.0,2,0,8,72,0,1,0,Low,Medium,Public,Neutral,2,0,High School,Moderate,1,68,2
22,78,-1.0,2,1,5,70,1,1,2,Low,Medium,Public,Positive,1,0,College,Near,1,68,1
19,60,-1.0,2,0,10,51,1,1,0,Medium,Medium,Public,Positive,3,1,College,Near,0,62,2
25,82,-1.0,2,1,7,81,1,1,2,Medium,Medium,Private,Neutral,2,0,Postgraduate,Moderate,1,71,1
7,86,-1.0,0,0,9,88,1,1,2,Low,Medium,Public,Negative,2,0,College,Near,0,63,1
21,84,-1.0,2,0,4,90,1,1,2,Medium,Low,Public,Neutral,3,0,High School,Far,1,69,1
25,89,-1.0,1,1,7,81,2,1,3,Medium,Medium,Public,Negative,0,0,College,Near,1,71,1
11,83,-1.0,0,1,5,67,1,1,1,Medium,Medium,Public,Positive,2,0,Postgraduate,Near,1,66,1
27,63,-1.0,2,0,6,51,0,1,0,Low,Medium,Public,Positive,2,0,Postgraduate,Moderate,1,64,2
22,65,-1.0,1,1,7,95,0,1,3,Low,Medium,Public,Positive,2,0,High School,Moderate,0,65,2
18,84,-1.0,2,0,6,71,1,1,4,Medium,Low,Public,Positive,2,0,High School,Near,0,69,1
24,71,-1.0,0,0,9,80,1,1,2,Medium,High,Private,Positive,3,0,High School,Near,0,66,0
34,63,-1.0,2,1,10,60,0,1,1,Medium,Medium,Public,Negative,4,0,High School,Near,0,67,2
21,77,-1.0,0,1,6,57,1,1,4,Low,Medium,Public,Negative,5,0,High School,Far,1,65,0
21,82,-1.0,0,1,6,54,2,1,3,Low,Medium,Public,Negative,2,0,College,Moderate,1,65,0
17,73,-1.0,1,0,5,90,2,1,1,Low,Medium,Private,Positive,4,0,High School,Near,1,67,0
15,89,-1.0,1,1,9,82,0,1,1,Medium,Medium,Public,Neutral,3,0,College,Near,1,66,1
25,86,-1.0,1,1,7,81,0,1,1,High,Low,Public,Positive,1,0,High School,Near,1,69,1
15,73,-1.0,2,0,7,96,0,1,1,Low,Medium,Public,Negative,2,0,College,Near,1,64,2
20,90,-1.0,1,1,7,58,2,1,1,High,High,Private,Neutral,4,0,High School,Near,1,70,1
17,86,-1.0,1,1,7,59,0,1,3,Low,Medium,Public,Positive,3,0,Postgraduate,Moderate,1,68,1
23,85,-1.0,0,1,6,59,0,1,1,Medium,Medium,Public,Negative,1,0,Postgraduate,Near,1,68,1
22,82,-1.0,1,1,7,71,0,1,1,High,Medium,Private,Positive,3,0,High School,Near,0,69,2
26,60,-1.0,1,1,7,94,2,1,3,High,Medium,Public,Positive,2,0,High School,Moderate,0,68,0
17,88,-1.0,1,1,8,94,1,1,5,Medium,Medium,Public,Neutral,2,1,College,Near,0,70,2
18,75,-1.0,1,1,5,80,1,1,2,Low,High,Public,Neutral,3,0,High School,Near,0,67,0
14,98,-1.0,2,1,7,83,1,0,3,Low,Medium,Public,Positive,3,0,College,Near,1,72,1
17,93,-1.0,0,0,6,95,1,1,1,Low,Medium,Public,Neutral,4,0,High School,Near,1,69,1
22,84,-1.0,1,0,7,81,1,1,1,Medium,Low,Private,Positive,3,0,High School,Moderate,1,69,1
25,70,-1.0,1,1,8,61,0,0,3,Low,Medium,Public,Positive,4,0,College,Moderate,0,64,2
14,68,-1.0,1,1,6,85,1,1,2,Medium,Medium,Public,Neutral,3,0,High School,Near,0,63,0
25,74,-1.0,2,1,9,88,1,1,3,Medium,High,Public,Neutral,3,1,High School,Near,1,70,2
28,79,-1.0,1,1,4,82,1,1,0,Medium,Medium,Private,Positive,3,0,High School,Near,1,70,0
22,72,-1.0,1,1,9,64,0,1,1,Medium,Medium,Public,Negative,2,0,College,Near,0,66,2
31,81,-1.0,1,0,9,70,0,1,1,Low,Medium,Public,Neutral,4,0,Postgraduate,Near,0,70,2
15,67,-1.0,2,1,6,74,2,1,0,High,Medium,Public,Positive,2,0,Postgraduate,Near,0,66,0
13,99,-1.0,1,1,6,57,1,1,1,Low,Medium,Public,Negative,5,0,College,Near,1,68,1
9,64,-1.0,1,0,5,73,1,1,1,Medium,Medium,Public,Positive,4,0,College,Near,1,61,0
29,97,-1.0,1,0,8,58,1,1,1,High,Medium,Private,Negative,4,0,College,Moderate,0,72,1
24,97,-1.0,0,0,7,75,0,1,1,Medium,Medium,Public,Negative,2,0,High School,Moderate,0,69,1
20,81,-1.0,0,1,6,53,0,1,0,Medium,Low,Public,Neutral,4,0,High School,Far,0,63,2
22,89,-1.0,2,1,5,97,1,1,2,Medium,Medium,Private,Neutral,5,0,High School,Near,1,72,1
13,77,-1.0,1,1,10,62,1,1,1,High,Medium,Private,Neutral,4,0,College,Moderate,1,65,0
35,85,-1.0,2,1,6,73,2,1,1,High,Medium,Public,Negative,5,0,High School,Moderate,0,74,0
21,74,-1.0,0,1,7,52,0,1,1,High,Medium,Public,Negative,4,0,High School,Far,1,62,2
21,72,-1.0,1,0,7,60,0,1,0,Low,Medium,Private,Neutral,4,0,Postgraduate,Near,1,65,2
24,83,-1.0,2,0,6,85,0,1,1,Low,High,Public,Neutral,4,0,High School,Moderate,0,68,2
23,80,-1.0,0,1,6,56,1,1,3,Medium,Medium,Public,Positive,2,1,High School,Near,1,66,2
21,83,-1.0,1,1,6,81,0,1,3,High,Medium,Public,Negative,4,0,Postgraduate,Moderate,1,71,2
15,71,-1.0,2,0,8,50,0,1,1,Medium,Medium,Public,Neutral,2,1,Postgraduate,Near,0,62,2
23,75,-1.0,2,1,6,73,0,1,1,Low,Medium,Public,Positive,2,0,High School,Moderate,0,65,2
31,63,-1.0,2,0,9,86,0,1,0,High,Medium,Public,Neutral,3,0,Postgraduate,Moderate,1,68,2
28,62,-1.0,2,0,6,96,1,1,4,Medium,High,Public,Positive,3,0,High School,Near,1,70,0
30,70,-1.0,1,0,8,75,1,1,1,Medium,High,Private,Positive,2,0,High School,Near,0,67,0
17,63,-1.0,1,0,4,92,1,1,2,Low,Medium,Public,Negative,4,0,High School,Near,0,63,0
14,64,-1.0,2,1,6,90,0,1,0,Low,High,Private,Negative,2,0,High School,Near,0,63,2
19,93,-1.0,2,0,6,65,1,1,0,Medium,High,Public,Neutral,3,0,High School,Near,1,69,1
20,62,-1.0,1,1,5,94,2,1,3,Medium,Medium,Public,Neutral,3,0,Postgraduate,Near,1,66,0
27,86,-1.0,1,1,7,82,0,1,2,Low,Medium,Public,Positive,3,0,High School,Moderate,0,70,1
10,71,-1.0,1,1,7,55,2,1,2,Low,High,Public,Positive,3,0,College,Near,0,63,0
29,95,-1.0,1,1,4,97,1,1,0,Medium,Medium,Private,Positive,4,1,College,Moderate,0,72,2
19,79,-1.0,1,1,10,59,0,1,1,Medium,Medium,Public,Neutral,3,1,College,Moderate,1,65,2
17,72,-1.0,2,1,7,74,0,1,2,High,Medium,Public,Positive,4,0,Postgraduate,Far,1,67,2
14,81,-1.0,1,1,7,73,0,0,1,High,Medium,Private,Positive,3,1,High School,Moderate,1,63,2
10,75,-1.0,1,0,9,81,1,1,3,Low,High,Public,Negative,5,0,High School,Near,0,65,0
25,83,-1.0,1,1,8,83,1,1,2,Low,Medium,Public,Neutral,1,1,High School,Moderate,0,67,2
20,65,-1.0,0,1,7,62,2,1,0,Medium,Medium,Public,Neutral,0,1,Postgraduate,Near,1,80,0
12,100,-1.0,1,1,4,68,1,1,2,Low,Medium,Public,Neutral,3,0,College,Far,1,68,1
12,77,-1.0,1,1,8,57,1,1,2,Low,High,Public,Negative,2,0,College,Moderate,1,63,0
18,74,-1.0,1,0,6,56,1,1,1,Medium,Medium,Private,Positive,3,0,College,Moderate,1,64,0
30,88,-1.0,1,0,9,91,1,1,3,Medium,Low,Public,Positive,3,0,High School,Near,0,73,1
18,75,-1.0,1,1,6,88,0,1,2,Medium,High,Public,Negative,1,1,Postgraduate,Near,0,66,2
11,93,-1.0,1,1,6,72,0,1,2,Low,Medium,Public,Negative,3,0,College,Moderate,1,66,1
19,78,-1.0,2,0,5,55,1,1,0,Medium,Medium,Public,Neutral,4,0,High School,Moderate,1,66,0
18,89,-1.0,2,1,5,72,0,1,4,Medium,Low,Public,Neutral,2,0,High School,Near,0,69,1
4,64,-1.0,2,1,7,65,1,1,1,Medium,High,Public,Negative,4,0,High School,Far,1,59,0
20,94,-1.0,1,0,7,89,1,1,0,Low,Medium,Private,Neutral,1,0,High School,Near,1,68,1
19,89,-1.0,1,0,6,55,1,1,1,Low,Medium,Private,Neutral,3,0,Postgraduate,Moderate,0,67,1
24,68,-1.0,1,1,10,73,0,1,1,Medium,Medium,Public,Neutral,4,1,High School,Moderate,0,64,2
31,66,-1.0,2,1,8,80,0,1,0,Low,Low,Private,Negative,4,0,High School,Near,0,65,2
27,73,-1.0,1,0,7,99,0,1,1,Low,Medium,Public,Positive,4,0,College,Near,1,68,2
18,99,-1.0,2,1,4,54,0,1,0,Medium,Medium,Public,Positive,3,0,Postgraduate,Moderate,1,70,1
13,70,-1.0,1,0,8,56,1,1,2,Medium,High,Public,Neutral,0,0,High School,Near,1,62,0
35,78,-1.0,0,1,10,99,1,1,1,Low,Medium,Private,Positive,2,0,High School,Near,1,72,0
20,61,-1.0,0,1,7,70,0,1,1,Medium,Medium,Private,Positive,4,0,High School,Moderate,0,62,2
20,76,-1.0,2,1,6,87,0,1,1,Low,Medium,Public,Negative,4,0,Postgraduate,Moderate,1,68,2
20,83,-1.0,1,0,7,89,1,1,3,Low,High,Private,Negative,4,0,High School,Near,0,69,1
21,98,-1.0,1,0,5,66,0,1,3,High,High,Public,Positive,5,0,High School,Near,1,73,1
19,81,-1.0,2,0,8,61,0,1,3,Medium,Medium,Private,Negative,5,0,Postgraduate,Near,1,69,2
17,93,-1.0,1,1,9,64,1,1,1,Medium,Medium,Public,Neutral,3,0,High School,Moderate,0,67,1
17,82,-1.0,0,0,6,88,0,1,2,Low,Low,Private,Neutral,3,0,Postgraduate,Near,1,65,2
20,62,-1.0,0,0,6,92,2,1,2,Medium,Medium,Public,Positive,3,0,Postgraduate,Moderate,1,63,0
17,73,-1.0,1,1,7,85,1,1,2,Low,Medium,Public,Positive,2,0,High School,Moderate,1,66,0
16,83,-1.0,1,0,6,72,1,1,1,Low,High,Public,Positive,2,0,College,Near,1,66,1
21,98,-1.0,2,0,5,63,0,1,0,Low,High,Public,Neutral,2,0,Postgraduate,Near,1,70,1
18,94,-1.0,1,0,6,71,0,1,2,High,Medium,Public,Neutral,3,0,Postgraduate,Far,1,69,1
29,69,-1.0,2,0,6,96,0,1,1,High,Medium,Public,Positive,4,0,High School,Near,0,70,2
4,69,-1.0,0,0,9,93,0,0,2,Medium,High,Private,Negative,3,0,High School,Moderate,0,58,2
27,68,-1.0,1,0,9,66,1,1,3,High,Medium,Private,Positive,3,0,High School,Far,1,67,0
27,97,-1.0,2,1,9,66,0,1,1,Low,Medium,Public,Positive,3,0,High School,Far,1,73,1
8,94,-1.0,0,0,8,89,2,1,0,Medium,Medium,Public,Neutral,2,0,High School,Near,0,66,1
18,91,-1.0,2,1,7,71,2,1,0,Medium,Medium,Public,Neutral,3,0,High School,Near,1,70,1
18,76,-1.0,2,0,6,79,1,1,1,Medium,Medium,Private,Positive,2,0,Postgraduate,Far,0,67,0
12,80,-1.0,0,0,9,71,2,1,1,Low,Low,Private,Positive,3,1,High School,Moderate,0,60,0
15,79,-1.0,1,0,8,62,0,1,1,Low,Low,Public,Positive,3,0,College,Near,1,65,2
13,70,-1.0,1,0,5,59,1,1,0,Medium,High,Private,Positive,2,0,Postgraduate,Near,0,63,0
31,80,-1.0,2,1,6,57,0,1,1,Medium,High,Private,Positive,3,0,High School,Near,0,72,2
26,61,-1.0,1,1,5,51,2,1,0,Low,Medium,Private,Neutral,5,0,High School,Moderate,0,62,0
28,65,-1.0,1,1,4,64,1,1,6,Medium,High,Public,Neutral,3,0,Postgraduate,Near,1,70,0
24,95,-1.0,0,1,8,59,1,1,2,Low,High,Public,Negative,1,0,College,Moderate,1,70,1
13,90,-1.0,1,0,5,63,1,1,0,Low,Medium,Public,Neutral,4,0,High School,Moderate,0,64,1
17,77,-1.0,1,1,6,54,0,1,3,Low,Medium,Public,Neutral,4,0,High School,Moderate,1,64,2
23,81,-1.0,0,1,7,67,1,1,0,Medium,High,Private,Positive,5,0,High School,Moderate,0,67,0
13,75,-1.0,2,1,7,76,2,1,1,Medium,High,Public,Negative,1,0,High School,Moderate,1,64,0
24,90,-1.0,1,1,6,97,0,1,1,High,High,Public,Positive,4,0,High School,Near,1,72,1
19,91,-1.0,0,0,9,67,1,1,0,Medium,Medium,Private,Negative,3,0,College,Near,0,66,1
18,91,-1.0,1,0,5,52,1,1,2,Medium,Medium,Public,Negative,4,0,High School,Moderate,0,66,1
24,89,-1.0,2,1,5,68,1,1,0,Low,High,Public,Positive,2,0,Postgraduate,Near,0,71,1
23,68,-1.0,0,0,8,91,1,1,5,Low,Medium,Public,Negative,5,0,Postgraduate,Near,0,66,0
18,74,-1.0,0,1,6,67,2,1,2,Low,High,Public,Neutral,2,0,High School,Near,1,64,0
27,79,-1.0,0,0,6,65,0,1,0,Medium,Medium,Private,Negative,2,0,College,Near,1,66,2
14,73,-1.0,0,1,5,96,0,1,1,Low,Medium,Public,Negative,3,0,High School,Moderate,0,62,2
24,90,-1.0,1,0,8,65,1,1,4,Low,Medium,Public,Neutral,4,0,High School,Moderate,1,70,1
24,73,-1.0,1,1,7,99,1,1,3,Medium,High,Private,Neutral,3,0,High School,Near,0,69,0
18,66,-1.0,1,0,7,92,1,1,2,Low,Medium,Private,Neutral,4,0,High School,Moderate,1,65,0
22,76,-1.0,1,1,6,84,2,1,2,Medium,High,Public,Neutral,3,0,High School,Near,1,70,0
12,99,-1.0,2,1,6,80,1,0,0,High,Medium,Public,Positive,3,0,High School,Moderate,1,70,1
26,69,-1.0,1,1,7,61,1,1,1,High,High,Public,Positive,2,0,College,Near,1,67,0
19,84,-1.0,2,1,8,87,0,1,2,Low,High,Public,Positive,3,0,High School,Moderate,0,69,2
17,77,-1.0,1,0,9,67,0,1,0,Low,High,Public,Neutral,5,1,High School,Near,0,62,2
26,63,-1.0,2,1,9,74,1,1,1,Low,Medium,Private,Positive,4,0,High School,Near,0,67,0
16,80,-1.0,1,0,8,55,2,0,0,Low,Medium,Public,Positive,6,0,College,Moderate,1,65,0
12,88,-1.0,1,0,8,65,1,1,0,Low,Medium,Public,Positive,4,0,High School,Near,1,65,1
11,81,-1.0,2,1,5,76,1,1,1,Low,Medium,Public,Neutral,3,0,Postgraduate,Far,1,65,1
24,95,-1.0,0,1,6,73,1,0,3,Low,Medium,Public,Positive,2,0,High School,Moderate,1,69,1
12,72,-1.0,1,0,8,67,0,1,4,Medium,Medium,Public,Neutral,4,0,High School,Near,1,63,2
31,63,-1.0,2,1,7,74,0,1,3,Medium,Medium,Public,Negative,2,0,College,Moderate,1,66,2
8,97,-1.0,2,1,8,87,1,1,0,Medium,Medium,Public,Positive,2,1,High School,Near,1,67,2
30,75,-1.0,1,0,8,73,2,1,1,Medium,Medium,Public,Negative,3,0,College,Near,1,69,0
21,83,-1.0,1,1,8,75,2,1,1,Low,High,Public,Neutral,2,0,High School,Far,1,67,0
19,92,-1.0,1,1,5,85,1,1,1,Medium,High,Private,Neutral,4,0,High School,Near,1,70,1
17,73,-1.0,2,1,7,92,1,1,2,High,Medium,Private,Negative,2,0,High School,Moderate,1,67,0
22,89,-1.0,1,0,6,76,1,1,2,Low,Medium,Public,Neutral,4,0,High School,Near,1,70,1
20,65,-1.0,2,1,6,97,1,1,0,Low,Low,Private,Negative,3,0,High School,Moderate,0,65,0
27,72,-1.0,0,0,4,68,1,0,0,Medium,High,Public,Negative,3,1,College,Near,1,63,2
21,66,-1.0,1,1,7,63,1,1,0,High,Medium,Public,Neutral,3,0,High School,Near,0,64,0
21,92,-1.0,1,1,4,85,0,1,1,High,Medium,Public,Negative,3,0,High School,Far,1,69,1
18,69,-1.0,1,0,8,59,0,0,1,Low,Medium,Public,Positive,4,0,High School,Near,0,60,2
20,89,-1.0,1,1,9,95,1,1,3,Low,Medium,Public,Positive,3,0,High School,Moderate,1,69,1
22,98,-1.0,0,1,8,69,1,1,4,High,Medium,Private,Positive,2,0,High School,Near,0,72,1
10,81,-1.0,0,1,7,85,0,1,1,Low,Medium,Public,Neutral,2,0,College,Near,1,63,2
12,82,-1.0,1,0,9,79,2,1,0,Low,Medium,Private,Positive,2,0,College,Moderate,0,63,0
24,78,-1.0,0,1,7,53,2,1,0,Medium,Medium,Public,Neutral,4,1,College,Near,1,66,0
21,73,-1.0,1,0,6,85,1,1,6,Medium,High,Public,Neutral,5,0,College,Near,1,70,0
19,79,-1.0,2,1,7,90,1,1,1,High,Medium,Public,Negative,4,0,College,Far,0,68,0
20,84,-1.0,1,1,10,99,0,1,2,Medium,Medium,Private,Positive,3,0,High School,Moderate,1,69,2
22,99,-1.0,1,1,5,71,2,1,0,Medium,High,Public,Neutral,4,0,College,Near,0,72,1
17,98,-1.0,2,0,5,75,0,1,1,Low,Low,Private,Positive,3,1,College,Near,1,67,2
15,94,-1.0,1,0,8,94,0,1,1,High,Medium,Public,Positive,4,0,High School,Moderate,1,68,1
21,96,-1.0,2,0,7,63,1,1,1,Medium,Medium,Private,Negative,2,0,Postgraduate,Far,0,70,1
14,79,-1.0,1,1,6,59,1,1,5,Medium,High,Public,Positive,3,0,Postgraduate,Far,1,68,1
22,86,-1.0,1,1,5,57,2,1,2,Medium,Medium,Public,Positive,3,0,College,Moderate,1,69,1
10,96,-1.0,1,0,4,99,1,1,1,Medium,Medium,Private,Negative,5,0,College,Near,0,68,1
26,76,-1.0,1,0,5,64,0,1,0,Medium,Medium,Public,Positive,5,0,College,Far,0,66,2
23,98,-1.0,1,0,9,88,2,1,1,Low,Medium,Public,Negative,4,0,Postgraduate,Moderate,0,72,1
22,77,-1.0,1,1,7,72,1,1,2,Medium,High,Public,Neutral,3,0,High School,Near,1,67,0
26,84,-1.0,2,0,4,62,1,0,3,High,High,Public,Positive,2,0,High School,Near,1,70,1
30,88,-1.0,1,1,9,96,1,1,1,Medium,High,Private,Neutral,3,1,High School,Near,1,73,2
26,98,-1.0,0,1,9,73,2,1,1,High,Low,Public,Neutral,6,0,Postgraduate,Moderate,1,73,1
9,70,-1.0,1,0,9,78,0,1,1,Medium,Low,Public,Neutral,2,0,High School,Near,0,60,2
12,90,-1.0,2,0,6,61,0,1,2,Medium,High,Public,Neutral,3,0,College,Near,1,67,1
16,81,-1.0,1,1,7,66,1,1,3,High,High,Private,Positive,4,0,High School,Near,1,69,1
20,71,-1.0,0,0,7,87,2,1,1,Medium,Medium,Public,Negative,5,0,High School,Near,1,65,0
23,91,-1.0,2,1,9,67,0,1,2,Low,Medium,Public,Neutral,4,0,High School,Near,0,70,1
16,82,-1.0,2,1,6,75,0,1,3,Medium,Medium,Public,Neutral,3,0,College,Moderate,0,68,2
21,86,-1.0,0,0,6,56,1,1,1,Low,High,Private,Negative,2,0,College,Near,0,66,1
15,73,-1.0,2,1,8,93,1,1,1,Low,High,Public,Positive,4,0,College,Far,1,65,0
16,79,-1.0,1,1,9,87,1,1,1,Low,Medium,Public,Neutral,2,0,College,Moderate,0,64,0
12,85,-1.0,2,1,7,88,2,1,1,Low,Medium,Public,Neutral,0,0,College,Far,0,67,1
14,76,-1.0,1,1,8,59,0,1,3,Medium,Medium,Private,Neutral,5,0,High School,Moderate,1,65,2
12,68,-1.0,2,1,7,75,1,1,1,Medium,Low,Private,Positive,4,0,High School,Near,1,64,0
14,98,-1.0,2,0,7,51,1,1,0,Medium,Low,Public,Positive,1,1,High School,Near,1,67,1
26,80,-1.0,0,1,6,66,1,1,2,High,Medium,Public,Neutral,4,0,Postgraduate,Near,1,70,0
14,89,-1.0,0,1,5,67,0,0,3,Low,Low,Private,Neutral,3,0,High School,Far,0,63,1
36,76,-1.0,1,0,6,96,1,1,1,Low,Medium,Private,Neutral,2,0,College,Near,1,71,0
23,74,-1.0,0,0,6,100,0,1,2,High,Low,Private,Positive,3,0,High School,Near,1,68,2
21,76,-1.0,1,0,7,81,1,1,0,Medium,High,Private,Positive,2,0,College,Moderate,0,67,0
15,76,-1.0,2,1,9,76,1,1,1,Medium,High,Public,Neutral,2,0,Postgraduate,Far,0,67,0
24,82,-1.0,1,1,7,72,1,1,0,Medium,High,Public,Positive,2,0,Postgraduate,Moderate,0,68,1
17,82,-1.0,1,0,6,51,1,1,1,Low,Medium,Public,Positive,3,0,Postgraduate,Moderate,1,66,1
21,80,-1.0,1,1,8,90,1,1,0,Medium,Medium,Public,Negative,4,0,College,Near,1,68,0
35,65,-1.0,1,1,7,84,2,1,0,Medium,Medium,Public,Positive,2,0,High School,Moderate,1,70,0
19,80,-1.0,0,0,8,82,1,1,5,Low,Low,Public,Positive,3,0,College,Near,1,67,1
27,67,-1.0,1,1,6,90,1,1,2,High,High,Private,Neutral,3,0,High School,Moderate,1,67,0
16,65,-1.0,2,0,9,96,0,1,2,Low,Medium,Public,Negative,2,0,High School,Near,1,62,2
20,97,-1.0,2,0,9,69,0,1,0,Low,Low,Public,Negative,3,1,High School,Near,1,67,2
31,84,-1.0,2,0,7,71,0,1,4,Low,Medium,Public,Negative,4,0,High School,Far,1,70,2
16,86,-1.0,2,0,8,99,1,1,4,Low,High,Private,Neutral,4,0,College,Near,1,72,1
31,76,-1.0,1,1,9,83,1,1,2,High,Medium,Private,Negative,3,0,High School,Moderate,0,70,0
24,96,-1.0,2,0,6,93,1,1,2,Low,Medium,Public,Neutral,2,0,High School,Moderate,0,94,1
17,86,-1.0,1,0,7,61,1,0,2,High,Medium,Public,Positive,3,0,High School,Moderate,1,66,1
24,91,-1.0,0,1,7,66,2,1,2,Low,High,Public,Neutral,3,0,High School,Near,1,69,1
26,75,-1.0,1,0,5,70,0,1,0,High,Low,Private,Neutral,2,0,Postgraduate,Near,1,68,2
24,98,-1.0,0,0,8,66,2,1,2,Low,Medium,Public,Positive,1,0,High School,Moderate,1,71,1
11,93,-1.0,1,0,9,94,1,1,4,Low,High,Public,Neutral,4,0,High School,Moderate,1,69,1
16,94,-1.0,1,0,7,76,0,1,2,Medium,Medium,Public,Neutral,3,1,High School,Near,0,67,2
19,67,-1.0,1,1,8,98,1,1,2,Low,Medium,Private,Negative,2,0,Postgraduate,Near,0,64,0
20,71,-1.0,1,1,9,66,1,1,1,Medium,Low,Private,Negative,5,1,College,Near,0,63,2
24,71,-1.0,2,1,6,52,1,1,2,Medium,Medium,Private,Neutral,3,0,College,Far,0,66,0
21,71,-1.0,1,1,8,57,0,0,2,High,Medium,Public,Positive,1,0,Postgraduate,Near,0,66,2
12,94,-1.0,2,1,6,61,1,1,3,High,High,Public,Neutral,4,0,College,Near,1,69,1
22,61,-1.0,0,1,6,82,0,1,4,Medium,Medium,Public,Positive,4,0,High School,Moderate,0,64,2
24,63,-1.0,1,0,8,59,0,1,1,Low,Medium,Public,Neutral,3,1,High School,Near,1,62,2
23,71,-1.0,1,1,7,69,2,1,3,Low,Medium,Public,Positive,5,1,High School,Far,0,66,0
26,68,-1.0,2,1,8,90,1,1,4,Low,High,Private,Neutral,3,0,High School,Near,1,70,0
25,69,-1.0,1,1,7,56,1,1,2,Low,Medium,Private,Neutral,4,0,High School,Near,1,67,0
23,92,-1.0,1,0,8,54,1,1,0,High,Low,Public,Positive,1,0,Postgraduate,Near,0,68,1
20,83,-1.0,0,0,9,77,2,1,0,Low,Medium,Public,Positive,3,1,Postgraduate,Near,1,67,0
10,60,-1.0,1,0,9,85,1,1,0,Medium,High,Public,Positive,4,0,Postgraduate,Near,1,62,0
23,77,-1.0,1,1,8,96,1,1,1,High,Medium,Private,Neutral,1,1,College,Near,1,67,2
21,76,-1.0,2,1,8,83,1,1,0,Low,Medium,Public,Positive,5,0,High School,Near,1,68,0
22,65,-1.0,1,0,7,97,0,1,2,Medium,High,Private,Neutral,4,0,High School,Moderate,0,64,2
12,87,-1.0,0,1,7,62,1,0,2,Medium,Medium,Public,Neutral,4,0,High School,Near,0,64,1
14,88,-1.0,1,0,8,67,1,1,2,High,Low,Public,Neutral,3,0,Postgraduate,Far,1,66,1
26,89,-1.0,0,1,7,92,1,1,2,Low,High,Public,Positive,2,0,Postgraduate,Moderate,1,72,1
20,89,-1.0,2,1,8,91,1,1,2,Medium,Medium,Public,Positive,3,0,High School,Near,0,72,1
24,60,-1.0,2,1,9,83,2,1,2,Medium,Low,Public,Positive,3,1,High School,Near,1,66,0
20,98,-1.0,1,0,7,75,2,1,4,Medium,Medium,Private,Positive,1,0,College,Near,1,72,1
20,93,-1.0,1,1,4,51,0,1,1,Medium,Medium,Public,Positive,3,0,High School,Near,1,69,1
26,96,-1.0,2,1,10,64,0,1,2,Medium,Medium,Private,Neutral,3,1,High School,Near,0,72,2
17,61,-1.0,0,1,6,58,1,1,1,Medium,High,Public,Neutral,4,0,High School,Near,1,60,0
21,97,-1.0,1,1,7,53,1,1,0,High,Medium,Public,Neutral,2,0,High School,Moderate,1,69,1
17,92,-1.0,2,0,8,89,1,1,0,Low,Low,Public,Positive,3,1,High School,Near,1,68,2
17,93,-1.0,1,1,9,57,2,1,3,Low,High,Private,Neutral,2,0,College,Near,1,69,1
18,64,-1.0,0,1,10,68,0,1,1,Low,Medium,Public,Positive,5,0,High School,Near,1,62,2
21,90,-1.0,1,1,6,99,0,1,2,Low,High,Public,Positive,2,0,High School,Moderate,1,71,1
17,98,-1.0,2,1,9,70,0,1,1,High,Medium,Private,Negative,2,0,High School,Near,1,70,1
28,87,-1.0,0,1,7,57,1,1,2,Medium,High,Private,Negative,4,0,High School,Moderate,1,68,1
15,83,-1.0,1,1,10,84,1,1,1,High,High,Public,Negative,2,0,College,Near,1,68,1
19,98,-1.0,2,0,9,90,0,0,1,High,Medium,Private,Positive,2,0,College,Far,0,70,1
17,78,-1.0,2,0,7,64,1,1,0,Low,Medium,Private,Neutral,3,0,High School,Near,0,65,0
29,84,-1.0,1,1,6,90,1,1,0,Medium,High,Public,Positive,3,0,Postgraduate,Far,1,73,1
21,79,-1.0,1,0,4,64,0,1,0,Low,High,Public,Negative,4,0,College,Moderate,1,66,2
26,97,-1.0,1,0,8,85,0,0,2,High,Low,Public,Neutral,3,0,High School,Near,1,71,1
11,63,-1.0,1,1,9,56,2,1,2,Medium,Medium,Public,Neutral,3,0,High School,Near,0,62,0
22,80,-1.0,1,1,8,71,2,1,2,Low,Medium,Private,Positive,3,0,High School,Near,0,68,0
25,87,-1.0,2,0,4,76,0,1,1,Low,High,Public,Positive,4,0,College,Far,1,70,1
20,92,-1.0,0,0,5,86,0,1,0,Medium,Medium,Public,Neutral,2,0,Postgraduate,Moderate,0,68,1
26,83,-1.0,0,1,8,83,1,1,2,Low,High,Public,Neutral,2,0,College,Near,0,71,1
17,96,-1.0,1,1,10,93,1,1,2,Medium,Low,Public,Negative,4,0,High School,Near,0,70,1
28,98,-1.0,1,1,7,59,1,1,1,Low,Medium,Public,Positive,3,0,High School,Near,1,72,1
34,63,-1.0,2,1,9,83,1,1,2,Medium,High,Public,Negative,2,0,College,Moderate,1,69,0
18,76,-1.0,2,0,5,56,1,1,1,Low,Low,Public,Negative,2,0,College,Moderate,1,63,0
17,61,-1.0,1,0,7,74,2,1,0,Medium,Medium,Public,Neutral,2,0,Postgraduate,Near,0,62,0
29,73,-1.0,1,0,7,76,1,1,2,Low,High,Private,Neutral,3,0,High School,Near,0,68,0
29,81,-1.0,1,1,9,51,0,1,2,Medium,Medium,Public,Positive,5,0,Postgraduate,Near,1,70,2
17,96,-1.0,1,1,6,54,1,1,1,Medium,Medium,Private,Positive,4,0,High School,Near,1,69,1
17,94,-1.0,1,0,10,92,0,1,2,Low,Medium,Private,Negative,2,0,High School,Near,1,68,1
18,65,-1.0,1,1,7,64,1,1,2,High,Medium,Public,Positive,1,0,High School,Near,1,65,0
12,64,-1.0,0,0,5,67,1,1,3,Low,Medium,Private,Positive,2,1,High School,Near,1,59,2
14,84,-1.0,1,0,5,82,1,1,3,Low,Medium,Public,Positive,3,0,College,Far,1,66,1
14,81,-1.0,1,0,6,61,0,1,0,Low,Medium,Public,Positive,4,0,High School,Moderate,1,64,2
15,71,-1.0,1,0,8,60,2,0,5,Low,High,Public,Positive,4,0,High School,Far,0,63,0
20,96,-1.0,1,0,6,71,1,1,5,Low,High,Public,Neutral,3,0,College,Near,1,72,1
21,97,-1.0,2,1,6,53,0,1,0,Low,Medium,Public,Negative,3,1,High School,Moderate,1,67,2
29,76,-1.0,1,0,8,96,0,1,2,Low,Medium,Public,Positive,2,0,Postgraduate,Moderate,1,94,2
14,96,-1.0,2,1,4,97,0,1,2,Medium,Medium,Public,Negative,3,0,High School,Near,0,70,1
26,75,-1.0,1,0,6,72,1,1,0,Low,High,Public,Neutral,3,0,High School,Near,1,66,0
19,89,-1.0,1,1,5,60,0,1,4,Medium,Medium,Public,Positive,2,0,Postgraduate,Moderate,0,69,1
20,79,-1.0,0,1,6,74,0,1,2,Low,Medium,Public,Positive,2,0,High School,Far,1,64,2
24,65,-1.0,1,0,7,55,0,1,1,Low,High,Private,Positive,3,1,High School,Near,0,63,2
13,97,-1.0,2,0,7,70,1,1,1,Low,High,Public,Neutral,4,0,Postgraduate,Near,0,71,1
22,78,-1.0,1,0,7,54,1,1,1,Medium,Medium,Public,Negative,3,1,High School,Moderate,1,65,2
21,89,-1.0,1,1,9,85,0,1,1,Medium,Medium,Public,Negative,5,0,College,Far,0,68,2
23,75,-1.0,1,0,7,64,2,1,1,Low,Medium,Public,Negative,3,1,High School,Moderate,1,64,0
22,61,-1.0,0,1,10,76,2,1,1,High,High,Public,Positive,2,0,College,Near,1,64,0
35,64,-1.0,1,1,8,51,1,1,2,Medium,Medium,Public,Negative,5,1,High School,Near,1,66,2
16,80,-1.0,1,0,6,76,1,1,1,Medium,High,Public,Positive,4,0,College,Near,1,68,0
17,88,-1.0,1,0,10,50,1,1,3,Low,High,Public,Neutral,5,0,College,Moderate,0,67,1
16,73,-1.0,2,1,7,96,1,1,1,Medium,Medium,Private,Positive,3,0,High School,Moderate,0,66,0
17,88,-1.0,1,1,10,75,1,1,2,Medium,Medium,Public,Neutral,3,0,High School,Near,1,68,1
16,88,-1.0,1,0,7,55,1,1,3,Low,Low,Public,Neutral,3,0,Postgraduate,Near,1,66,1
27,88,-1.0,1,0,7,67,1,1,3,High,Medium,Public,Neutral,4,0,College,Far,1,71,1
29,80,-1.0,2,1,8,52,1,1,4,Low,Medium,Public,Positive,4,0,High School,Moderate,0,71,0
17,97,-1.0,2,0,7,77,1,1,0,Low,Medium,Private,Negative,4,0,College,Far,1,68,1
15,80,-1.0,0,0,9,56,2,1,3,Medium,Medium,Public,Neutral,3,1,High School,Near,0,64,0
23,78,-1.0,1,1,10,74,0,1,3,Medium,Medium,Public,Negative,4,0,High School,Moderate,1,67,2
17,68,-1.0,1,1,4,65,2,1,0,Medium,Medium,Private,Positive,2,0,High School,Moderate,1,64,0
24,72,-1.0,0,1,8,88,2,1,3,Low,Medium,Public,Positive,2,0,High School,Near,0,68,0
21,62,-1.0,0,0,6,74,2,1,0,Low,High,Private,Positive,3,1,Postgraduate,Far,1,62,0
11,85,-1.0,0,1,4,92,0,1,0,Medium,High,Public,Neutral,1,0,College,Near,1,64,1
29,70,-1.0,2,0,8,97,0,1,3,Low,High,Public,Positive,3,0,Postgraduate,Moderate,1,70,2
31,72,-1.0,1,0,8,98,2,1,0,Low,Medium,Public,Neutral,4,0,College,Far,1,68,0
16,91,-1.0,1,0,8,63,2,1,2,Medium,High,Public,Neutral,3,0,College,Near,0,69,1
18,73,-1.0,1,1,8,88,0,1,3,Low,Medium,Public,Positive,4,0,College,Moderate,1,65,2
22,70,-1.0,2,1,8,72,1,1,2,High,Medium,Public,Neutral,3,0,High School,Near,1,67,0
22,67,-1.0,1,0,6,71,0,1,2,Medium,Medium,Public,Positive,2,0,College,Moderate,1,65,2
24,91,-1.0,1,0,7,93,0,1,0,Medium,Medium,Public,Positive,2,0,High School,Moderate,1,71,1
32,65,-1.0,0,1,8,57,0,1,2,Low,Medium,Public,Positive,3,0,High School,Moderate,0,65,2
19,78,-1.0,1,1,9,74,0,1,2,Low,Medium,Public,Positive,5,0,High School,Moderate,0,66,2
15,80,-1.0,1,0,7,80,1,1,0,Low,Low,Public,Neutral,5,0,High School,Near,0,65,0
12,87,-1.0,1,1,7,53,0,1,2,Medium,Medium,Private,Neutral,1,0,College,Near,1,65,1
16,85,-1.0,1,0,7,93,2,1,1,Medium,High,Public,Positive,3,0,High School,Near,1,68,0
20,92,-1.0,1,1,5,66,1,1,2,Medium,Medium,Public,Negative,2,1,College,Moderate,1,68,2
31,62,-1.0,1,0,8,83,1,1,0,Medium,High,Private,Neutral,2,1,College,Near,0,67,2
17,72,-1.0,1,1,5,96,2,1,3,High,Medium,Public,Negative,3,0,High School,Moderate,1,65,0
21,71,-1.0,0,0,8,86,1,1,2,Medium,High,Public,Neutral,2,0,College,Near,1,66,0
20,66,-1.0,1,1,7,94,0,1,0,Medium,Low,Public,Neutral,4,0,High School,Moderate,0,63,2
27,72,-1.0,2,1,5,53,1,1,1,High,Medium,Private,Neutral,5,0,Postgraduate,Moderate,1,70,0
35,72,-1.0,2,1,5,75,1,1,1,Low,Medium,Public,Positive,5,0,College,Moderate,1,72,0
17,81,-1.0,2,0,6,78,1,1,2,Low,Medium,Private,Positive,2,0,High School,Moderate,1,67,1
17,87,-1.0,0,1,6,84,1,1,0,Medium,Medium,Public,Positive,3,0,College,Far,1,67,1
26,75,-1.0,1,1,9,56,1,1,1,Low,Medium,Public,Positive,5,0,High School,Moderate,1,66,0
24,89,-1.0,1,0,7,83,1,0,1,Low,Low,Public,Neutral,3,0,High School,Moderate,1,66,1
31,73,-1.0,1,1,8,57,1,1,2,Low,High,Public,Neutral,4,0,High School,Far,1,69,0
24,72,-1.0,0,1,9,53,1,1,0,Low,High,Private,Neutral,4,1,High School,Moderate,1,62,2
18,82,-1.0,1,0,9,73,0,1,2,Low,Medium,Public,Positive,4,0,College,Near,0,66,2
24,61,-1.0,1,0,7,80,2,1,0,Low,Medium,Public,Positive,3,0,Postgraduate,Moderate,1,64,0
27,63,-1.0,1,1,6,98,1,1,1,Low,High,Public,Positive,2,0,High School,Moderate,0,67,0
25,77,-1.0,2,0,8,85,1,1,2,Medium,Medium,Public,Positive,1,0,College,Near,1,71,0
23,98,-1.0,1,1,6,80,1,1,1,Medium,Medium,Public,Positive,2,0,College,Moderate,1,73,1
26,89,-1.0,0,1,10,61,0,1,0,Medium,High,Public,Neutral,3,0,High School,Moderate,0,68,1
27,64,-1.0,0,1,8,58,1,1,2,High,High,Public,Neutral,1,0,Postgraduate,Far,1,66,0
28,94,-1.0,2,1,7,80,1,1,3,Low,High,Public,Positive,4,0,Postgraduate,Far,1,75,1
24,89,-1.0,2,1,8,61,1,1,1,Low,High,Public,Positive,3,0,Postgraduate,Near,0,72,1
19,84,-1.0,0,1,7,85,1,1,1,High,Medium,Private,Neutral,3,0,High School,Near,1,68,1
21,93,-1.0,1,1,6,56,1,0,1,Low,Medium,Public,Positive,3,0,High School,Near,1,68,1
27,76,-1.0,2,1,8,67,1,1,1,Medium,Medium,Public,Positive,4,0,High School,Near,1,69,0
15,69,-1.0,1,1,7,89,1,1,1,Low,High,Public,Negative,2,0,College,Moderate,0,63,0
22,80,-1.0,2,1,10,92,1,1,0,Medium,High,Public,Positive,2,0,High School,Near,0,70,0
18,82,-1.0,1,1,6,67,0,1,1,High,Low,Private,Positive,3,0,Postgraduate,Moderate,1,66,2
20,82,-1.0,0,1,8,60,1,1,3,Medium,High,Public,Positive,4,0,High School,Moderate,1,66,1
28,83,-1.0,2,0,6,98,1,1,1,Low,High,Private,Neutral,2,0,Postgraduate,Moderate,1,72,1
21,98,-1.0,1,0,6,88,1,1,1,Medium,Low,Public,Neutral,3,0,Postgraduate,Near,1,71,1
20,96,-1.0,1,0,4,90,1,1,3,Low,Medium,Private,Neutral,2,0,College,Near,1,72,1
12,95,-1.0,1,0,8,61,2,1,4,High,High,Private,Neutral,1,0,College,Near,1,69,1
24,92,-1.0,2,1,6,71,0,1,2,Low,High,Public,Positive,2,0,High School,Near,1,71,1
24,98,-1.0,0,0,9,53,1,1,3,High,Low,Private,Negative,2,0,Postgraduate,Far,1,69,1
33,64,-1.0,1,0,8,55,1,1,1,Medium,High,Public,Neutral,3,0,College,Moderate,0,68,0
18,71,-1.0,0,1,7,61,0,1,2,Low,Medium,Public,Negative,4,0,College,Near,1,61,2
21,80,-1.0,2,0,5,65,2,1,2,Medium,Low,Private,Neutral,1,0,Postgraduate,Moderate,1,68,0
21,94,-1.0,1,1,8,100,0,1,0,Low,Medium,Public,Neutral,3,0,Postgraduate,Near,1,72,1
29,80,-1.0,1,1,6,71,1,1,0,Medium,Medium,Public,Positive,3,0,College,Moderate,0,70,0
19,90,-1.0,1,1,5,85,2,1,0,Medium,High,Private,Positive,5,0,Postgraduate,Near,0,73,1
22,66,-1.0,2,0,8,95,0,1,3,Medium,Medium,Private,Positive,3,0,High School,Moderate,0,67,2
24,70,-1.0,2,0,5,62,1,1,2,Low,Medium,Private,Negative,4,1,College,Near,1,65,2
21,89,-1.0,1,0,4,57,1,1,1,High,Medium,Private,Positive,2,0,High School,Near,0,68,1
17,67,-1.0,2,1,9,62,2,1,3,Medium,Medium,Public,Positive,3,0,High School,Near,1,65,0
21,74,-1.0,1,0,6,94,1,1,1,Low,High,Public,Positive,1,0,High School,Near,1,97,0
26,71,-1.0,0,1,4,83,0,1,1,Medium,Medium,Public,Negative,3,0,College,Moderate,1,66,2
14,74,-1.0,2,1,6,73,2,1,2,Medium,Medium,Private,Neutral,3,0,High School,Near,0,67,0
21,88,-1.0,1,0,6,91,1,1,2,High,Medium,Public,Neutral,1,0,High School,Moderate,0,70,1
16,75,-1.0,1,1,9,62,1,1,3,Low,Medium,Public,Positive,4,0,High School,Moderate,0,66,0
27,82,-1.0,2,1,5,62,0,1,1,Low,High,Private,Neutral,4,0,High School,Moderate,0,69,2
11,64,-1.0,1,1,5,78,0,1,2,Low,High,Private,Neutral,4,0,College,Moderate,1,62,2
17,92,-1.0,0,1,8,90,2,1,1,High,Low,Public,Negative,3,0,High School,Near,1,68,1
22,75,-1.0,2,1,6,63,0,1,1,Low,Medium,Public,Positive,2,0,College,Near,1,67,2
29,86,-1.0,1,1,7,61,1,1,0,Medium,Medium,Public,Negative,4,0,High School,Far,0,68,1
20,89,-1.0,1,1,6,74,1,1,1,Low,High,Private,Neutral,2,0,High School,Moderate,1,69,1
17,68,-1.0,1,1,10,57,1,1,1,High,Medium,Private,Positive,1,1,High School,Moderate,0,62,2
31,95,-1.0,1,1,5,87,1,1,2,Low,Medium,Public,Neutral,3,0,Postgraduate,Moderate,1,75,1
11,85,-1.0,1,0,7,79,0,1,2,High,Low,Public,Positive,3,0,High School,Near,1,65,1
7,77,-1.0,1,0,9,76,1,1,2,Medium,High,Public,Negative,3,0,College,Moderate,1,63,0
23,67,-1.0,1,0,6,94,0,1,1,Medium,Medium,Public,Positive,2,0,College,Far,1,66,2
17,98,-1.0,2,0,6,87,2,0,3,Medium,Medium,Private,Positive,5,0,College,Near,0,71,1
14,90,-1.0,1,1,8,57,1,1,0,Medium,Medium,Public,Positive,3,1,College,Moderate,1,66,2
24,68,-1.0,1,0,9,71,1,1,2,Medium,Medium,Public,Neutral,4,0,College,Near,1,66,0
21,74,-1.0,2,0,6,66,0,1,1,Medium,High,Private,Negative,4,0,High School,Near,1,66,2
17,92,-1.0,2,1,9,90,1,1,1,High,Low,Public,Positive,3,0,High School,Moderate,1,71,1
12,88,-1.0,1,1,7,86,2,1,3,Medium,High,Public,Positive,3,1,High School,Moderate,1,68,1
25,91,-1.0,1,0,8,74,2,1,1,Medium,High,Private,Positive,3,0,College,Moderate,1,71,1
24,78,-1.0,1,1,9,91,0,1,0,High,High,Public,Negative,3,0,Postgraduate,Far,0,68,2
19,89,-1.0,1,0,8,71,1,1,2,Low,High,Public,Positive,4,0,High School,Near,1,68,1
31,75,-1.0,1,0,7,90,0,1,2,Medium,High,Public,Neutral,2,1,High School,Moderate,1,68,2
14,68,-1.0,1,1,6,52,1,1,2,Low,Medium,Public,Positive,2,0,College,Near,1,62,0
11,85,-1.0,0,1,10,57,2,1,0,Medium,High,Public,Neutral,5,0,High School,Near,1,65,0
16,99,-1.0,2,0,6,88,2,1,2,Low,Low,Public,Neutral,3,0,Postgraduate,Near,1,71,1
20,72,-1.0,2,1,7,56,0,1,0,Low,Medium,Public,Negative,6,1,College,Moderate,1,63,2
21,78,-1.0,1,0,8,84,0,1,1,High,Low,Public,Positive,4,0,High School,Near,1,68,2
19,87,-1.0,0,1,8,86,0,1,1,Medium,High,Public,Positive,4,0,High School,Moderate,0,69,2
22,82,-1.0,2,0,10,83,1,1,1,Low,High,Private,Neutral,2,1,College,Moderate,1,69,2
12,94,-1.0,2,1,7,91,0,1,3,Medium,Medium,Private,Positive,3,0,Postgraduate,Near,0,71,1
29,90,-1.0,2,0,7,76,1,1,0,Low,Medium,Public,Neutral,1,0,Postgraduate,Moderate,0,71,1
20,62,-1.0,1,1,9,95,0,1,0,Medium,Medium,Private,Neutral,3,1,High School,Near,1,62,2
27,100,-1.0,0,1,7,78,0,1,2,Medium,Medium,Public,Negative,2,0,High School,Near,1,70,1
22,90,-1.0,2,0,8,75,2,1,1,Low,Low,Private,Neutral,3,0,College,Moderate,1,70,1
23,95,-1.0,1,1,7,75,1,1,2,High,Medium,Public,Positive,2,0,College,Near,1,73,1
23,86,-1.0,2,1,8,96,0,1,3,Medium,Medium,Private,Positive,2,0,High School,Moderate,0,71,1
23,94,-1.0,0,1,8,62,1,1,2,Low,Medium,Public,Positive,0,0,Postgraduate,Moderate,0,69,1
24,64,-1.0,2,1,6,85,2,1,0,High,Low,Private,Neutral,3,1,Postgraduate,Moderate,1,66,0
28,74,-1.0,0,1,4,62,1,1,1,Low,Medium,Private,Neutral,3,0,High School,Moderate,1,65,0
21,95,-1.0,1,0,4,55,1,1,2,Medium,High,Private,Neutral,1,0,College,Near,1,71,1
24,68,-1.0,1,1,4,98,2,1,2,Medium,High,Public,Negative,2,0,High School,Near,1,68,0
19,63,-1.0,2,1,7,56,1,1,2,Low,Medium,Private,Positive,3,0,High School,Near,0,64,0
29,92,-1.0,0,1,4,84,1,1,2,Low,Medium,Public,Negative,3,0,Postgraduate,Near,1,71,1
16,93,-1.0,1,0,7,71,1,1,0,Medium,High,Public,Positive,2,0,High School,Near,1,67,1
31,67,-1.0,0,0,7,92,2,1,2,Medium,Medium,Public,Negative,3,0,High School,Far,0,66,0
20,94,-1.0,2,1,8,89,1,1,1,Low,Medium,Public,Positive,4,0,High School,Near,1,71,1
11,87,-1.0,1,0,8,57,2,1,0,Low,Medium,Public,Negative,2,0,High School,Moderate,1,62,1
21,81,-1.0,1,0,8,73,1,1,3,Low,Medium,Public,Positive,2,1,High School,Near,1,67,2
16,93,-1.0,0,1,8,51,1,1,3,Low,Medium,Public,Neutral,2,0,College,Near,1,67,1
25,77,-1.0,1,1,7,71,1,1,0,Medium,Medium,Public,Negative,3,0,High School,Near,0,66,0
16,68,-1.0,1,1,7,85,2,1,1,Low,High,Private,Positive,3,0,Postgraduate,Moderate,0,64,0
17,71,-1.0,1,1,6,62,1,1,2,Low,Medium,Public,Neutral,3,1,College,Near,1,62,2
9,80,-1.0,2,0,7,91,0,1,1,Medium,Medium,Public,Neutral,3,0,College,Near,0,65,2
17,81,-1.0,0,1,5,53,0,1,0,Medium,Medium,Public,Neutral,1,0,College,Near,1,63,2
5,92,-1.0,1,1,9,52,1,1,2,High,Medium,Private,Neutral,4,1,College,Moderate,0,64,2
10,92,-1.0,2,1,6,51,0,1,1,Medium,Medium,Private,Neutral,3,0,High School,Near,0,65,1
25,83,-1.0,2,0,7,64,1,1,0,Low,Medium,Public,Neutral,2,0,College,Moderate,1,68,1
25,91,-1.0,2,1,7,73,1,1,2,Low,Medium,Public,Positive,3,0,High School,Near,0,72,1
23,68,-1.0,1,1,9,55,1,1,0,Low,Medium,Public,Positive,3,0,College,Moderate,1,64,0
14,62,-1.0,1,0,4,100,0,1,1,Low,Medium,Public,Neutral,3,0,High School,Near,1,62,2
20,95,-1.0,0,1,7,100,0,0,3,Low,Medium,Private,Neutral,2,0,High School,Near,0,69,1
20,63,-1.0,0,1,8,76,1,1,3,Medium,Medium,Public,Neutral,4,0,Postgraduate,Near,0,64,0
13,70,-1.0,1,0,10,78,1,1,1,Low,Medium,Public,Negative,2,0,High School,Far,0,61,0
29,88,-1.0,2,0,7,96,0,1,2,Low,Low,Public,Positive,2,0,High School,Near,0,72,1
25,76,-1.0,0,1,6,88,0,1,1,Medium,Medium,Private,Negative,3,0,College,Far,1,66,2
19,95,-1.0,0,0,10,58,0,1,2,High,Medium,Public,Positive,3,0,High School,Near,1,69,1
20,72,-1.0,1,0,8,90,2,0,2,Low,Low,Private,Neutral,2,0,College,Near,0,65,0
21,60,-1.0,1,1,9,62,1,1,2,Low,Medium,Public,Positive,3,0,High School,Near,1,64,0
8,72,-1.0,1,1,5,72,1,1,3,High,Low,Private,Positive,4,0,High School,Near,0,62,0
19,83,-1.0,1,0,8,77,2,1,1,Low,Medium,Public,Positive,4,0,High School,Far,1,66,0
16,75,-1.0,0,1,5,86,1,1,0,Low,Medium,Public,Positive,1,0,College,Moderate,0,62,0
14,81,-1.0,1,1,5,58,2,1,3,Low,High,Public,Negative,4,0,Postgraduate,Moderate,1,66,0
18,95,-1.0,2,0,8,54,1,1,2,High,Medium,Public,Neutral,3,0,College,Moderate,0,70,1
31,96,-1.0,1,1,8,93,0,1,3,Low,Medium,Public,Positive,3,0,High School,Near,1,75,1
24,71,-1.0,2,1,6,91,1,1,3,High,Medium,Public,Neutral,2,0,High School,Far,0,67,0
17,78,-1.0,1,1,9,76,0,1,4,Medium,Medium,Public,Positive,2,0,College,Near,1,66,2
23,82,-1.0,2,0,6,83,1,1,2,Medium,Medium,Private,Positive,3,0,Postgraduate,Moderate,1,71,1
28,98,-1.0,1,1,7,86,1,1,2,Medium,High,Private,Neutral,2,0,High School,Near,0,75,1
26,100,-1.0,2,0,7,74,0,1,1,Medium,Medium,Public,Neutral,2,0,High School,Far,0,72,1
20,69,-1.0,1,0,7,63,0,1,2,Low,Medium,Private,Negative,2,0,High School,Moderate,0,64,2
16,89,-1.0,1,1,9,74,1,0,1,Low,Medium,Public,Neutral,3,0,High School,Far,1,65,1
24,75,-1.0,1,0,5,98,2,1,1,Low,Medium,Public,Positive,3,0,High School,Near,1,67,0
22,60,-1.0,1,0,6,92,0,1,2,Low,High,Public,Negative,2,0,High School,Near,1,63,2
25,60,-1.0,0,1,5,73,0,1,1,Medium,Medium,Public,Negative,2,0,High School,Near,1,62,2
24,78,-1.0,2,1,10,61,2,1,2,Medium,Medium,Public,Positive,4,0,College,Moderate,0,69,0
26,80,-1.0,1,1,7,94,1,1,1,Low,Medium,Private,Positive,2,0,Postgraduate,Moderate,1,70,0
17,61,-1.0,1,1,6,82,2,1,0,Medium,High,Public,Neutral,4,0,Postgraduate,Near,1,63,0
28,87,-1.0,1,1,7,70,1,1,2,Low,Medium,Public,Neutral,2,0,Postgraduate,Near,1,71,1
21,72,-1.0,0,1,8,56,1,1,0,Low,Medium,Public,Neutral,4,0,High School,Near,1,63,0
32,82,-1.0,1,1,8,88,0,1,0,High,Medium,Public,Positive,2,0,College,Moderate,1,71,2
16,72,-1.0,1,1,6,66,0,1,0,Low,Medium,Private,Positive,4,0,College,Near,1,63,2
30,67,-1.0,2,1,6,80,2,1,0,Low,Medium,Public,Neutral,4,0,College,Moderate,1,68,0
21,76,-1.0,0,1,5,78,2,0,0,Low,High,Public,Neutral,3,0,High School,Near,1,65,0
16,69,-1.0,2,1,7,85,1,1,0,High,High,Private,Negative,3,0,High School,Near,0,66,0
17,81,-1.0,1,1,9,77,1,1,3,Low,Medium,Public,Neutral,4,0,College,Far,1,66,0
18,68,-1.0,2,0,6,82,0,1,0,Medium,High,Public,Positive,3,0,High School,Near,1,66,2
23,80,-1.0,0,1,8,54,1,1,0,Medium,High,Private,Positive,2,0,High School,Near,0,65,0
23,66,-1.0,2,0,6,83,1,1,0,High,Medium,Public,Positive,2,0,High School,Near,0,66,0
17,87,-1.0,1,1,5,60,1,1,4,Medium,Medium,Private,Positive,3,1,High School,Near,0,67,2
20,90,-1.0,1,0,8,70,1,1,0,Medium,Medium,Private,Neutral,3,0,High School,Moderate,0,68,1
33,64,-1.0,0,1,10,76,0,1,2,High,High,Private,Neutral,3,0,High School,Near,1,68,2
30,79,-1.0,1,0,8,84,1,1,3,Low,Medium,Private,Negative,3,0,College,Moderate,0,69,0
23,63,-1.0,0,1,6,87,0,1,1,Medium,Medium,Public,Neutral,2,0,Postgraduate,Near,1,64,2
20,84,-1.0,1,0,6,85,1,1,0,Medium,Medium,Private,Positive,3,0,High School,Moderate,1,67,1
21,71,-1.0,1,1,10,55,0,1,1,Medium,Medium,Public,Negative,4,0,High School,Moderate,0,63,2
24,81,-1.0,2,1,7,69,1,1,3,Low,Medium,Public,Negative,3,0,College,Moderate,1,67,1
14,81,-1.0,2,1,6,64,0,0,2,High,High,Public,Neutral,2,0,High School,Far,0,64,2
18,97,-1.0,1,0,7,70,0,1,0,High,Medium,Public,Neutral,2,1,High School,Near,0,66,2
10,82,-1.0,1,0,7,82,0,1,2,Low,High,Private,Neutral,4,0,High School,Near,1,65,2
22,83,-1.0,1,1,8,60,0,0,4,Medium,Medium,Public,Neutral,2,0,Postgraduate,Moderate,0,68,2
24,76,-1.0,2,0,9,75,0,1,0,Low,Medium,Private,Positive,5,0,High School,Near,1,66,2
17,98,-1.0,2,0,9,94,0,1,0,High,Low,Public,Negative,3,0,College,Near,1,71,1
29,91,-1.0,2,1,7,87,1,0,2,Medium,High,Private,Negative,4,0,College,Near,0,74,1
13,71,-1.0,2,0,7,86,0,1,2,Low,Medium,Public,Positive,3,0,Postgraduate,Near,1,65,2
11,94,-1.0,2,1,8,92,2,1,0,Medium,Medium,Public,Neutral,4,0,High School,Near,0,68,1
21,77,-1.0,2,1,6,70,0,0,2,High,Medium,Private,Positive,2,0,College,Near,1,68,2
26,93,-1.0,1,0,8,88,1,1,1,Medium,High,Public,Neutral,4,1,College,Near,1,72,2
30,93,-1.0,2,1,7,53,1,1,3,Low,Medium,Private,Negative,2,0,Postgraduate,Moderate,0,74,1
17,68,-1.0,2,0,8,53,1,1,0,Low,Medium,Public,Neutral,2,0,College,Near,1,61,0
26,88,-1.0,0,0,10,67,0,1,0,Low,Low,Private,Positive,3,0,High School,Far,1,65,2
20,72,-1.0,0,0,8,60,0,1,0,Low,Medium,Public,Neutral,5,0,High School,Near,1,63,2
19,72,-1.0,1,1,7,76,1,1,1,Medium,High,Public,Positive,2,0,High School,Moderate,0,66,0
25,72,-1.0,2,1,6,59,1,1,2,Low,Medium,Public,Negative,3,0,High School,Near,1,66,0
24,89,-1.0,1,1,7,99,1,1,2,Low,High,Private,Neutral,4,0,High School,Near,0,73,1
11,69,-1.0,1,0,5,93,1,1,0,Medium,High,Public,Negative,4,0,College,Near,1,63,0
29,60,-1.0,2,1,8,99,1,1,0,Medium,Medium,Public,Positive,4,1,High School,Near,0,68,2
28,89,-1.0,0,1,4,90,2,1,3,Low,High,Public,Positive,2,1,Postgraduate,Moderate,0,73,1
16,67,-1.0,2,1,8,98,1,1,0,High,Low,Private,Negative,3,0,High School,Moderate,1,63,0
22,64,-1.0,2,1,8,68,1,1,2,Medium,Medium,Public,Negative,4,0,High School,Near,1,65,0
23,70,-1.0,2,1,7,75,2,1,0,Low,Medium,Public,Positive,4,0,High School,Near,0,66,0
22,75,-1.0,0,1,6,62,1,1,0,High,High,Public,Negative,3,0,Postgraduate,Near,0,65,0
17,79,-1.0,2,1,7,82,1,1,0,Medium,High,Public,Negative,2,0,College,Near,1,66,0
16,62,-1.0,1,0,4,89,2,1,3,Low,Medium,Public,Neutral,3,0,College,Near,0,65,0
20,99,-1.0,1,0,8,75,1,1,2,Low,High,Private,Negative,2,0,Postgraduate,Far,0,70,1
27,89,-1.0,1,0,7,65,1,1,1,Medium,Medium,Public,Neutral,3,0,High School,Near,0,70,1
23,73,-1.0,1,1,9,75,1,1,0,High,High,Private,Positive,3,0,High School,Moderate,0,68,0
18,73,-1.0,2,0,8,53,1,0,1,Low,High,Public,Neutral,3,0,Postgraduate,Moderate,1,64,0
25,78,-1.0,1,0,7,86,1,1,1,Medium,Medium,Public,Negative,3,0,Postgraduate,Moderate,0,68,0
3,85,-1.0,2,0,8,73,0,1,2,Low,Medium,Private,Neutral,3,0,High School,Near,1,62,2
27,66,-1.0,1,1,6,95,1,1,1,Medium,Medium,Public,Positive,3,0,College,Moderate,1,68,0
10,68,-1.0,1,0,6,96,0,1,1,High,Medium,Public,Neutral,3,0,College,Moderate,1,61,2
18,94,-1.0,1,1,7,56,0,0,1,Low,Medium,Public,Positive,3,0,Postgraduate,Near,1,69,1
13,70,-1.0,1,1,7,100,1,1,3,Low,Medium,Public,Neutral,3,0,High School,Near,1,65,0
12,75,-1.0,2,1,6,98,1,1,2,Low,Medium,Public,Neutral,2,0,College,Far,1,65,0
27,95,-1.0,2,0,7,81,0,1,3,Low,Medium,Public,Neutral,2,0,High School,Moderate,1,72,1
17,87,-1.0,1,1,7,91,2,1,3,Low,High,Public,Positive,3,1,College,Near,0,70,0
22,74,-1.0,2,1,10,51,1,0,1,Medium,Medium,Private,Negative,4,0,High School,Near,1,65,0
20,87,-1.0,1,0,7,99,1,1,3,Low,Medium,Public,Negative,3,0,High School,Near,1,69,1
23,61,-1.0,0,1,6,73,1,1,1,Medium,Medium,Public,Positive,3,0,College,Near,1,65,0
20,89,-1.0,1,1,7,95,0,1,3,Low,Medium,Private,Neutral,2,0,High School,Near,1,69,1
12,79,-1.0,1,1,9,69,1,1,2,Low,High,Public,Neutral,3,0,Postgraduate,Near,1,65,0
26,93,-1.0,2,1,9,89,1,1,0,Low,Medium,Public,Neutral,3,0,College,Moderate,1,72,1
17,98,-1.0,0,1,10,71,1,1,0,Low,High,Private,Positive,3,0,Postgraduate,Moderate,0,70,1
11,97,-1.0,1,1,7,68,0,1,0,Low,Medium,Private,Negative,2,0,High School,Moderate,0,64,1
17,96,-1.0,0,0,8,97,0,1,0,Medium,Medium,Public,Negative,3,0,High School,Near,0,67,1
29,80,-1.0,0,0,5,85,2,1,0,High,High,Public,Neutral,2,0,High School,Moderate,1,69,0
25,74,-1.0,1,1,6,92,0,1,4,Medium,Medium,Private,Positive,3,0,Postgraduate,Near,1,70,2
18,79,-1.0,1,1,5,77,0,1,1,Low,High,Public,Neutral,3,0,High School,Near,1,65,2
18,88,-1.0,2,1,8,96,0,1,1,Low,Medium,Public,Positive,3,0,High School,Far,0,69,1
18,95,-1.0,1,1,7,87,2,1,5,Medium,Medium,Public,Neutral,2,0,College,Near,1,74,1
32,68,-1.0,1,1,7,54,1,1,1,Low,Medium,Private,Neutral,1,0,Postgraduate,Near,1,66,0
22,97,-1.0,1,1,6,88,2,1,1,Low,Low,Private,Positive,4,0,College,Near,1,72,1
23,93,-1.0,0,1,8,51,2,0,0,Low,High,Private,Positive,1,0,High School,Near,1,67,1
26,99,-1.0,2,1,4,91,2,1,2,High,Low,Public,Neutral,4,0,Postgraduate,Moderate,0,75,1
21,95,-1.0,0,1,7,67,1,1,3,Medium,Medium,Public,Positive,2,0,College,Far,0,70,1
18,71,-1.0,0,0,7,80,1,1,1,Medium,Low,Public,Neutral,4,0,Postgraduate,Moderate,0,63,0
19,64,-1.0,1,0,4,87,2,1,2,Medium,Medium,Private,Positive,4,0,High School,Moderate,1,65,0
20,64,-1.0,2,0,8,82,1,1,3,Medium,Low,Public,Negative,3,0,High School,Moderate,0,64,0
20,72,-1.0,2,0,7,84,0,1,2,Medium,High,Public,Negative,2,0,High School,Moderate,0,65,2
24,85,-1.0,1,1,8,95,1,1,2,Medium,Medium,Public,Negative,4,0,High School,Near,0,70,1
20,92,-1.0,0,0,10,69,1,1,0,Low,Medium,Public,Positive,2,0,Postgraduate,Far,1,67,1
24,96,-1.0,1,1,7,77,0,0,0,Low,Medium,Public,Negative,2,1,High School,Near,0,67,2
20,85,-1.0,2,0,8,59,1,1,1,Medium,Medium,Public,Positive,3,0,Postgraduate,Far,0,68,1
20,60,-1.0,1,0,9,73,2,1,4,Medium,Medium,Public,Negative,4,0,College,Near,1,65,0
8,67,-1.0,1,1,8,58,0,1,2,Medium,Medium,Public,Positive,1,0,Postgraduate,Moderate,0,61,2
25,64,-1.0,0,1,6,82,0,1,2,Low,Medium,Public,Negative,3,0,High School,Moderate,0,63,2
22,75,-1.0,0,1,5,66,0,1,2,Low,Medium,Public,Positive,2,0,High School,Far,1,80,2
26,80,-1.0,1,1,8,93,1,1,2,Low,Low,Public,Neutral,1,0,Postgraduate,Moderate,1,69,1
3,62,-1.0,0,0,6,67,1,1,1,Low,Medium,Public,Negative,3,0,High School,Near,1,55,0
33,74,-1.0,1,0,9,64,1,1,2,Medium,Medium,Private,Neutral,4,0,Postgraduate,Near,0,70,0
19,67,-1.0,1,1,6,75,2,1,1,Low,Medium,Public,Neutral,3,0,College,Near,0,65,0
27,86,-1.0,1,1,7,59,0,1,1,Medium,Medium,Public,Neutral,3,0,High School,Near,1,68,1
14,79,-1.0,0,1,5,60,1,1,3,Low,Medium,Public,Negative,5,0,High School,Near,1,64,0
24,80,-1.0,1,0,6,89,1,1,1,Low,High,Public,Neutral,3,0,College,Near,1,69,0
14,77,-1.0,2,0,6,75,1,1,1,Medium,High,Public,Neutral,4,1,High School,Near,0,89,2
16,98,-1.0,0,1,6,60,1,1,1,Medium,Medium,Private,Positive,3,0,High School,Far,1,67,1
31,69,-1.0,1,0,7,52,1,0,2,High,Low,Public,Neutral,5,0,College,Far,1,92,0
19,81,-1.0,2,0,6,73,0,0,1,Low,High,Private,Positive,3,0,High School,Near,0,67,2
21,89,-1.0,1,1,10,87,0,1,3,Medium,Medium,Public,Positive,3,0,College,Near,1,70,1
25,82,-1.0,0,0,8,68,1,1,1,Low,High,Public,Neutral,3,0,College,Near,1,68,1
23,97,-1.0,0,1,9,62,1,1,0,Low,Medium,Private,Positive,2,0,Postgraduate,Near,1,70,1
21,75,-1.0,1,1,7,70,0,1,3,Medium,Medium,Public,Positive,4,1,Postgraduate,Near,1,67,2
22,79,-1.0,1,1,7,98,2,1,0,High,Medium,Public,Neutral,3,0,High School,Near,1,69,0
34,64,-1.0,1,0,6,71,2,1,0,Low,High,Private,Negative,4,0,High School,Near,0,67,0
20,84,-1.0,2,1,10,63,1,1,0,Low,Medium,Private,Positive,4,0,High School,Near,0,69,0
21,72,-1.0,2,0,7,78,0,0,0,High,Medium,Public,Neutral,1,1,High School,Near,0,63,2
26,66,-1.0,1,0,6,91,1,1,3,Medium,Medium,Public,Positive,3,0,College,Near,0,69,0
27,82,-1.0,2,0,6,51,0,1,1,Low,Medium,Public,Negative,3,0,High School,Moderate,1,66,2
27,81,-1.0,1,0,8,78,1,1,0,Medium,Medium,Public,Positive,3,0,High School,Moderate,1,68,0
24,63,-1.0,1,1,9,92,1,1,4,Medium,Medium,Private,Positive,4,0,Postgraduate,Near,1,69,0
13,88,-1.0,0,1,9,61,0,1,4,Medium,Medium,Private,Negative,3,0,High School,Near,0,66,1
30,85,-1.0,1,1,6,96,0,1,1,Medium,Medium,Private,Neutral,4,0,High School,Near,0,72,2
13,68,-1.0,1,1,6,79,1,1,1,High,Medium,Private,Negative,3,0,College,Near,1,62,0
22,79,-1.0,1,0,9,76,1,1,1,Low,Medium,Private,Positive,2,0,High School,Near,1,67,0
15,89,-1.0,0,0,10,98,0,1,0,Low,Medium,Private,Positive,2,0,College,Near,1,67,1
20,81,-1.0,2,1,7,56,0,0,1,Medium,Medium,Private,Positive,3,0,High School,Near,1,67,2
22,76,-1.0,0,0,9,87,0,1,2,Low,High,Public,Neutral,3,1,College,Near,0,65,2
22,73,-1.0,0,0,5,91,1,1,1,Medium,Medium,Public,Positive,3,0,Postgraduate,Moderate,1,67,0
23,84,-1.0,0,0,6,74,1,0,3,Low,Medium,Public,Positive,1,0,High School,Near,0,66,1
30,98,-1.0,0,1,5,50,2,1,0,Low,High,Public,Negative,2,0,College,Near,1,70,1
23,87,-1.0,2,0,8,76,1,1,2,High,Medium,Public,Positive,5,1,Postgraduate,Near,0,71,2
19,63,-1.0,2,1,7,58,1,1,2,Low,High,Private,Neutral,3,0,Postgraduate,Near,0,64,0
26,78,-1.0,2,1,7,78,0,1,4,Medium,Medium,Private,Neutral,4,0,High School,Moderate,0,69,2
27,96,-1.0,2,1,9,87,0,0,0,Medium,High,Public,Positive,2,0,College,Moderate,1,72,1
13,64,-1.0,0,1,6,77,1,1,0,Low,High,Public,Neutral,4,0,High School,Near,1,60,0
24,100,-1.0,0,1,7,82,0,1,1,Medium,High,Private,Positive,3,0,High School,Moderate,1,71,1
24,98,-1.0,1,1,5,55,2,1,0,Medium,Medium,Public,Positive,3,0,High School,Moderate,1,71,1
18,63,-1.0,2,0,9,55,1,1,2,High,High,Private,Positive,2,0,Postgraduate,Near,0,66,0
28,97,-1.0,1,0,9,93,0,1,3,Medium,High,Public,Neutral,3,0,High School,Near,0,74,1
19,75,-1.0,1,0,8,52,2,1,0,Low,Medium,Public,Negative,4,0,Postgraduate,Moderate,1,64,0
21,94,-1.0,0,1,7,64,0,1,2,Medium,Medium,Private,Neutral,2,0,High School,Near,1,68,1
19,77,-1.0,0,0,6,97,0,1,4,Low,Medium,Public,Negative,2,0,High School,Near,1,66,2
20,78,-1.0,1,0,5,73,0,1,1,Low,Medium,Public,Negative,3,0,College,Near,0,65,2
13,85,-1.0,2,1,7,84,1,0,0,Low,Medium,Public,Neutral,5,0,High School,Moderate,0,64,1
11,91,-1.0,0,0,8,61,1,1,1,High,Medium,Private,Positive,3,0,Postgraduate,Far,1,65,1
30,61,-1.0,2,0,10,64,0,1,4,Medium,Medium,Public,Positive,2,0,Postgraduate,Moderate,1,69,2
15,84,-1.0,2,1,6,75,1,1,2,Medium,Medium,Private,Positive,4,1,Postgraduate,Moderate,0,68,2
14,67,-1.0,2,0,7,82,0,1,1,Medium,Medium,Public,Neutral,3,0,High School,Far,0,62,2
7,74,-1.0,2,0,9,98,2,1,3,High,Low,Public,Neutral,2,0,High School,Moderate,1,63,0
16,74,-1.0,0,0,9,79,2,1,0,High,Medium,Public,Neutral,4,0,Postgraduate,Moderate,0,65,0
12,79,-1.0,2,0,6,55,1,1,1,Low,High,Private,Neutral,4,0,College,Far,0,62,0
30,73,-1.0,1,0,7,68,1,1,0,Low,High,Public,Positive,2,0,Postgraduate,Near,1,67,0
26,64,-1.0,2,0,6,62,0,1,1,Low,Medium,Private,Positive,5,0,High School,Moderate,1,64,2
16,66,-1.0,0,0,6,63,0,1,2,Medium,High,Public,Neutral,3,0,College,Moderate,1,61,2
34,61,-1.0,1,0,9,75,1,1,1,Low,Medium,Public,Neutral,2,0,College,Far,1,65,0
26,79,-1.0,0,0,7,66,1,1,1,High,Medium,Public,Positive,5,1,High School,Moderate,1,67,2
18,98,-1.0,0,0,7,64,1,1,0,Medium,Medium,Public,Positive,4,0,Postgraduate,Moderate,1,70,1
5,65,-1.0,2,1,7,98,0,1,1,Low,Low,Private,Positive,3,0,High School,Far,1,59,2
34,98,-1.0,2,0,7,79,1,1,1,Low,Medium,Private,Neutral,4,0,College,Near,1,75,1
12,89,-1.0,1,1,7,63,1,1,4,Low,High,Public,Neutral,2,0,College,Near,1,67,1
10,85,-1.0,1,1,6,64,0,1,1,Medium,Medium,Public,Negative,3,0,College,Near,1,64,1
26,86,-1.0,2,1,9,91,1,1,3,High,Medium,Public,Neutral,3,1,High School,Near,0,72,2
35,93,-1.0,1,1,6,94,1,1,5,Medium,Medium,Public,Neutral,2,1,College,Near,0,76,2
28,64,-1.0,2,1,6,84,0,1,2,Medium,Medium,Private,Positive,2,0,Postgraduate,Near,1,69,2
23,80,-1.0,1,0,7,72,0,1,0,Low,High,Public,Negative,5,0,High School,Near,1,65,2
24,88,-1.0,1,0,10,88,0,1,2,High,High,Public,Positive,1,0,Postgraduate,Far,0,72,1
25,83,-1.0,2,1,6,97,0,1,0,Low,Low,Public,Neutral,4,0,High School,Near,1,69,2
25,93,-1.0,1,0,8,58,1,1,0,High,Medium,Private,Positive,4,0,High School,Moderate,0,71,1
22,63,-1.0,1,0,7,93,2,1,0,Medium,Medium,Private,Neutral,2,0,High School,Far,1,64,0
21,88,-1.0,2,1,7,92,2,1,2,Medium,Medium,Public,Positive,3,0,Postgraduate,Near,0,74,1
20,81,-1.0,2,1,8,68,1,1,0,Medium,Medium,Public,Neutral,3,0,College,Near,1,68,0
15,75,-1.0,2,1,4,65,2,1,1,Low,Low,Private,Positive,4,0,Postgraduate,Moderate,0,66,0
18,74,-1.0,1,0,6,78,2,1,0,High,Medium,Public,Positive,2,0,High School,Moderate,0,65,0
10,85,-1.0,1,1,8,64,0,1,2,High,Medium,Public,Neutral,3,0,Postgraduate,Near,0,67,2
19,96,-1.0,1,0,7,57,2,1,0,Low,Medium,Public,Positive,3,0,High School,Near,0,69,1
14,80,-1.0,0,1,7,98,2,1,2,Low,High,Private,Negative,2,0,High School,Near,1,66,0
13,93,-1.0,2,1,8,75,1,1,1,Medium,Medium,Private,Positive,2,0,High School,Near,1,69,1
21,76,-1.0,1,1,6,74,1,1,2,Medium,Medium,Private,Neutral,3,0,High School,Near,1,67,0
28,64,-1.0,1,1,9,56,1,1,1,Low,Low,Public,Negative,2,0,College,Near,1,64,0
26,62,-1.0,2,0,8,75,1,1,2,Medium,Medium,Public,Neutral,2,0,College,Moderate,1,67,0
11,62,-1.0,2,1,7,87,2,0,3,Low,High,Public,Positive,3,0,High School,Far,0,61,0
14,75,-1.0,0,1,8,62,0,1,0,High,Medium,Public,Negative,2,0,High School,Moderate,0,61,2
26,73,-1.0,1,1,9,68,2,1,4,Medium,Medium,Public,Neutral,2,0,High School,Far,1,68,0
14,89,-1.0,2,0,6,59,0,1,2,Low,High,Public,Neutral,5,0,Postgraduate,Moderate,1,66,1
19,90,-1.0,1,0,8,68,0,1,0,High,Medium,Public,Negative,4,0,High School,Moderate,1,66,1
23,62,-1.0,2,0,10,93,2,1,2,Low,Medium,Public,Positive,4,0,College,Near,0,68,0
14,69,-1.0,2,0,8,62,2,1,1,Medium,High,Private,Neutral,2,0,High School,Near,1,63,0
21,71,-1.0,1,1,7,51,1,1,3,Medium,High,Private,Neutral,3,0,Postgraduate,Moderate,0,66,0
12,82,-1.0,1,1,10,77,2,1,0,Medium,Medium,Public,Neutral,4,0,College,Far,0,66,0
16,66,-1.0,1,1,7,79,2,1,0,High,High,Private,Neutral,3,0,College,Near,0,66,0
22,65,-1.0,1,1,9,66,2,1,2,Medium,Medium,Public,Negative,4,0,High School,Near,1,65,0
10,98,-1.0,1,1,6,82,1,1,2,High,Medium,Public,Positive,2,0,College,Moderate,1,69,1
23,92,-1.0,2,0,9,52,2,1,1,High,Medium,Private,Positive,2,0,High School,Near,0,71,1
20,67,-1.0,2,0,6,67,2,1,1,Medium,High,Public,Positive,2,1,College,Near,0,66,0
23,76,-1.0,1,1,7,57,2,1,1,Medium,Medium,Public,Negative,3,0,High School,Moderate,0,66,0
21,74,-1.0,2,1,6,61,0,0,0,Low,Medium,Private,Positive,4,0,High School,Near,1,65,2
28,92,-1.0,1,0,10,69,1,1,4,Low,Medium,Public,Neutral,4,0,High School,Moderate,0,71,1
21,80,-1.0,2,0,7,75,2,1,3,Medium,High,Private,Neutral,2,0,High School,Far,1,69,0
17,65,-1.0,0,1,5,55,1,1,2,Low,Medium,Public,Positive,3,0,High School,Near,0,61,0
21,90,-1.0,1,1,7,55,2,1,1,Low,High,Public,Neutral,4,0,High School,Near,0,70,1
23,76,-1.0,1,0,8,84,2,1,2,High,Medium,Public,Positive,4,0,College,Near,0,70,0
20,71,-1.0,1,0,7,70,2,1,0,High,High,Public,Negative,4,0,High School,Near,0,65,0
20,75,-1.0,0,1,6,59,1,1,2,Medium,Medium,Public,Negative,1,0,Postgraduate,Moderate,1,64,0
16,80,-1.0,2,1,9,62,0,1,0,High,Medium,Public,Neutral,4,0,Postgraduate,Near,0,68,2
16,74,-1.0,1,1,9,86,0,1,1,Low,Medium,Private,Neutral,2,0,High School,Near,0,63,2
12,70,-1.0,2,0,5,53,1,1,2,Low,Medium,Private,Positive,3,0,College,Near,1,63,0
30,76,-1.0,1,1,6,75,0,1,3,High,Medium,Public,Positive,3,0,College,Near,0,71,2
13,61,-1.0,0,0,7,68,0,0,1,Medium,Medium,Public,Neutral,2,0,High School,Near,1,58,2
16,91,-1.0,1,1,6,91,1,1,1,Medium,Medium,Public,Neutral,2,0,High School,Moderate,0,68,1
16,67,-1.0,2,0,8,90,2,1,1,High,Low,Public,Neutral,4,0,High School,Near,1,65,0
25,62,-1.0,1,0,10,84,0,1,2,Low,Medium,Public,Positive,3,0,College,Near,0,65,2
18,86,-1.0,0,1,6,69,0,1,2,Medium,High,Public,Positive,2,0,High School,Near,1,68,1
27,91,-1.0,2,1,9,82,1,1,0,Low,Low,Public,Neutral,1,0,High School,Far,1,69,1
16,93,-1.0,1,1,5,82,0,1,5,High,Medium,Public,Positive,1,0,High School,Near,1,71,1
22,80,-1.0,1,0,8,67,0,1,2,Low,Low,Private,Positive,2,0,Postgraduate,Moderate,1,65,2
15,68,-1.0,1,1,6,94,0,1,0,Medium,High,Public,Neutral,5,0,Postgraduate,Near,0,64,2
33,89,-1.0,1,0,8,99,1,1,2,High,High,Private,Positive,4,0,College,Moderate,1,75,1
13,88,-1.0,1,0,4,66,0,1,1,Low,High,Public,Positive,4,0,High School,Near,0,67,1
22,70,-1.0,2,1,5,90,2,1,1,Medium,High,Public,Neutral,3,0,College,Far,0,68,0
24,96,-1.0,2,0,8,75,0,1,1,Medium,Medium,Public,Positive,1,0,College,Moderate,0,72,1
22,64,-1.0,1,0,6,73,2,1,3,Medium,Medium,Public,Positive,4,0,Postgraduate,Moderate,0,67,0
19,99,-1.0,1,0,7,69,1,1,1,High,Medium,Public,Positive,3,0,High School,Near,1,72,1
19,94,-1.0,0,1,10,65,2,1,1,Low,High,Public,Negative,3,0,Postgraduate,Moderate,1,69,1
20,88,-1.0,0,0,7,96,0,1,0,High,High,Public,Positive,3,0,Postgraduate,Moderate,1,68,1
19,98,-1.0,1,1,8,87,1,1,0,Medium,Medium,Private,Negative,6,0,High School,Near,1,70,1
26,89,-1.0,1,0,6,72,2,1,1,Low,Medium,Public,Neutral,3,1,College,Near,0,69,1
33,68,-1.0,0,1,5,88,1,1,2,Low,Medium,Public,Negative,1,0,College,Moderate,1,67,0
17,78,-1.0,1,0,7,86,1,0,0,Low,Low,Public,Neutral,3,0,College,Near,0,63,0
12,63,-1.0,2,0,5,63,0,1,4,Low,Medium,Private,Positive,2,0,High School,Moderate,1,61,2
19,76,-1.0,2,1,6,59,1,1,1,Medium,Medium,Public,Neutral,3,0,High School,Near,0,66,0
35,90,-1.0,1,1,7,92,0,0,0,Low,Medium,Private,Neutral,4,0,High School,Near,1,73,1
15,75,-1.0,2,1,7,91,2,1,0,Medium,High,Public,Neutral,3,0,College,Moderate,1,67,0
30,73,-1.0,1,1,8,100,1,1,2,High,High,Public,Neutral,2,0,High School,Near,0,72,0
30,84,-1.0,1,0,8,51,0,1,1,Low,Medium,Public,Positive,4,1,Postgraduate,Far,1,69,2
17,95,-1.0,2,0,5,77,1,1,2,Medium,Medium,Public,Positive,4,0,High School,Moderate,0,69,1
23,62,-1.0,2,1,6,85,1,1,1,Low,Medium,Public,Negative,3,1,College,Moderate,1,63,2
30,75,-1.0,1,1,4,79,0,1,0,Medium,Medium,Public,Negative,4,0,High School,Moderate,1,67,2
18,66,-1.0,1,0,6,86,1,1,0,High,Medium,Public,Positive,2,0,High School,Moderate,0,63,0
19,88,-1.0,2,1,8,57,0,0,1,Medium,Low,Private,Negative,4,0,College,Near,1,66,1
17,64,-1.0,1,0,9,50,1,1,2,Low,High,Public,Positive,4,0,High School,Moderate,0,62,0
14,87,-1.0,1,1,7,55,1,1,2,Low,High,Private,Positive,4,0,Postgraduate,Near,1,68,1
16,71,-1.0,2,0,9,69,1,1,1,Low,Medium,Public,Neutral,4,0,Postgraduate,Near,0,65,0
13,68,-1.0,0,1,8,66,1,1,0,Medium,Low,Public,Neutral,4,1,College,Near,1,59,2
20,97,-1.0,1,1,7,94,2,1,1,Medium,Medium,Public,Negative,1,0,College,Moderate,1,72,1
15,61,-1.0,2,1,6,54,1,1,0,High,High,Private,Neutral,2,0,Postgraduate,Near,1,63,0
21,78,-1.0,1,0,4,72,1,1,1,Medium,High,Public,Neutral,4,0,Postgraduate,Near,1,68,0
11,61,-1.0,1,1,9,98,2,1,0,Medium,High,Public,Negative,2,0,High School,Moderate,1,61,0
22,79,-1.0,1,0,7,75,0,1,1,Low,High,Private,Neutral,3,0,High School,Near,0,65,2
25,80,-1.0,1,1,9,57,0,1,2,Low,High,Public,Positive,3,0,High School,Moderate,0,68,2
8,73,-1.0,1,1,6,65,2,1,1,Low,Medium,Public,Neutral,4,0,College,Moderate,1,61,0
22,65,-1.0,0,1,10,81,1,1,1,Low,Medium,Private,Neutral,3,0,Postgraduate,Near,1,63,0
27,75,-1.0,1,1,7,51,2,1,1,Medium,Low,Public,Negative,2,0,Postgraduate,Near,1,67,0
13,87,-1.0,1,1,6,98,0,1,0,High,High,Public,Positive,3,1,Postgraduate,Moderate,1,66,2
30,91,-1.0,1,1,7,78,2,1,3,Medium,Medium,Private,Positive,2,0,Postgraduate,Near,1,75,1
23,81,-1.0,1,0,7,85,0,1,0,Medium,Medium,Public,Positive,4,0,High School,Near,1,68,2
16,84,-1.0,1,0,7,75,2,1,2,Medium,Medium,Public,Negative,3,0,High School,Near,0,65,0
20,68,-1.0,1,0,6,98,2,1,0,Low,High,Public,Negative,4,0,High School,Near,0,64,0
23,71,-1.0,1,1,4,79,1,0,2,Low,Medium,Public,Positive,3,0,High School,Near,1,67,0
20,66,-1.0,1,1,6,83,1,1,2,Low,Medium,Private,Neutral,3,0,College,Near,1,64,0
23,70,-1.0,2,1,9,93,1,1,0,Low,High,Public,Neutral,2,1,Postgraduate,Moderate,0,67,2
14,69,-1.0,2,1,6,93,0,0,2,Low,Medium,Private,Neutral,0,0,High School,Near,1,63,2
21,81,-1.0,1,1,4,51,1,1,0,Medium,Medium,Private,Positive,2,0,College,Moderate,0,67,1
12,83,-1.0,0,1,5,64,1,1,1,High,Medium,Private,Negative,2,0,Postgraduate,Near,0,65,1
19,98,-1.0,0,1,7,62,2,1,1,Low,High,Public,Neutral,2,0,High School,Near,0,70,1
15,68,-1.0,1,1,6,50,2,1,2,High,Low,Public,Neutral,3,0,High School,Moderate,1,62,0
16,86,-1.0,1,1,7,94,1,1,2,Low,High,Public,Neutral,3,0,High School,Moderate,0,69,1
27,93,-1.0,0,1,6,66,1,1,2,Medium,Medium,Public,Negative,3,0,College,Moderate,0,70,1
27,82,-1.0,1,1,9,67,0,1,1,Low,High,Private,Neutral,2,0,High School,Moderate,1,68,2
24,70,-1.0,2,0,8,55,1,1,4,Low,High,Public,Positive,4,0,Postgraduate,Moderate,0,68,0
13,71,-1.0,1,1,10,99,1,1,0,Low,Medium,Public,Neutral,3,0,Postgraduate,Near,1,64,0
18,62,-1.0,2,1,6,91,2,0,4,Low,Medium,Private,Neutral,1,0,High School,Moderate,1,63,0
27,72,-1.0,0,1,7,79,1,1,2,High,High,Public,Positive,2,0,Postgraduate,Moderate,0,68,0
21,90,-1.0,0,1,9,89,0,1,1,Low,Low,Public,Neutral,2,0,High School,Far,0,67,1
34,62,-1.0,0,0,8,89,0,1,3,Low,Medium,Private,Neutral,4,0,College,Moderate,0,68,2
22,69,-1.0,2,1,6,83,1,1,1,Low,Medium,Public,Positive,2,0,College,Moderate,0,66,0
21,88,-1.0,1,1,8,59,0,0,2,Medium,Medium,Private,Negative,1,0,Postgraduate,Near,1,67,1
18,91,-1.0,1,0,8,86,2,1,1,Medium,Medium,Public,Neutral,4,1,High School,Moderate,1,69,1
21,78,-1.0,1,1,4,78,1,1,2,High,Medium,Private,Negative,3,0,High School,Far,1,68,0
19,88,-1.0,2,0,6,86,1,1,4,Medium,Medium,Public,Positive,3,1,College,Moderate,1,70,2
24,76,-1.0,1,0,7,77,1,1,3,Medium,Medium,Private,Negative,4,0,Postgraduate,Moderate,0,68,0
26,66,-1.0,1,1,9,98,1,1,2,Low,Medium,Public,Neutral,2,0,College,Near,1,66,0
15,76,-1.0,2,1,8,81,1,1,2,Low,Medium,Private,Neutral,4,0,Postgraduate,Moderate,0,67,0
12,83,-1.0,1,0,6,79,1,1,1,High,Low,Public,Neutral,4,0,High School,Moderate,0,65,1
9,98,-1.0,1,0,6,92,1,1,0,Medium,Medium,Public,Neutral,5,0,High School,Moderate,1,67,1
23,63,-1.0,1,0,8,69,2,1,2,Medium,Low,Public,Negative,4,1,High School,Near,1,63,0
13,80,-1.0,2,1,4,66,2,1,2,Low,Medium,Public,Negative,2,0,High School,Moderate,0,64,0
7,73,-1.0,1,1,6,75,1,1,3,Low,Medium,Public,Neutral,3,0,College,Near,0,64,0
22,80,-1.0,0,0,9,79,2,1,0,Medium,Medium,Private,Neutral,3,0,College,Moderate,0,66,0
35,61,-1.0,2,1,7,61,0,1,2,Medium,Medium,Private,Positive,4,1,High School,Near,1,68,2
20,73,-1.0,1,1,6,84,2,1,0,Medium,Medium,Public,Positive,3,0,High School,Moderate,1,67,0
25,93,-1.0,2,0,5,90,0,1,1,Medium,Medium,Public,Positive,2,0,College,Near,1,72,1
20,82,-1.0,1,1,8,79,0,1,1,Low,Medium,Public,Positive,4,0,High School,Near,1,67,2
19,78,-1.0,1,0,7,76,2,1,2,Medium,Low,Public,Neutral,3,0,College,Moderate,0,66,0
26,71,-1.0,0,0,7,65,1,1,1,Low,Medium,Public,Positive,3,0,College,Near,0,66,0
18,72,-1.0,2,1,8,95,1,1,1,Medium,Medium,Public,Negative,4,0,High School,Moderate,1,67,0
22,75,-1.0,1,0,7,88,0,1,0,Low,Medium,Private,Neutral,3,0,Postgraduate,Far,1,65,2
22,93,-1.0,1,0,7,74,0,1,2,Medium,High,Public,Negative,3,0,College,Far,1,70,1
16,99,-1.0,1,1,5,83,0,1,0,Low,High,Private,Neutral,4,0,Postgraduate,Near,0,69,1
26,78,-1.0,2,1,5,67,0,1,1,High,High,Private,Negative,3,0,High School,Moderate,1,69,2
19,76,-1.0,1,1,8,53,1,1,1,Medium,Medium,Public,Negative,4,0,College,Near,0,66,0
15,94,-1.0,0,0,8,60,1,1,2,Medium,Medium,Public,Neutral,4,0,High School,Far,1,66,1
23,77,-1.0,2,1,8,54,1,1,1,Low,Medium,Public,Negative,3,0,College,Moderate,0,67,0
15,82,-1.0,2,1,6,75,1,1,1,Medium,Low,Public,Positive,3,0,High School,Near,1,67,1
20,69,-1.0,1,1,8,81,2,1,2,Medium,Medium,Public,Positive,4,0,High School,Near,1,67,0
20,90,-1.0,2,1,6,69,1,1,2,High,High,Public,Neutral,3,0,High School,Near,0,72,1
27,81,-1.0,0,1,9,77,0,1,1,Medium,High,Public,Neutral,4,0,College,Moderate,0,68,2
23,92,-1.0,0,1,6,54,2,1,3,Medium,Medium,Public,Positive,2,1,Postgraduate,Near,1,70,1
20,91,-1.0,1,1,6,88,1,1,1,Low,Medium,Public,Positive,4,0,High School,Moderate,1,69,1
25,69,-1.0,0,1,7,52,2,1,1,Low,Medium,Public,Positive,4,0,High School,Moderate,1,65,0
28,89,-1.0,2,0,8,82,1,1,0,Medium,Medium,Public,Negative,3,0,Postgraduate,Far,1,72,1
23,92,-1.0,2,0,7,72,1,1,0,Low,Medium,Public,Neutral,4,0,College,Far,0,69,1
20,74,-1.0,1,1,7,59,0,1,5,High,Medium,Public,Positive,4,0,High School,Near,0,68,2
12,67,-1.0,2,0,6,76,2,1,1,Low,Medium,Public,Negative,2,0,High School,Moderate,1,62,0
14,60,-1.0,0,1,7,89,0,1,2,Medium,Medium,Public,Neutral,3,0,High School,Moderate,1,60,2
18,78,-1.0,1,1,7,71,0,1,3,Medium,Medium,Public,Neutral,4,0,High School,Moderate,1,67,2
16,74,-1.0,2,1,6,68,0,1,2,Medium,Medium,Public,Neutral,4,0,College,Near,1,67,2
19,82,-1.0,2,1,7,57,1,1,1,Medium,Medium,Public,Neutral,3,0,High School,Near,1,67,1
20,68,-1.0,1,1,7,80,0,1,0,Low,Medium,Private,Neutral,4,0,High School,Near,0,63,2
23,94,-1.0,0,1,10,91,2,1,1,Medium,Medium,Public,Neutral,3,0,High School,Near,1,71,1
20,70,-1.0,1,1,6,78,2,1,0,Medium,Medium,Private,Positive,2,0,College,Near,0,66,0
23,69,-1.0,1,1,6,58,2,1,0,Medium,Medium,Public,Neutral,1,0,Postgraduate,Near,0,65,0
20,79,-1.0,1,1,7,83,2,1,2,Medium,Medium,Public,Positive,2,0,High School,Moderate,0,69,0
8,80,-1.0,0,0,6,52,2,1,2,Medium,Medium,Public,Positive,1,0,High School,Near,0,63,0
14,69,-1.0,1,1,5,92,2,1,3,Low,Low,Public,Negative,2,0,Postgraduate,Moderate,0,64,0
19,71,-1.0,2,0,5,96,2,1,2,Low,Medium,Private,Neutral,0,1,College,Near,0,67,0
13,67,-1.0,1,1,6,80,2,1,1,Low,High,Public,Negative,2,0,High School,Moderate,1,62,0
24,89,-1.0,0,1,6,94,0,1,2,Medium,Medium,Public,Neutral,2,0,High School,Far,1,68,1
29,91,-1.0,2,0,5,54,0,1,2,Low,Medium,Public,Neutral,3,0,Postgraduate,Moderate,1,71,1
27,78,-1.0,1,0,7,61,1,0,1,Low,Medium,Public,Negative,3,0,High School,Moderate,0,66,0
19,89,-1.0,2,1,4,66,0,1,1,Low,Medium,Public,Positive,1,0,Postgraduate,Near,0,69,1
29,89,-1.0,0,1,8,89,0,1,1,Medium,High,Private,Neutral,4,0,High School,Moderate,1,71,1
21,66,-1.0,1,1,6,74,1,1,2,Medium,High,Private,Neutral,4,0,High School,Near,0,66,0
18,99,-1.0,1,0,6,67,1,1,5,Low,Medium,Public,Positive,3,0,Postgraduate,Near,0,72,1
16,93,-1.0,1,1,8,58,1,1,1,High,High,Public,Positive,4,0,College,Near,0,70,1
18,68,-1.0,1,0,8,91,2,1,1,Low,High,Private,Neutral,3,0,Postgraduate,Near,0,65,0
18,67,-1.0,1,0,6,51,1,1,0,Medium,High,Public,Positive,2,0,College,Near,0,64,0
21,65,-1.0,1,1,8,67,1,1,1,Low,Medium,Public,Positive,2,0,College,Moderate,1,63,0
21,66,-1.0,1,0,9,62,0,0,3,Medium,Medium,Private,Positive,2,0,High School,Near,1,63,2
20,90,-1.0,1,0,5,56,1,0,3,Medium,Medium,Public,Positive,2,0,High School,Moderate,1,66,1
23,79,-1.0,2,1,8,59,0,1,1,Low,High,Public,Negative,4,0,College,Moderate,1,68,2
27,91,-1.0,2,1,5,75,0,1,1,High,High,Public,Neutral,4,0,College,Near,1,74,1
26,90,-1.0,2,0,9,71,0,1,0,High,Low,Private,Negative,2,0,College,Near,0,71,1
11,84,-1.0,1,1,6,76,2,1,3,Low,High,Public,Negative,3,0,High School,Moderate,0,67,0
5,87,-1.0,0,0,6,86,1,1,2,Medium,High,Public,Positive,3,0,Postgraduate,Near,0,66,1
26,61,-1.0,1,1,9,95,1,1,0,Medium,Medium,Private,Negative,6,0,College,Near,1,67,0
12,72,-1.0,2,1,8,56,2,1,3,Low,Medium,Public,Positive,1,1,High School,Moderate,1,62,0
19,86,-1.0,0,0,6,54,0,1,1,High,High,Private,Positive,5,0,Postgraduate,Near,1,68,2
13,60,-1.0,1,1,7,66,1,1,2,Low,Medium,Public,Positive,3,0,Postgraduate,Near,1,62,0
9,61,-1.0,1,1,6,77,0,0,1,High,Medium,Private,Neutral,2,0,High School,Near,1,82,2
23,94,-1.0,1,0,5,55,2,1,2,Medium,Medium,Public,Positive,2,1,High School,Near,1,70,1
25,87,-1.0,1,0,7,86,1,1,4,Medium,Low,Private,Negative,2,0,College,Near,1,72,1
17,71,-1.0,2,1,6,78,0,1,0,Medium,Medium,Public,Positive,4,0,College,Near,0,64,2
4,88,-1.0,2,0,6,87,0,1,1,Medium,High,Public,Neutral,4,0,College,Near,1,66,1
17,92,-1.0,1,1,9,68,2,1,0,Medium,Low,Private,Positive,3,0,College,Near,0,68,1
22,72,-1.0,1,0,6,70,0,1,1,High,Medium,Public,Neutral,3,0,Postgraduate,Far,1,64,2
11,61,-1.0,1,1,7,90,2,1,0,Medium,High,Public,Neutral,3,0,High School,Near,0,61,0
21,97,-1.0,1,1,9,63,1,1,0,Medium,Medium,Public,Positive,1,0,High School,Moderate,1,69,1
20,74,-1.0,2,0,7,69,0,1,2,High,High,Private,Neutral,2,0,College,Near,1,68,2
23,64,-1.0,1,0,6,51,1,1,1,Medium,Medium,Public,Positive,5,0,College,Near,1,64,0
21,80,-1.0,2,0,7,78,1,1,1,Low,High,Private,Negative,4,0,High School,Moderate,0,67,0
14,91,-1.0,1,1,8,93,1,1,0,Medium,Medium,Public,Neutral,3,0,High School,Moderate,1,67,1
27,69,-1.0,1,0,8,51,1,1,1,High,Medium,Public,Negative,2,0,High School,Near,1,65,0
19,71,-1.0,1,1,10,81,1,1,2,Medium,High,Public,Positive,3,0,High School,Near,0,68,0
20,70,-1.0,2,1,6,92,1,1,2,Medium,Low,Public,Positive,3,0,High School,Near,1,67,0
14,100,-1.0,1,0,7,75,0,1,1,Low,Low,Public,Positive,3,0,Postgraduate,Moderate,1,67,1
17,68,-1.0,2,1,5,66,1,1,1,High,Medium,Public,Negative,4,0,High School,Near,1,64,0
15,83,-1.0,2,1,8,100,1,1,0,Medium,Medium,Public,Positive,3,0,College,Near,0,70,1
19,97,-1.0,2,0,7,53,1,1,2,Low,Low,Private,Neutral,3,0,College,Moderate,1,69,1
30,66,-1.0,2,0,7,61,0,1,0,High,High,Private,Positive,2,0,High School,Far,1,66,2
12,99,-1.0,1,0,6,94,1,1,2,Medium,Medium,Public,Neutral,3,0,Postgraduate,Moderate,1,69,1
10,98,-1.0,1,1,6,65,1,1,1,Low,High,Private,Positive,2,0,High School,Near,1,66,1
29,95,-1.0,1,1,7,91,0,1,1,Low,Medium,Public,Neutral,3,0,High School,Moderate,0,73,1
19,69,-1.0,1,1,6,67,1,0,4,High,High,Private,Positive,4,0,Postgraduate,Moderate,1,66,0
16,85,-1.0,2,1,7,91,2,1,0,Medium,Medium,Public,Neutral,2,0,Postgraduate,Moderate,1,69,0
26,90,-1.0,0,1,7,84,0,1,1,Medium,Medium,Public,Positive,3,0,High School,Moderate,1,70,1
16,99,-1.0,1,1,5,73,2,1,1,Medium,Medium,Private,Positive,5,1,College,Far,1,71,1
31,67,-1.0,2,1,5,76,1,1,2,Medium,High,Public,Positive,4,0,College,Near,1,70,0
24,91,-1.0,0,1,6,59,1,1,0,Low,Medium,Private,Neutral,4,0,High School,Near,1,69,1
17,74,-1.0,1,0,9,56,1,1,1,Medium,High,Private,Negative,3,0,High School,Moderate,1,63,0
33,67,-1.0,1,1,6,86,1,1,4,Medium,High,Public,Positive,3,1,High School,Near,0,71,2
16,77,-1.0,2,0,7,92,0,1,2,Medium,Medium,Public,Negative,2,0,College,Near,1,67,2
24,92,-1.0,1,1,5,86,2,1,3,Medium,High,Public,Neutral,2,0,High School,Near,0,73,1
22,79,-1.0,2,1,6,96,1,1,1,High,Medium,Public,Neutral,2,0,College,Moderate,1,68,0
28,82,-1.0,1,1,5,95,1,1,0,High,Low,Public,Neutral,3,0,High School,Near,1,69,1
29,100,-1.0,2,1,8,89,1,1,2,Medium,Medium,Private,Neutral,3,0,High School,Moderate,0,76,1
20,76,-1.0,1,1,5,95,1,1,4,Low,High,Public,Positive,3,0,High School,Near,1,68,0
15,85,-1.0,1,0,8,58,2,1,1,Low,Medium,Private,Negative,3,0,College,Near,1,65,0
23,75,-1.0,1,1,8,87,0,1,0,High,Low,Public,Positive,1,0,High School,Near,0,66,2
16,76,-1.0,0,0,7,88,2,1,0,Low,Medium,Public,Positive,2,0,Postgraduate,Near,1,65,0
32,88,-1.0,1,0,8,58,0,1,3,Low,High,Private,Negative,3,0,High School,Moderate,1,69,1
21,98,-1.0,1,1,10,95,1,1,0,Medium,Medium,Public,Neutral,1,0,High School,Moderate,1,71,1
18,82,-1.0,0,1,8,50,1,1,1,High,Medium,Public,Positive,3,0,High School,Moderate,1,66,1
21,91,-1.0,2,0,5,72,1,1,3,Low,Medium,Public,Negative,3,1,High School,Near,0,69,2
12,64,-1.0,1,0,9,51,0,0,2,Low,Medium,Public,Neutral,4,0,College,Near,1,59,2
14,68,-1.0,2,0,7,76,1,1,2,High,Medium,Public,Positive,3,0,High School,Near,1,65,0
27,80,-1.0,2,0,10,71,2,1,4,Low,Low,Public,Neutral,2,0,College,Near,1,72,0
16,61,-1.0,0,1,6,81,1,1,0,Medium,Medium,Public,Negative,2,0,College,Near,1,60,0
14,70,-1.0,1,1,9,88,0,1,0,High,Medium,Private,Positive,4,0,College,Moderate,0,64,2
23,81,-1.0,1,0,7,88,0,1,1,Low,Medium,Public,Positive,4,0,Postgraduate,Near,1,69,2
27,61,-1.0,2,1,10,86,1,1,3,Medium,High,Private,Positive,3,0,High School,Near,0,70,0
24,71,-1.0,2,1,7,55,0,1,2,High,Medium,Public,Positive,3,0,College,Far,1,67,2
26,81,-1.0,1,0,10,71,0,1,0,Medium,Medium,Private,Positive,5,1,High School,Near,0,67,2
15,83,-1.0,0,1,8,91,1,1,0,Low,Medium,Private,Neutral,3,0,College,Far,1,64,1
11,97,-1.0,1,1,8,83,0,1,4,Medium,High,Private,Negative,2,0,High School,Far,1,68,1
29,86,-1.0,2,0,10,84,0,1,1,Low,High,Private,Positive,4,0,High School,Near,0,72,2
18,77,-1.0,2,1,6,61,1,1,1,Low,Medium,Private,Neutral,3,0,High School,Near,0,65,0
18,97,-1.0,2,0,8,66,0,1,2,Medium,Medium,Public,Neutral,2,0,College,Moderate,1,70,1
28,91,-1.0,1,0,7,98,0,1,2,Low,Medium,Private,Positive,5,0,Postgraduate,Near,1,75,1
23,68,-1.0,0,1,7,92,1,0,3,Low,High,Private,Neutral,4,0,High School,Near,1,65,0
23,65,-1.0,2,1,7,58,0,1,1,Low,Medium,Public,Neutral,3,1,College,Moderate,0,63,2
33,87,-1.0,2,0,8,77,0,1,0,Low,Medium,Private,Positive,3,1,High School,Near,1,71,2
16,82,-1.0,0,1,8,75,1,1,2,Medium,Medium,Public,Positive,2,0,College,Near,0,66,1
26,92,-1.0,0,1,6,72,1,1,1,Low,Medium,Private,Neutral,3,0,High School,Moderate,0,69,1
20,90,-1.0,1,0,7,74,0,0,0,High,Low,Private,Positive,3,0,Postgraduate,Moderate,0,68,1
22,85,-1.0,2,0,4,82,1,1,1,Medium,High,Public,Positive,2,0,Postgraduate,Near,1,71,1
29,99,-1.0,1,1,8,98,2,0,5,Low,Low,Public,Neutral,2,0,Postgraduate,Near,1,77,1
23,81,-1.0,0,1,10,94,2,1,1,Medium,High,Public,Neutral,2,0,College,Near,0,70,0
23,65,-1.0,1,0,7,94,1,1,1,High,Medium,Public,Negative,3,0,College,Near,0,66,0
26,93,-1.0,1,0,5,85,0,1,1,High,High,Public,Positive,3,0,College,Moderate,0,73,1
18,70,-1.0,1,1,8,51,1,1,1,Low,Medium,Private,Negative,3,0,College,Moderate,1,62,0
15,91,-1.0,1,0,6,72,0,1,0,Medium,Medium,Public,Neutral,2,0,High School,Moderate,0,65,1
14,98,-1.0,2,1,7,76,1,1,0,Low,Medium,Public,Neutral,2,0,Postgraduate,Near,1,71,1
8,88,-1.0,1,1,8,92,2,1,1,Low,Medium,Public,Negative,4,0,College,Near,1,66,1
32,84,-1.0,1,1,8,96,1,1,1,Low,Medium,Public,Positive,3,0,High School,Near,0,72,1
13,78,-1.0,1,1,9,73,1,1,0,Medium,High,Private,Negative,4,0,High School,Near,1,64,0
19,75,-1.0,1,0,7,65,0,1,0,Low,Low,Private,Neutral,4,0,High School,Near,0,63,2
18,74,-1.0,1,1,7,67,0,1,0,Low,Medium,Public,Positive,3,0,High School,Near,1,63,2
22,85,-1.0,1,0,8,79,2,1,5,Medium,High,Public,Neutral,2,0,High School,Near,0,72,1
25,90,-1.0,1,1,7,64,1,1,2,Medium,High,Public,Positive,2,0,High School,Moderate,1,71,1
25,87,-1.0,2,1,6,96,0,0,3,Medium,Medium,Public,Positive,2,0,High School,Moderate,0,72,1
17,68,-1.0,2,1,8,71,1,1,1,Medium,High,Private,Neutral,2,0,High School,Near,1,65,0
19,80,-1.0,1,1,5,100,1,1,0,Medium,Medium,Public,Neutral,3,0,High School,Near,0,67,1
22,92,-1.0,2,1,7,55,0,1,1,Low,Medium,Public,Positive,4,0,High School,Moderate,0,68,1
19,79,-1.0,2,1,5,59,1,1,2,Low,Medium,Private,Neutral,2,0,Postgraduate,Far,1,66,1
30,81,-1.0,2,0,6,76,1,1,0,High,Medium,Public,Positive,3,0,Postgraduate,Near,1,72,0
23,91,-1.0,1,0,6,93,1,1,3,Low,Low,Public,Neutral,3,0,High School,Moderate,0,71,1
24,86,-1.0,2,0,6,68,0,1,3,Low,High,Public,Positive,3,1,College,Moderate,0,70,2
24,76,-1.0,1,0,9,92,1,1,1,Medium,Low,Public,Neutral,3,0,Postgraduate,Near,0,68,0
27,96,-1.0,2,0,9,71,0,1,0,Low,Medium,Private,Positive,4,0,College,Near,0,72,1
21,67,-1.0,1,1,9,93,2,1,1,Low,High,Public,Neutral,3,0,College,Near,1,66,0
12,100,-1.0,1,0,7,64,1,1,1,Medium,High,Public,Positive,6,0,High School,Near,1,69,1
22,65,-1.0,1,1,6,74,2,1,2,Medium,Medium,Public,Positive,1,0,College,Near,1,65,0
16,61,-1.0,2,0,8,64,1,1,1,Low,High,Public,Positive,3,0,High School,Far,1,62,0
17,96,-1.0,2,0,7,61,0,1,1,Low,High,Public,Positive,1,0,College,Moderate,0,69,1
24,70,-1.0,1,1,7,71,1,1,1,Medium,Low,Public,Negative,4,0,High School,Near,1,65,0
27,89,-1.0,0,0,4,67,1,1,2,Low,Low,Private,Neutral,4,0,College,Near,0,69,1
20,92,-1.0,2,1,8,89,1,1,1,Low,Medium,Public,Neutral,3,0,High School,Moderate,0,69,1
22,94,-1.0,1,1,8,87,1,1,2,Low,Medium,Private,Neutral,5,0,College,Near,0,73,1
30,100,-1.0,1,1,7,68,0,1,2,Medium,Medium,Private,Neutral,2,0,Postgraduate,Near,0,75,1
21,72,-1.0,2,1,8,100,1,1,3,Low,High,Private,Positive,3,0,College,Far,1,70,0
36,88,-1.0,2,0,8,99,2,1,0,Low,Medium,Private,Negative,3,0,College,Near,0,74,0
23,65,-1.0,1,1,6,96,1,1,0,Low,Low,Public,Positive,3,0,High School,Near,1,65,0
9,76,-1.0,1,0,7,79,1,1,1,Medium,Medium,Public,Negative,3,0,College,Near,1,63,0
25,94,-1.0,2,0,5,71,0,1,4,Medium,High,Public,Negative,4,0,College,Near,0,74,1
22,75,-1.0,2,1,9,66,0,1,0,Low,Medium,Private,Neutral,2,0,Postgraduate,Near,1,67,2
28,84,-1.0,1,1,8,51,1,0,3,Medium,Medium,Public,Positive,4,0,Postgraduate,Near,0,71,1
24,80,-1.0,0,1,6,82,1,1,1,Low,High,Public,Neutral,3,0,College,Moderate,0,68,0
19,86,-1.0,1,0,8,78,1,1,2,Medium,Medium,Public,Negative,4,0,College,Near,0,69,1
13,99,-1.0,2,0,7,81,1,1,0,Medium,Medium,Public,Positive,4,0,Postgraduate,Near,1,71,1
19,62,-1.0,1,1,6,79,0,1,7,Medium,Medium,Public,Neutral,2,0,High School,Near,0,66,2
15,83,-1.0,1,1,7,57,0,1,0,Medium,Medium,Private,Positive,3,0,Postgraduate,Near,1,65,2
17,95,-1.0,0,1,8,85,0,0,1,Low,High,Private,Negative,2,0,College,Moderate,0,66,1
24,79,-1.0,0,1,8,68,2,1,2,Low,Medium,Private,Negative,2,0,High School,Near,1,65,0
30,63,-1.0,1,0,10,76,1,1,1,Medium,Medium,Public,Neutral,4,0,Postgraduate,Moderate,0,67,0
22,82,-1.0,1,0,7,68,2,1,2,Low,Medium,Private,Neutral,4,0,Postgraduate,Near,1,70,0
13,73,-1.0,1,1,7,51,1,1,1,Low,Medium,Public,Positive,4,0,Postgraduate,Near,1,63,0
23,66,-1.0,0,0,8,94,0,1,1,Medium,High,Private,Neutral,3,0,Postgraduate,Moderate,1,64,2
27,94,-1.0,1,1,7,57,1,1,1,Medium,Medium,Private,Neutral,1,0,High School,Near,1,71,1
16,81,-1.0,2,1,6,79,1,1,2,Low,High,Public,Positive,3,0,College,Moderate,0,68,1
19,97,-1.0,0,0,6,94,1,1,2,High,Medium,Public,Neutral,4,0,Postgraduate,Near,1,72,1
20,92,-1.0,2,1,4,61,1,1,2,High,Medium,Public,Neutral,4,0,College,Near,1,71,1
15,88,-1.0,0,1,8,71,1,0,1,Low,Low,Private,Positive,2,0,Postgraduate,Moderate,1,64,1
24,60,-1.0,0,1,5,69,1,1,1,Medium,High,Public,Neutral,5,0,High School,Moderate,1,64,0
19,77,-1.0,1,1,6,54,0,1,3,High,Medium,Private,Negative,2,0,College,Moderate,1,66,2
23,68,-1.0,2,1,7,71,2,1,3,Medium,Medium,Public,Positive,3,0,High School,Moderate,0,68,0
15,96,-1.0,1,0,7,74,1,1,2,Low,Low,Private,Positive,2,0,High School,Far,1,68,1
17,67,-1.0,1,1,10,51,1,1,3,Low,Medium,Public,Positive,5,0,High School,Near,1,65,0
24,71,-1.0,1,1,5,74,1,1,1,Medium,Medium,Private,Positive,3,0,High School,Near,1,67,0
18,81,-1.0,0,1,10,55,0,1,3,Low,Medium,Public,Negative,2,0,High School,Near,1,64,2
30,71,-1.0,1,1,9,95,2,0,1,Medium,Medium,Public,Neutral,4,0,College,Near,1,70,0
18,68,-1.0,2,1,8,83,0,1,1,Low,Medium,Public,Positive,2,0,College,Near,1,65,2
21,84,-1.0,0,0,9,53,0,1,2,Medium,High,Public,Negative,3,0,High School,Moderate,0,65,2
26,64,-1.0,1,0,8,91,2,1,1,Medium,Medium,Public,Positive,4,0,High School,Near,1,68,0
11,62,-1.0,2,1,4,68,1,1,2,High,Medium,Public,Negative,3,0,High School,Moderate,1,61,0
9,75,-1.0,0,0,8,61,2,1,3,Medium,Medium,Public,Neutral,3,0,High School,Near,1,63,0
11,89,-1.0,1,1,5,63,1,1,0,Medium,Medium,Public,Neutral,2,0,College,Near,0,65,1
28,82,-1.0,1,1,6,80,1,1,1,Low,Medium,Private,Neutral,5,0,High School,Far,0,69,0
17,77,-1.0,1,0,7,54,0,1,1,Low,High,Public,Positive,2,0,College,Near,1,64,2
35,83,-1.0,0,0,6,53,1,1,1,Low,Medium,Private,Neutral,2,0,High School,Near,0,69,1
17,75,-1.0,1,1,8,81,0,1,3,High,Medium,Public,Neutral,3,1,Postgraduate,Near,1,67,2
21,97,-1.0,2,1,7,99,2,1,1,Medium,High,Public,Neutral,1,0,Postgraduate,Moderate,1,74,1
29,62,-1.0,1,1,8,74,1,1,1,Low,Medium,Private,Negative,3,1,College,Near,1,66,2
32,87,-1.0,2,1,7,71,1,1,0,High,Low,Public,Neutral,4,1,College,Near,1,72,2
32,96,-1.0,0,1,7,97,0,1,1,Low,Medium,Public,Neutral,5,0,College,Moderate,1,73,1
27,92,-1.0,1,0,6,62,2,1,0,Medium,High,Public,Positive,4,0,College,Near,1,73,1
26,67,-1.0,1,1,5,62,2,1,0,Medium,Medium,Public,Negative,2,0,High School,Moderate,1,63,0
24,72,-1.0,1,1,7,95,1,1,3,Low,Medium,Public,Negative,2,0,Postgraduate,Near,1,69,0
25,89,-1.0,0,1,6,82,2,1,2,Low,Medium,Public,Neutral,6,0,Postgraduate,Near,1,71,0
17,63,-1.0,1,0,9,53,2,1,1,Low,High,Public,Neutral,4,0,College,Moderate,1,63,0
15,92,-1.0,2,1,5,84,1,1,0,High,Low,Public,Positive,5,0,High School,Moderate,0,69,1
20,89,-1.0,2,1,10,91,0,1,3,Medium,Medium,Private,Neutral,3,0,College,Moderate,1,72,1
19,89,-1.0,0,1,7,64,1,1,2,Low,Medium,Public,Positive,4,1,Postgraduate,Moderate,0,68,2
17,64,-1.0,2,0,7,69,1,1,1,Medium,Medium,Public,Negative,3,0,High School,Near,0,62,0
24,89,-1.0,2,1,6,60,1,1,1,Low,Medium,Private,Neutral,2,0,High School,Near,1,68,1
26,87,-1.0,1,1,8,82,2,1,1,Low,Medium,Public,Negative,2,0,Postgraduate,Near,1,71,1
21,93,-1.0,0,1,7,83,0,0,1,High,High,Public,Neutral,3,1,High School,Moderate,1,67,2
29,62,-1.0,2,1,7,53,2,1,0,Low,Medium,Private,Positive,3,0,College,Moderate,0,65,0
13,61,-1.0,1,1,8,84,2,0,1,Medium,High,Public,Neutral,3,1,Postgraduate,Far,1,60,0
19,75,-1.0,2,1,8,83,2,1,2,High,Medium,Public,Neutral,2,0,High School,Near,1,68,0
16,66,-1.0,1,1,9,52,1,1,1,Medium,Low,Public,Negative,3,1,High School,Near,1,59,2
9,82,-1.0,1,0,8,78,1,1,0,High,Medium,Public,Neutral,0,0,High School,Moderate,0,64,1
20,97,-1.0,1,1,6,81,2,1,2,Low,Low,Public,Neutral,3,0,High School,Moderate,1,71,1
19,76,-1.0,2,0,4,72,0,1,2,High,Low,Public,Neutral,2,0,College,Moderate,0,68,2
29,94,-1.0,1,1,7,95,1,0,2,Low,Medium,Public,Neutral,3,1,College,Moderate,1,70,2
24,60,-1.0,0,0,7,66,1,1,1,Medium,High,Public,Neutral,4,0,College,Near,0,62,0
14,67,-1.0,1,0,10,53,1,1,2,High,Medium,Public,Neutral,3,0,College,Near,1,62,0
31,61,-1.0,1,0,7,84,1,1,2,Medium,Medium,Private,Neutral,3,0,High School,Near,1,68,0
27,73,-1.0,1,0,8,80,0,1,3,Medium,Medium,Private,Negative,3,0,High School,Near,0,68,2
23,96,-1.0,1,1,8,99,2,1,3,Low,Low,Public,Positive,4,0,High School,Near,0,74,1
19,64,-1.0,1,0,8,62,1,1,0,High,Medium,Public,Positive,4,1,College,Near,1,61,2
14,84,-1.0,1,1,8,70,1,1,1,Low,High,Public,Neutral,5,0,College,Near,1,67,1
18,78,-1.0,0,0,6,73,1,1,1,High,High,Public,Positive,2,0,High School,Moderate,0,65,0
27,98,-1.0,1,1,6,93,0,0,5,High,High,Public,Positive,3,0,High School,Moderate,0,101,1
31,65,-1.0,0,1,7,71,1,1,1,Low,Medium,Public,Neutral,4,0,High School,Moderate,1,65,0
29,68,-1.0,1,0,4,89,1,1,0,Medium,Medium,Private,Neutral,4,1,College,Near,1,67,2
17,61,-1.0,2,1,7,58,0,1,2,Low,Medium,Public,Positive,3,1,High School,Near,0,61,2
13,77,-1.0,1,0,6,70,1,1,3,Medium,High,Public,Neutral,4,1,High School,Near,1,64,2
21,71,-1.0,0,0,7,58,2,1,1,Medium,High,Public,Positive,3,1,College,Far,0,64,0
9,95,-1.0,1,1,7,97,1,1,1,Low,Low,Public,Neutral,2,0,College,Near,1,67,1
22,84,-1.0,1,1,5,59,1,1,0,High,High,Private,Positive,3,0,College,Near,0,69,1
19,85,-1.0,1,1,9,71,0,1,1,Medium,High,Public,Positive,2,0,Postgraduate,Moderate,0,69,2
17,81,-1.0,1,0,7,54,1,1,4,Low,Medium,Public,Positive,3,0,High School,Near,0,67,1
10,64,-1.0,2,0,8,96,1,1,1,Medium,Medium,Public,Neutral,3,0,High School,Moderate,1,62,0
23,78,-1.0,2,0,7,81,1,1,0,Low,Medium,Private,Neutral,1,0,High School,Near,1,66,0
17,100,-1.0,1,0,8,98,0,1,0,Medium,High,Public,Positive,4,0,College,Near,1,72,1
13,93,-1.0,1,1,5,52,0,1,2,Medium,Medium,Public,Positive,3,0,College,Near,0,67,1
3,96,-1.0,2,1,9,59,1,1,2,Low,Medium,Public,Negative,3,0,College,Moderate,0,66,1
20,93,-1.0,0,1,8,69,1,1,2,Low,Medium,Public,Neutral,4,0,High School,Moderate,1,67,1
31,64,-1.0,0,1,7,81,0,1,1,Medium,Medium,Public,Positive,4,0,High School,Near,0,67,2
30,69,-1.0,1,1,7,66,1,1,0,Medium,Low,Public,Positive,4,0,Postgraduate,Near,0,68,0
17,60,-1.0,1,1,9,86,1,1,0,Low,High,Public,Positive,2,0,High School,Near,1,63,0
16,72,-1.0,2,0,6,58,0,1,1,Medium,Medium,Public,Negative,2,0,High School,Far,1,62,2
23,64,-1.0,1,1,5,80,0,1,3,Medium,High,Public,Negative,2,1,College,Moderate,0,65,2
14,79,-1.0,1,1,6,70,1,1,1,Low,Medium,Public,Positive,6,0,College,Moderate,1,65,0
22,87,-1.0,2,1,7,75,1,1,0,Medium,High,Public,Positive,2,1,College,Near,0,70,2
25,95,-1.0,1,0,7,78,1,1,7,Low,Medium,Public,Positive,4,0,High School,Near,1,73,1
27,90,-1.0,1,1,9,53,1,1,1,Medium,High,Public,Positive,2,0,Postgraduate,Near,0,73,1
19,98,-1.0,0,1,6,96,1,0,2,Low,Medium,Private,Negative,2,0,High School,Moderate,1,68,1
19,62,-1.0,0,0,6,89,2,1,3,Medium,Medium,Public,Positive,1,0,High School,Moderate,1,63,0
15,60,-1.0,0,1,5,72,2,1,2,High,High,Public,Positive,2,0,High School,Near,1,62,0
15,86,-1.0,1,1,8,77,1,1,0,Medium,Medium,Public,Positive,3,0,Postgraduate,Near,1,69,1
19,72,-1.0,2,0,5,52,1,1,2,Medium,Medium,Public,Neutral,3,0,Postgraduate,Near,1,66,0
22,70,-1.0,2,1,8,75,2,1,0,Medium,Medium,Private,Positive,3,0,Postgraduate,Near,1,68,0
25,73,-1.0,1,1,6,71,0,1,0,Low,Medium,Private,Positive,3,0,College,Far,0,67,2
15,71,-1.0,2,1,6,69,0,1,2,Low,High,Private,Negative,4,0,College,Near,0,65,2
29,80,-1.0,1,1,10,91,2,0,1,High,Medium,Public,Positive,3,0,College,Moderate,1,70,0
18,78,-1.0,1,1,9,59,2,0,0,High,High,Private,Positive,1,0,High School,Moderate,0,64,0
20,80,-1.0,0,1,7,59,2,1,2,Medium,High,Private,Neutral,3,0,High School,Moderate,1,65,0
16,87,-1.0,1,0,5,76,2,1,1,Low,High,Private,Neutral,2,0,Postgraduate,Far,0,67,1
5,75,-1.0,0,1,10,84,1,1,0,High,Medium,Private,Neutral,4,0,Postgraduate,Moderate,0,62,0
25,70,-1.0,1,1,7,51,2,1,3,Low,Medium,Public,Positive,4,0,High School,Moderate,1,66,0
24,67,-1.0,2,1,7,77,0,1,0,High,Medium,Public,Positive,2,0,College,Near,0,68,2
18,74,-1.0,0,0,8,65,2,1,0,Medium,High,Public,Positive,4,0,College,Moderate,0,64,0
20,90,-1.0,0,0,4,88,1,1,3,Low,Medium,Public,Negative,3,0,High School,Moderate,1,69,1
23,90,-1.0,1,1,6,73,0,0,1,High,Medium,Private,Positive,2,0,High School,Near,0,69,1
11,87,-1.0,1,1,7,92,1,1,1,Medium,Medium,Public,Positive,5,0,High School,Moderate,0,67,1
17,69,-1.0,1,1,7,70,0,1,0,Low,High,Public,Neutral,3,1,College,Moderate,1,61,2
25,84,-1.0,1,1,5,91,0,1,1,Medium,Medium,Public,Positive,4,1,Postgraduate,Moderate,0,70,2
12,83,-1.0,1,1,7,86,0,1,1,High,Medium,Public,Negative,4,0,College,Near,0,65,2
22,79,-1.0,1,1,7,91,0,1,0,Low,Medium,Public,Positive,4,1,College,Moderate,1,66,2
12,82,-1.0,1,1,10,91,1,1,3,Low,Medium,Public,Negative,3,0,Postgraduate,Near,1,66,1
23,80,-1.0,2,1,9,74,1,1,4,Medium,Medium,Public,Negative,3,0,High School,Moderate,1,69,0
20,83,-1.0,1,1,7,68,2,1,1,Medium,Medium,Public,Positive,1,0,High School,Near,0,67,0
10,89,-1.0,2,1,7,88,1,1,2,High,Medium,Private,Positive,2,0,Postgraduate,Near,0,71,1
27,64,-1.0,2,1,9,68,2,1,1,Low,High,Private,Neutral,4,0,High School,Near,1,68,0
16,90,-1.0,1,0,7,54,2,0,2,Medium,Medium,Public,Positive,3,0,High School,Near,0,67,1
15,65,-1.0,1,0,5,93,0,1,2,Low,Medium,Public,Neutral,4,1,High School,Near,0,63,2
21,63,-1.0,1,0,10,70,0,1,1,High,High,Private,Positive,2,0,College,Near,0,64,2
27,99,-1.0,1,1,6,57,1,1,3,Low,Medium,Public,Neutral,3,0,College,Moderate,1,73,1
14,98,-1.0,1,1,10,82,2,1,1,Low,Medium,Private,Positive,3,0,High School,Moderate,1,69,1
20,62,-1.0,0,0,8,94,2,1,1,Medium,Medium,Public,Positive,3,0,High School,Near,0,65,0
23,78,-1.0,0,1,6,93,1,1,0,Medium,High,Private,Positive,5,0,Postgraduate,Near,1,70,0
24,67,-1.0,1,1,4,78,0,1,1,Low,High,Public,Positive,2,0,High School,Near,0,67,2
21,79,-1.0,0,1,8,54,2,1,3,Low,Medium,Public,Positive,3,0,Postgraduate,Moderate,0,67,0
18,93,-1.0,2,1,5,85,1,1,0,Low,Medium,Public,Positive,3,0,High School,Near,1,70,1
15,98,-1.0,0,0,8,80,0,0,2,High,High,Public,Negative,2,0,Postgraduate,Near,0,69,1
21,85,-1.0,1,0,10,61,2,1,2,Medium,Medium,Public,Neutral,2,1,High School,Near,1,68,0
14,74,-1.0,2,0,5,95,2,1,1,Low,High,Public,Positive,3,1,College,Near,1,66,0
2,84,-1.0,2,0,8,54,0,1,3,Low,Low,Public,Positive,4,0,College,Near,1,62,2
23,72,-1.0,1,1,6,69,0,1,2,High,Medium,Public,Positive,4,0,High School,Near,1,67,2
25,96,-1.0,0,1,9,55,2,1,2,Medium,High,Public,Neutral,4,0,High School,Moderate,1,71,1
6,95,-1.0,1,1,7,96,1,1,4,Low,Medium,Public,Neutral,2,0,High School,Moderate,0,68,1
14,82,-1.0,1,1,7,52,2,1,3,Low,Medium,Public,Negative,2,0,High School,Near,0,66,0
24,73,-1.0,1,1,9,71,2,1,0,Low,Medium,Public,Neutral,3,0,High School,Moderate,1,64,0
32,72,-1.0,1,1,8,93,0,1,1,Low,Medium,Private,Neutral,4,0,Postgraduate,Near,0,71,2
20,61,-1.0,0,1,6,63,1,1,1,Medium,High,Public,Positive,4,0,College,Far,1,61,0
16,93,-1.0,2,0,10,55,1,0,2,Low,Medium,Public,Neutral,2,0,College,Near,1,67,1
19,78,-1.0,0,1,5,56,0,1,3,High,Medium,Public,Neutral,4,0,College,Moderate,0,65,2
28,73,-1.0,1,1,7,70,0,0,0,Low,Medium,Private,Negative,6,0,College,Moderate,0,66,2
16,79,-1.0,2,1,6,71,1,1,2,Low,High,Public,Neutral,4,0,High School,Near,0,68,0
15,93,-1.0,1,0,5,86,1,1,0,Low,Medium,Public,Neutral,2,0,College,Far,1,66,1
17,65,-1.0,1,0,5,62,1,1,2,Medium,Medium,Public,Positive,4,0,High School,Near,0,63,0
14,94,-1.0,0,1,7,85,0,1,1,High,Medium,Public,Neutral,3,0,High School,Moderate,0,66,1
21,96,-1.0,2,0,8,100,1,1,1,High,Medium,Private,Positive,2,0,College,Near,0,73,1
30,98,-1.0,0,1,9,93,1,1,1,Low,Low,Private,Positive,3,0,High School,Near,1,88,1
22,76,-1.0,1,0,9,82,2,1,0,Medium,High,Private,Neutral,4,0,High School,Near,1,67,0
18,69,-1.0,2,1,7,97,1,1,2,Medium,Medium,Public,Positive,2,0,College,Near,0,69,0
18,75,-1.0,0,1,6,100,2,1,2,Low,Medium,Public,Positive,3,0,High School,Near,0,67,0
11,73,-1.0,2,1,9,79,1,1,1,Low,High,Public,Neutral,2,0,High School,Near,1,64,0
25,67,-1.0,2,1,6,64,1,0,0,Low,Medium,Public,Neutral,2,0,High School,Moderate,1,64,0
20,84,-1.0,1,0,5,96,0,1,1,Low,Medium,Public,Negative,2,0,High School,Near,1,65,1
19,79,-1.0,1,0,8,92,2,1,1,Medium,High,Public,Positive,2,0,High School,Near,1,68,0
39,95,-1.0,2,1,9,54,2,1,2,Medium,Medium,Private,Positive,3,0,High School,Moderate,1,77,1
22,61,-1.0,1,1,6,97,2,1,0,Low,High,Public,Negative,2,1,High School,Near,1,63,0
15,86,-1.0,2,1,10,68,1,1,0,High,Medium,Public,Neutral,5,0,College,Near,1,69,1
17,91,-1.0,1,1,8,66,1,1,3,Medium,Low,Public,Positive,2,0,College,Near,1,69,1
27,90,-1.0,0,0,8,67,1,1,2,Medium,Medium,Public,Negative,3,0,Postgraduate,Near,1,70,1
21,95,-1.0,1,1,6,66,2,1,1,Medium,High,Public,Positive,4,0,College,Near,1,73,1
11,89,-1.0,0,1,9,76,1,1,1,Medium,High,Public,Neutral,3,0,Postgraduate,Far,1,66,1
26,97,-1.0,0,0,5,79,2,1,2,Low,Low,Private,Positive,3,0,High School,Near,0,71,1
16,73,-1.0,0,1,6,71,1,1,2,High,High,Public,Positive,5,0,College,Near,1,66,0
31,80,-1.0,1,1,6,71,2,1,2,Low,High,Public,Neutral,3,0,High School,Near,0,71,0
26,61,-1.0,0,1,5,87,1,1,3,High,High,Public,Positive,2,1,High School,Near,1,66,2
17,60,-1.0,2,1,8,50,2,1,0,Low,High,Public,Positive,4,0,High School,Near,0,63,0
28,70,-1.0,2,1,8,97,1,1,5,Low,Low,Public,Negative,5,1,High School,Near,1,70,2
20,64,-1.0,1,1,8,86,1,1,1,Medium,Medium,Public,Neutral,2,0,Postgraduate,Near,1,66,0
25,70,-1.0,1,0,7,85,1,1,1,Medium,Medium,Public,Negative,4,0,High School,Near,1,66,0
23,67,-1.0,1,0,8,71,2,1,2,Medium,Medium,Public,Neutral,4,0,College,Moderate,0,66,0
15,61,-1.0,1,0,7,98,1,1,1,Medium,Medium,Public,Neutral,3,0,High School,Near,1,62,0
16,96,-1.0,1,0,6,50,2,1,1,Medium,High,Public,Positive,3,0,College,Near,1,69,1
26,60,-1.0,2,1,6,54,0,1,1,Low,Medium,Private,Positive,1,0,Postgraduate,Moderate,1,63,2
18,89,-1.0,0,1,4,90,0,1,1,High,Medium,Public,Positive,2,1,Postgraduate,Near,0,68,2
18,66,-1.0,2,0,9,87,1,1,1,Medium,Low,Private,Positive,3,0,High School,Moderate,1,64,0
14,96,-1.0,2,1,9,64,2,1,2,Low,High,Public,Neutral,3,0,Postgraduate,Moderate,1,69,1
23,96,-1.0,1,1,10,80,0,1,3,Low,High,Public,Positive,3,0,High School,Near,1,71,1
32,86,-1.0,1,1,6,77,1,0,2,Medium,Low,Private,Negative,4,0,High School,Near,1,71,1
14,87,-1.0,1,0,6,76,1,1,1,Low,Medium,Private,Positive,4,0,College,Far,0,66,1
20,60,-1.0,1,1,4,80,0,1,2,High,Medium,Private,Positive,3,1,College,Moderate,1,63,2
28,99,-1.0,1,1,8,100,0,1,0,Medium,Medium,Public,Positive,2,0,High School,Far,1,72,1
20,95,-1.0,1,1,8,99,0,0,1,Low,Medium,Private,Neutral,3,0,College,Near,0,70,1
23,96,-1.0,0,0,9,99,1,1,0,High,Medium,Private,Neutral,2,0,College,Near,0,71,1
14,86,-1.0,0,1,6,77,1,1,3,High,Medium,Private,Neutral,3,0,High School,Far,1,65,1
23,74,-1.0,0,1,8,66,0,1,0,High,Medium,Public,Negative,4,0,Postgraduate,Near,0,65,2
19,96,-1.0,1,0,6,78,2,1,1,Low,Low,Public,Positive,2,0,High School,Far,1,67,1
26,72,-1.0,1,0,9,81,2,1,0,Medium,High,Public,Neutral,3,0,High School,Near,1,68,0
27,83,-1.0,1,1,8,66,1,1,3,Medium,Medium,Public,Positive,4,0,College,Far,0,70,1
36,64,-1.0,1,1,5,82,1,1,2,Medium,High,Private,Positive,2,0,High School,Near,0,70,0
23,97,-1.0,2,1,7,81,0,1,2,Medium,High,Public,Neutral,3,0,High School,Near,1,72,1
22,66,-1.0,2,0,4,95,1,1,1,Low,Low,Public,Neutral,5,0,College,Moderate,1,65,0
21,69,-1.0,1,1,5,62,2,1,2,Low,Medium,Public,Positive,3,0,High School,Near,1,65,0
18,82,-1.0,1,1,5,85,2,1,3,Medium,High,Private,Neutral,4,0,Postgraduate,Near,1,71,0
22,91,-1.0,2,1,6,73,0,1,3,High,Medium,Public,Positive,4,0,Postgraduate,Near,1,74,1
18,85,-1.0,1,0,7,56,0,1,0,Low,Medium,Private,Positive,4,0,High School,Moderate,1,64,2
21,69,-1.0,1,0,7,66,2,1,1,Medium,Medium,Private,Neutral,4,0,High School,Far,0,64,0
28,60,-1.0,2,1,7,53,0,1,3,Low,Medium,Private,Neutral,3,0,High School,Near,0,65,2
14,90,-1.0,1,1,7,66,1,1,1,Medium,Medium,Public,Neutral,5,0,College,Near,1,67,1
27,99,-1.0,1,0,7,53,0,1,2,Low,High,Public,Neutral,3,0,College,Near,1,73,1
28,92,-1.0,2,0,5,96,2,1,1,Medium,Low,Public,Neutral,3,0,College,Moderate,1,72,1
19,78,-1.0,1,0,7,55,0,1,0,Medium,Medium,Public,Positive,3,0,College,Near,1,65,2
7,96,-1.0,2,0,9,91,1,1,0,Low,Medium,Public,Neutral,4,0,College,Near,1,67,1
16,76,-1.0,1,1,7,95,0,1,2,Medium,Medium,Public,Negative,3,0,High School,Near,0,66,2
28,81,-1.0,1,1,8,73,0,1,0,Medium,High,Public,Negative,3,0,Postgraduate,Near,1,70,2
20,79,-1.0,1,0,8,53,1,1,2,Medium,Medium,Private,Neutral,3,0,High School,Moderate,0,66,0
14,78,-1.0,2,1,8,80,0,1,1,Medium,Medium,Public,Neutral,1,0,High School,Near,0,66,2
17,91,-1.0,0,1,7,62,0,1,3,High,Medium,Public,Negative,3,0,Postgraduate,Near,1,68,1
25,81,-1.0,1,1,8,59,0,1,3,Low,Medium,Public,Positive,4,0,College,Near,1,68,2
23,73,-1.0,2,0,8,78,0,1,0,High,Medium,Public,Neutral,4,0,High School,Moderate,0,67,2
19,70,-1.0,1,1,8,68,2,0,1,Low,Medium,Public,Positive,3,0,College,Near,0,65,0
18,62,-1.0,0,1,8,87,1,1,4,Low,Medium,Public,Positive,4,0,College,Near,0,64,0
18,83,-1.0,1,0,5,80,2,1,1,High,High,Public,Positive,2,0,College,Near,1,70,0
14,69,-1.0,1,0,5,91,1,1,0,High,Medium,Public,Positive,3,0,College,Moderate,1,63,0
30,66,-1.0,2,0,6,53,0,0,2,Low,Medium,Public,Positive,2,0,High School,Near,1,65,2
18,86,-1.0,1,1,9,62,1,1,4,Medium,Medium,Public,Negative,2,1,Postgraduate,Near,0,67,2
27,87,-1.0,1,1,7,78,0,1,3,Low,Medium,Private,Negative,5,0,High School,Near,0,71,2
29,90,-1.0,1,1,7,94,1,1,1,Low,Low,Private,Neutral,4,0,High School,Near,0,73,1
26,80,-1.0,1,0,4,91,0,1,1,Low,Medium,Private,Neutral,3,0,High School,Far,1,67,2
17,96,-1.0,1,1,7,84,1,1,2,Low,High,Private,Positive,3,0,College,Near,0,72,1
22,97,-1.0,1,0,7,79,2,1,2,Medium,High,Public,Positive,0,0,High School,Far,1,71,1
20,92,-1.0,2,1,4,82,2,1,0,Medium,Medium,Public,Neutral,4,0,Postgraduate,Near,1,72,1
15,85,-1.0,2,1,7,61,1,1,1,Medium,High,Public,Negative,3,0,High School,Near,1,68,1
22,72,-1.0,0,1,5,80,1,1,2,Low,High,Public,Neutral,3,0,College,Near,0,65,0
13,99,-1.0,1,0,6,75,0,1,1,Medium,Medium,Public,Positive,4,1,College,Far,0,68,2
27,71,-1.0,0,0,8,69,1,1,1,High,Medium,Public,Positive,4,0,College,Near,1,67,0
17,68,-1.0,1,0,7,94,2,1,1,High,Medium,Private,Neutral,4,0,College,Moderate,0,66,0
21,78,-1.0,0,1,6,91,1,1,0,Medium,Low,Private,Neutral,1,1,High School,Near,1,64,2
22,62,-1.0,1,0,6,54,1,1,3,Low,Medium,Private,Neutral,3,0,Postgraduate,Near,1,65,0
18,99,-1.0,1,0,6,99,1,1,0,Low,Medium,Public,Neutral,3,0,High School,Moderate,1,69,1
24,84,-1.0,1,1,7,61,1,1,2,Medium,Medium,Public,Positive,2,0,High School,Far,1,68,1
17,82,-1.0,2,0,5,61,1,1,3,Medium,Medium,Public,Neutral,4,0,Postgraduate,Near,1,69,1
25,86,-1.0,1,1,9,97,0,1,1,High,Medium,Private,Neutral,3,0,High School,Moderate,1,70,2
12,80,-1.0,1,0,5,72,1,1,1,High,Medium,Private,Positive,4,1,High School,Near,0,65,2
21,61,-1.0,1,0,4,90,0,1,2,Medium,Low,Public,Neutral,3,0,High School,Near,1,63,2
32,84,-1.0,1,1,8,64,1,1,1,Low,High,Private,Positive,3,0,College,Near,0,71,1
14,89,-1.0,2,1,6,94,0,1,0,Low,Medium,Private,Neutral,2,0,Postgraduate,Near,1,68,1
16,77,-1.0,1,1,7,92,2,1,5,Low,High,Public,Positive,3,0,Postgraduate,Near,0,70,0
23,90,-1.0,2,1,8,76,2,1,2,Medium,Low,Public,Positive,3,0,High School,Near,0,72,1
21,69,-1.0,1,1,6,85,1,1,3,Low,Low,Public,Neutral,1,0,College,Far,0,64,0
22,69,-1.0,1,0,7,98,0,1,0,Low,Medium,Public,Positive,2,0,Postgraduate,Moderate,1,64,2
23,66,-1.0,0,1,8,73,2,1,2,High,Medium,Public,Positive,2,0,College,Near,0,66,0
24,75,-1.0,2,1,9,75,2,1,0,Medium,High,Public,Positive,3,0,College,Far,1,69,0
27,94,-1.0,0,0,6,86,1,1,2,Medium,Medium,Private,Neutral,2,0,High School,Near,0,71,1
22,93,-1.0,2,1,6,69,2,1,0,High,Low,Public,Negative,3,1,High School,Near,1,69,1
19,75,-1.0,1,0,8,98,0,1,1,Low,Medium,Public,Neutral,3,0,Postgraduate,Moderate,1,67,2
24,84,-1.0,1,1,7,52,1,1,0,Low,High,Public,Neutral,3,0,High School,Near,1,66,1
31,89,-1.0,1,0,7,70,1,1,2,Low,High,Public,Positive,2,0,High School,Moderate,0,71,1
19,70,-1.0,0,1,9,86,0,1,2,High,Medium,Public,Neutral,2,1,High School,Near,1,63,2
14,67,-1.0,0,0,4,71,1,1,0,High,Medium,Public,Neutral,4,0,College,Near,0,62,0
27,99,-1.0,2,0,5,63,1,1,0,Medium,High,Public,Neutral,4,0,High School,Near,0,73,1
19,85,-1.0,1,0,4,71,0,1,1,Medium,High,Public,Negative,3,0,High School,Far,0,66,1
7,99,-1.0,1,1,9,94,1,1,3,High,High,Public,Positive,2,0,Postgraduate,Moderate,1,72,1
25,74,-1.0,0,1,8,77,0,1,1,Low,Medium,Public,Neutral,2,0,Postgraduate,Moderate,0,67,2
17,88,-1.0,0,0,5,67,1,0,0,Medium,High,Public,Neutral,3,0,Postgraduate,Near,1,65,1
19,69,-1.0,1,1,7,84,1,1,2,Medium,Medium,Public,Neutral,4,0,High School,Near,1,66,0
22,70,-1.0,1,1,7,81,0,1,3,Medium,Medium,Public,Neutral,2,0,Postgraduate,Moderate,0,68,2
21,80,-1.0,2,1,4,78,1,1,1,Medium,High,Private,Neutral,4,0,High School,Near,0,69,1
24,73,-1.0,1,1,7,70,1,1,0,High,Medium,Public,Negative,3,0,Postgraduate,Near,0,68,0
17,67,-1.0,2,1,5,54,1,1,0,Low,Medium,Public,Negative,2,0,High School,Moderate,1,61,0
23,71,-1.0,0,1,8,81,1,1,3,Medium,High,Private,Positive,2,0,High School,Near,1,68,0
18,61,-1.0,0,1,5,71,0,1,3,High,High,Private,Neutral,3,0,College,Near,1,64,2
24,88,-1.0,0,1,7,71,0,0,1,Low,High,Public,Neutral,3,0,College,Moderate,1,67,1
24,80,-1.0,2,1,9,62,2,1,3,High,Low,Public,Neutral,3,0,High School,Moderate,1,68,0
14,64,-1.0,2,0,8,62,0,1,1,Medium,High,Public,Positive,4,1,High School,Moderate,1,61,2
27,67,-1.0,0,0,8,89,0,1,1,Low,Low,Public,Positive,3,0,Postgraduate,Near,0,66,2
17,64,-1.0,0,1,7,74,0,1,2,Medium,Low,Public,Positive,2,0,Postgraduate,Near,0,64,2
25,85,-1.0,1,0,5,55,0,1,3,High,Medium,Public,Negative,3,0,High School,Moderate,0,67,1
22,64,-1.0,2,0,6,52,0,1,2,High,Medium,Private,Negative,4,0,College,Moderate,0,64,2
31,90,-1.0,2,0,7,61,0,1,0,Low,Medium,Public,Positive,3,0,High School,Near,1,72,1
19,61,-1.0,1,0,7,74,0,1,2,High,Medium,Public,Negative,3,0,Postgraduate,Far,1,62,2
18,70,-1.0,1,1,5,81,0,1,2,Low,Medium,Private,Negative,2,0,High School,Far,0,63,2
20,96,-1.0,2,0,8,57,0,1,1,Low,Medium,Private,Neutral,4,0,High School,Near,1,70,1
18,89,-1.0,1,0,5,72,0,1,3,Medium,Medium,Public,Positive,3,0,College,Moderate,1,69,1
25,63,-1.0,1,1,9,54,1,1,3,Medium,Low,Public,Positive,2,0,High School,Near,1,64,0
10,93,-1.0,1,0,7,52,1,1,2,Medium,Medium,Public,Positive,3,0,Postgraduate,Near,1,66,1
14,80,-1.0,1,1,8,93,1,1,3,Low,High,Private,Positive,4,0,High School,Near,0,67,0
14,94,-1.0,2,1,8,83,1,1,4,Medium,Low,Public,Negative,5,1,Postgraduate,Near,0,71,2
26,84,-1.0,2,1,10,89,1,1,0,Low,High,Private,Positive,1,0,High School,Far,0,70,1
30,87,-1.0,1,0,7,59,1,1,2,Medium,Medium,Public,Neutral,3,0,High School,Moderate,1,69,1
19,100,-1.0,0,0,6,66,2,1,0,Low,Medium,Public,Neutral,3,0,High School,Moderate,1,68,1
19,69,-1.0,2,1,6,72,1,0,1,Low,Medium,Public,Neutral,1,0,College,Near,0,64,0
20,85,-1.0,1,1,9,83,0,1,3,Medium,Medium,Public,Positive,3,1,College,Near,1,70,2
27,78,-1.0,0,1,5,77,1,1,0,Medium,Low,Private,Neutral,3,0,Postgraduate,Near,1,69,0
14,62,-1.0,1,1,6,78,1,1,0,High,Low,Public,Positive,2,0,College,Near,0,63,0
21,61,-1.0,1,0,7,58,1,1,1,Medium,Low,Public,Negative,3,0,High School,Near,0,60,0
26,65,-1.0,0,0,7,74,1,1,2,Low,Medium,Public,Negative,4,0,High School,Near,0,65,0
23,86,-1.0,1,0,8,91,1,1,0,Low,Medium,Public,Negative,0,0,High School,Near,1,67,1
21,83,-1.0,0,0,5,75,0,1,1,Medium,Medium,Public,Negative,4,0,College,Near,1,66,2
26,82,-1.0,2,0,7,60,1,0,3,Low,Medium,Public,Neutral,3,0,Postgraduate,Near,0,68,1
4,61,-1.0,2,1,7,71,2,1,0,Low,Low,Public,Positive,1,0,Postgraduate,Near,1,58,0
24,79,-1.0,2,1,5,88,1,1,0,Medium,Medium,Public,Neutral,3,0,High School,Moderate,0,67,0
16,97,-1.0,1,1,8,57,0,1,0,Medium,Medium,Public,Positive,4,1,High School,Near,1,68,2
9,76,-1.0,1,1,7,79,1,1,1,Low,Medium,Public,Neutral,3,0,High School,Near,0,62,0
23,85,-1.0,2,0,7,98,2,0,2,Low,Medium,Public,Negative,3,0,Postgraduate,Moderate,0,69,0
28,91,-1.0,2,1,6,69,2,1,1,Medium,High,Private,Neutral,4,0,High School,Far,1,73,1
19,91,-1.0,0,0,6,52,1,1,2,Low,Medium,Public,Negative,4,1,High School,Moderate,1,66,2
26,81,-1.0,1,1,5,82,1,1,0,Medium,Medium,Public,Negative,5,1,Postgraduate,Near,0,67,2
30,94,-1.0,1,0,8,52,1,1,1,Medium,Low,Public,Neutral,4,0,High School,Near,0,71,1
28,76,-1.0,1,1,9,60,1,1,1,Low,Medium,Public,Neutral,2,0,High School,Far,1,66,0
30,96,-1.0,1,1,10,52,1,1,0,High,High,Public,Positive,4,0,College,Moderate,0,74,1
24,70,-1.0,2,0,8,59,0,1,2,Low,High,Public,Positive,5,0,High School,Near,1,67,2
20,71,-1.0,1,0,6,93,2,1,2,Medium,High,Public,Negative,2,0,Postgraduate,Near,1,68,0
10,62,-1.0,1,0,6,87,2,1,2,Low,High,Public,Neutral,3,0,High School,Near,1,61,0
19,92,-1.0,2,0,8,67,1,1,2,Medium,Medium,Private,Negative,2,0,High School,Near,0,69,1
15,77,-1.0,1,1,7,95,0,1,4,Low,Medium,Public,Positive,4,0,High School,Moderate,1,65,2
33,69,-1.0,2,1,7,83,1,1,2,Medium,Low,Public,Neutral,2,0,Postgraduate,Near,1,71,0
19,69,-1.0,0,0,7,72,1,1,1,Low,Low,Public,Positive,2,0,High School,Far,0,61,0
21,96,-1.0,2,1,9,53,1,1,0,Low,High,Public,Neutral,3,0,College,Near,1,70,1
23,93,-1.0,0,0,6,87,1,1,2,Medium,Medium,Private,Neutral,3,0,High School,Moderate,1,70,1
20,82,-1.0,2,1,9,69,0,1,1,Medium,Medium,Public,Positive,3,0,College,Near,1,69,2
30,85,-1.0,0,1,7,65,2,1,2,Low,Medium,Public,Negative,3,0,High School,Near,0,70,0
16,79,-1.0,1,1,6,64,1,1,4,Low,Low,Public,Positive,4,1,College,Near,1,67,2
21,76,-1.0,1,0,6,50,0,1,2,Low,Medium,Public,Negative,4,0,Postgraduate,Moderate,0,63,2
16,97,-1.0,1,0,7,87,1,1,1,High,Medium,Public,Neutral,3,0,High School,Near,0,70,1
12,65,-1.0,1,0,8,57,1,1,1,High,High,Private,Positive,5,1,High School,Near,0,61,2
16,77,-1.0,2,1,6,76,0,1,1,Low,Medium,Public,Neutral,1,0,Postgraduate,Moderate,0,64,2
20,74,-1.0,1,1,8,51,2,1,2,Medium,Medium,Public,Negative,3,0,College,Near,1,65,0
17,80,-1.0,1,0,6,81,1,1,1,Medium,High,Public,Neutral,1,0,College,Far,1,65,1
16,78,-1.0,0,1,7,68,2,1,3,Low,High,Private,Positive,3,0,Postgraduate,Far,0,66,0
12,81,-1.0,2,1,5,82,0,1,1,Medium,High,Public,Positive,3,0,High School,Far,0,66,2
20,66,-1.0,1,1,8,54,1,1,2,Medium,Low,Public,Positive,2,0,Postgraduate,Near,1,63,0
11,81,-1.0,2,1,7,63,1,1,3,Medium,Medium,Public,Neutral,2,0,Postgraduate,Near,1,66,1
25,70,-1.0,1,1,9,56,2,1,0,Low,Medium,Public,Positive,1,0,High School,Far,1,64,0
20,67,-1.0,0,0,8,82,1,1,3,Low,High,Public,Neutral,4,1,High School,Near,1,65,2
11,63,-1.0,1,0,7,55,0,1,3,High,Medium,Private,Positive,1,0,Postgraduate,Near,1,62,2
18,91,-1.0,2,1,9,81,2,1,4,High,Medium,Public,Neutral,5,0,High School,Moderate,1,71,1
15,77,-1.0,1,1,8,57,0,1,1,Low,Medium,Public,Neutral,2,0,College,Near,1,63,2
22,85,-1.0,2,0,9,97,2,1,0,Medium,High,Public,Negative,3,0,College,Moderate,1,70,0
28,89,-1.0,0,1,6,71,0,1,2,Low,Medium,Private,Neutral,4,0,College,Moderate,1,70,1
9,87,-1.0,1,0,8,56,1,1,1,Medium,High,Public,Positive,3,0,College,Moderate,0,65,1
21,79,-1.0,2,1,8,52,1,1,1,Low,High,Public,Neutral,3,1,High School,Near,0,66,2
19,76,-1.0,0,1,5,66,1,1,2,Medium,Medium,Private,Positive,4,0,College,Near,0,66,0
24,75,-1.0,0,0,9,95,2,1,0,Medium,High,Public,Positive,2,0,College,Near,1,68,0
21,86,-1.0,2,0,5,57,1,1,1,Low,Medium,Private,Negative,3,0,High School,Near,1,68,1
15,80,-1.0,1,1,5,90,1,1,4,Medium,High,Private,Neutral,3,0,High School,Near,0,69,1
18,94,-1.0,1,1,4,71,1,1,3,High,Low,Public,Positive,3,0,College,Near,0,71,1
15,95,-1.0,1,1,8,90,0,1,2,Low,Low,Private,Negative,1,0,Postgraduate,Near,1,69,1
26,67,-1.0,2,1,5,94,1,1,0,Medium,Medium,Public,Positive,2,0,College,Near,1,68,0
20,65,-1.0,2,1,6,100,1,1,2,Low,High,Public,Neutral,5,0,High School,Moderate,1,67,0
31,85,-1.0,1,0,8,53,1,1,2,Low,High,Public,Positive,3,0,High School,Near,1,72,1
20,72,-1.0,1,1,7,90,2,1,2,Medium,Medium,Public,Neutral,3,0,High School,Near,1,68,0
16,61,-1.0,1,1,6,53,0,1,0,High,Medium,Public,Positive,4,1,High School,Moderate,0,60,2
11,96,-1.0,2,0,5,66,2,1,2,Low,Medium,Public,Neutral,4,0,High School,Moderate,1,68,1
9,69,-1.0,1,1,7,82,2,1,1,High,High,Public,Positive,2,0,High School,Near,0,65,0
10,97,-1.0,2,0,8,72,2,1,0,Low,Medium,Public,Neutral,3,0,Postgraduate,Moderate,0,67,1
22,89,-1.0,1,0,8,78,0,1,4,High,Medium,Private,Positive,3,0,High School,Near,0,70,1
23,91,-1.0,0,1,10,98,2,1,0,Low,High,Private,Negative,3,0,High School,Near,0,70,1
11,68,-1.0,1,0,6,91,0,1,3,Low,High,Public,Negative,2,0,College,Far,0,61,2
25,69,-1.0,0,1,5,68,1,1,2,High,High,Public,Positive,4,0,College,Far,1,68,0
17,81,-1.0,2,0,7,80,2,1,1,Low,Medium,Public,Negative,3,0,Postgraduate,Near,0,67,0
21,67,-1.0,2,0,7,52,1,1,3,Low,Medium,Public,Negative,3,1,High School,Moderate,0,62,2
30,72,-1.0,0,0,7,73,1,1,0,High,Medium,Public,Neutral,4,0,High School,Moderate,1,66,0
25,73,-1.0,1,1,6,80,1,1,3,High,Medium,Public,Positive,2,0,High School,Far,0,69,0
18,66,-1.0,2,1,4,86,1,1,2,Medium,Medium,Public,Negative,4,0,College,Near,0,66,0
15,68,-1.0,1,1,5,95,1,1,0,High,Medium,Public,Negative,5,0,College,Near,0,64,0
7,92,-1.0,1,0,8,64,2,1,1,Low,Low,Public,Neutral,4,0,Postgraduate,Near,1,66,1
16,67,-1.0,1,0,7,95,0,1,2,Medium,Medium,Public,Neutral,5,1,High School,Near,1,63,2
19,61,-1.0,2,1,8,83,0,1,1,Medium,Medium,Private,Negative,3,0,High School,Near,1,62,2
14,85,-1.0,1,1,8,54,0,1,1,High,Medium,Private,Negative,4,0,Postgraduate,Moderate,1,65,2
19,99,-1.0,2,0,8,69,0,1,0,High,Medium,Private,Negative,2,0,High School,Moderate,1,68,1
20,73,-1.0,2,1,8,74,0,1,1,Low,Low,Private,Negative,4,0,High School,Moderate,1,65,2
19,65,-1.0,2,1,7,68,0,1,1,Low,Low,Public,Neutral,4,0,College,Near,0,63,2
16,83,-1.0,2,1,7,56,1,1,3,Medium,Medium,Public,Negative,2,0,High School,Near,1,68,1
21,96,-1.0,2,1,4,78,0,1,2,High,Medium,Private,Positive,2,0,High School,Near,1,72,1
23,91,-1.0,0,0,6,57,1,1,2,Low,Medium,Private,Positive,3,0,High School,Near,1,69,1
13,85,-1.0,1,0,6,96,0,1,1,Low,High,Public,Positive,5,0,Postgraduate,Far,1,66,2
28,73,-1.0,0,1,7,93,2,1,2,Low,High,Private,Neutral,3,0,College,Near,1,68,0
19,82,-1.0,0,0,6,74,1,1,1,Medium,High,Public,Neutral,2,0,High School,Moderate,1,64,1
20,64,-1.0,0,1,8,53,0,1,1,Low,Medium,Public,Positive,2,0,High School,Near,1,61,2
24,87,-1.0,1,0,6,78,2,1,0,Low,Low,Public,Neutral,2,1,Postgraduate,Near,1,67,0
21,89,-1.0,0,1,9,80,1,1,0,Medium,Low,Public,Neutral,3,0,Postgraduate,Moderate,1,68,1
26,99,-1.0,1,0,6,94,2,1,2,Medium,Medium,Public,Positive,3,0,High School,Near,1,74,1
22,70,-1.0,2,1,6,53,1,1,3,Medium,High,Public,Positive,2,0,High School,Near,0,67,0
16,61,-1.0,2,1,6,85,1,1,2,Medium,Medium,Private,Positive,3,0,High School,Near,1,64,0
22,82,-1.0,2,0,6,78,1,1,3,Medium,High,Public,Neutral,3,0,High School,Moderate,1,69,1
13,88,-1.0,1,1,9,59,1,1,0,Low,Medium,Private,Negative,3,1,High School,Far,0,63,2
21,92,-1.0,1,0,7,56,1,1,0,Low,Medium,Private,Neutral,4,0,High School,Moderate,0,67,1
20,68,-1.0,1,1,7,85,1,1,1,Medium,Medium,Public,Neutral,3,0,College,Far,1,65,0
19,70,-1.0,1,1,6,67,1,1,5,Medium,Low,Public,Positive,4,0,Postgraduate,Moderate,0,67,0
19,81,-1.0,1,0,7,100,1,1,1,Low,Medium,Private,Negative,5,0,Postgraduate,Moderate,0,68,0
9,73,-1.0,0,1,7,95,1,0,3,Low,Medium,Private,Negative,3,0,Postgraduate,Near,1,62,0
17,94,-1.0,1,1,7,78,1,1,1,Low,High,Public,Neutral,3,0,College,Near,0,70,1
21,79,-1.0,2,1,7,82,1,1,1,High,Medium,Public,Negative,3,0,High School,Near,0,67,0
21,92,-1.0,2,1,9,58,1,1,2,High,Medium,Public,Neutral,5,0,High School,Moderate,0,89,1
14,83,-1.0,1,1,7,95,0,1,1,Low,Medium,Private,Neutral,2,1,High School,Near,0,65,2
28,91,-1.0,1,1,5,73,1,0,2,Medium,Medium,Public,Neutral,2,0,High School,Near,0,69,1
15,73,-1.0,1,0,7,76,2,1,2,Low,Medium,Public,Positive,4,0,High School,Far,0,64,0
26,93,-1.0,0,0,6,94,1,1,6,High,Medium,Private,Negative,4,0,High School,Near,0,74,1
23,71,-1.0,2,0,8,50,1,1,0,High,Medium,Public,Positive,2,0,High School,Far,0,64,0
16,82,-1.0,2,0,7,75,1,1,0,Low,Medium,Public,Negative,2,0,Postgraduate,Moderate,0,64,1
31,69,-1.0,0,1,9,81,1,1,2,Medium,Medium,Private,Negative,2,0,College,Near,1,67,0
13,79,-1.0,0,1,6,58,2,1,2,Medium,Medium,Public,Positive,4,0,College,Moderate,1,63,0
26,73,-1.0,1,1,7,53,0,1,3,Medium,High,Private,Neutral,5,0,High School,Moderate,0,68,2
26,71,-1.0,1,1,5,77,0,1,0,Medium,Medium,Public,Neutral,5,0,Postgraduate,Near,1,66,2
16,99,-1.0,2,1,7,77,2,1,0,Low,Medium,Public,Neutral,3,1,High School,Moderate,0,68,1
28,66,-1.0,2,0,5,67,1,1,1,High,Medium,Private,Positive,1,0,Postgraduate,Moderate,0,68,0
18,91,-1.0,1,0,7,94,1,1,3,Low,Medium,Private,Neutral,2,0,High School,Near,0,69,1
22,99,-1.0,0,0,7,65,1,1,3,Low,Low,Public,Neutral,3,0,Postgraduate,Near,0,71,1
22,61,-1.0,2,1,7,76,1,1,1,High,Medium,Public,Positive,3,0,College,Near,0,65,0
19,88,-1.0,1,1,8,59,1,1,2,Medium,Medium,Private,Neutral,4,0,High School,Near,1,67,1
25,70,-1.0,1,0,7,51,1,1,1,High,Medium,Public,Negative,4,0,College,Near,0,65,0
25,62,-1.0,1,0,5,71,1,1,0,Low,High,Private,Positive,4,0,High School,Moderate,1,65,0
10,76,-1.0,0,0,6,76,1,1,1,High,High,Public,Negative,2,0,Postgraduate,Near,1,80,0
28,97,-1.0,1,1,7,88,2,1,2,Medium,Medium,Public,Neutral,2,0,High School,Moderate,1,74,1
10,60,-1.0,1,0,7,72,0,0,3,Medium,Low,Public,Positive,3,0,High School,Near,1,59,2
26,84,-1.0,1,0,7,64,0,1,2,High,High,Public,Neutral,3,0,High School,Near,1,69,2
27,80,-1.0,0,1,9,80,1,1,0,High,Medium,Public,Neutral,2,1,High School,Moderate,1,66,2
13,95,-1.0,1,1,7,69,1,1,1,Low,Low,Public,Positive,2,1,Postgraduate,Moderate,0,66,2
18,63,-1.0,2,0,8,62,1,1,2,High,Medium,Public,Positive,4,0,High School,Near,0,65,0
13,87,-1.0,1,1,4,96,0,1,3,Low,Low,Public,Neutral,3,1,College,Near,1,67,2
19,87,-1.0,2,0,8,77,0,1,3,Low,Medium,Private,Neutral,4,0,High School,Moderate,1,69,1
18,87,-1.0,0,1,10,60,2,1,2,Medium,Medium,Public,Positive,3,0,High School,Near,0,68,0
25,98,-1.0,1,1,9,84,1,1,1,Medium,High,Private,Neutral,2,0,Postgraduate,Near,0,73,1
28,93,-1.0,2,1,6,90,1,1,1,Low,Medium,Public,Positive,2,1,High School,Near,0,71,2
28,62,-1.0,1,1,10,88,1,1,0,Low,High,Public,Positive,2,1,Postgraduate,Moderate,1,67,2
17,79,-1.0,1,1,7,80,0,1,1,High,High,Public,Positive,3,0,College,Near,0,67,2
19,76,-1.0,0,0,7,76,1,1,0,High,High,Public,Neutral,2,0,Postgraduate,Near,1,66,0
10,72,-1.0,0,0,7,89,1,1,3,Medium,Medium,Public,Negative,4,0,College,Near,0,63,0
15,78,-1.0,2,0,7,85,1,0,1,High,Medium,Public,Negative,1,0,High School,Far,1,65,0
26,75,-1.0,0,1,4,79,1,1,2,High,Medium,Public,Negative,1,0,College,Near,1,67,0
30,77,-1.0,0,1,8,83,1,1,1,Low,Low,Public,Positive,3,0,College,Near,1,69,0
13,99,-1.0,1,1,7,58,1,1,1,Low,Medium,Public,Neutral,2,0,High School,Near,1,67,1
16,64,-1.0,1,1,7,51,2,1,4,High,High,Public,Neutral,3,0,College,Near,1,66,0
20,97,-1.0,2,1,7,97,0,1,2,Medium,High,Private,Neutral,4,0,High School,Moderate,0,74,1
22,79,-1.0,1,0,6,97,1,0,2,High,High,Public,Positive,2,0,College,Moderate,0,69,1
15,85,-1.0,1,1,7,89,2,1,0,Medium,Medium,Public,Negative,4,0,College,Moderate,0,66,0
23,93,-1.0,0,1,9,69,0,1,0,Medium,Medium,Private,Positive,3,1,Postgraduate,Moderate,1,69,2
17,74,-1.0,1,1,8,58,0,1,1,High,Medium,Public,Neutral,2,0,College,Far,1,63,2
20,77,-1.0,0,1,7,68,1,0,0,Medium,High,Private,Positive,3,0,College,Near,0,65,0
23,76,-1.0,1,0,7,86,0,0,1,Low,Medium,Private,Positive,4,0,College,Far,1,64,2
20,75,-1.0,1,0,7,67,2,1,0,Medium,Medium,Private,Neutral,4,0,High School,Near,1,64,0
17,97,-1.0,2,1,6,90,0,1,2,Medium,Low,Public,Negative,2,0,High School,Moderate,1,69,1
19,93,-1.0,2,0,7,84,1,1,5,Low,High,Public,Negative,3,0,High School,Near,0,73,1
19,64,-1.0,1,1,8,81,2,1,1,Medium,Medium,Public,Negative,3,1,High School,Moderate,1,62,0
18,64,-1.0,0,1,7,97,0,1,2,Medium,Low,Private,Neutral,4,0,College,Near,1,62,2
18,77,-1.0,1,1,6,95,2,1,0,Medium,High,Private,Positive,2,0,Postgraduate,Moderate,0,68,0
30,64,-1.0,1,0,7,86,0,1,1,Medium,Medium,Private,Positive,3,0,Postgraduate,Far,0,66,2
23,85,-1.0,2,1,8,60,2,1,2,Medium,Medium,Public,Positive,1,1,College,Moderate,0,68,0
18,66,-1.0,2,1,5,97,1,1,4,Medium,Medium,Public,Neutral,4,0,High School,Moderate,1,66,0
24,81,-1.0,1,1,6,61,0,1,3,Medium,Medium,Public,Positive,3,0,Postgraduate,Near,1,69,2
18,60,-1.0,1,1,5,69,1,1,0,Medium,Medium,Public,Neutral,2,0,Postgraduate,Near,0,62,0
27,73,-1.0,1,0,7,91,1,1,2,High,Medium,Public,Neutral,4,0,College,Far,0,68,0
22,87,-1.0,1,0,8,60,0,1,2,Medium,High,Public,Negative,2,0,College,Moderate,1,67,1
19,79,-1.0,1,0,9,82,1,1,1,Low,Medium,Private,Neutral,4,0,High School,Near,1,65,0
23,99,-1.0,1,0,9,73,1,1,0,Low,Medium,Public,Negative,4,0,College,Near,1,69,1
11,95,-1.0,1,0,6,81,2,1,2,Low,Low,Public,Positive,3,0,High School,Near,1,67,1
13,74,-1.0,0,1,7,98,2,1,0,Medium,Medium,Public,Positive,3,0,Postgraduate,Near,0,64,0
13,62,-1.0,1,1,6,90,1,0,3,High,High,Private,Neutral,3,1,Postgraduate,Near,0,62,2
21,94,-1.0,1,1,9,65,0,1,5,High,High,Private,Neutral,3,1,High School,Near,1,71,2
30,96,-1.0,2,1,9,53,1,0,0,Medium,Medium,Private,Neutral,3,0,High School,Near,1,72,1
33,93,-1.0,2,1,7,98,0,1,0,Medium,Medium,Public,Negative,2,1,High School,Near,0,74,2
24,65,-1.0,2,0,6,79,0,1,1,Medium,High,Public,Neutral,2,0,Postgraduate,Near,1,66,2
23,100,-1.0,0,1,4,59,1,1,2,Medium,Medium,Public,Positive,4,0,High School,Near,0,72,1
9,70,-1.0,1,0,5,81,1,1,1,High,High,Private,Neutral,4,0,Postgraduate,Near,0,65,0
17,89,-1.0,1,1,4,52,2,1,0,Low,Medium,Public,Positive,3,0,College,Far,0,67,1
15,96,-1.0,2,1,5,59,2,1,2,Medium,High,Private,Neutral,2,0,High School,Near,1,70,1
16,69,-1.0,1,1,10,82,1,1,0,Low,High,Public,Negative,1,1,High School,Moderate,1,62,2
19,96,-1.0,0,1,5,70,2,1,0,Low,Medium,Public,Positive,2,0,High School,Far,1,66,1
17,72,-1.0,1,1,5,66,1,1,2,High,High,Public,Negative,3,0,College,Near,1,65,0
8,99,-1.0,2,1,6,83,2,1,2,Medium,High,Public,Positive,4,1,Postgraduate,Near,1,70,1
24,71,-1.0,2,1,10,93,0,1,2,Medium,Medium,Private,Positive,2,1,College,Near,0,69,2
14,98,-1.0,1,1,7,84,0,1,3,High,Medium,Public,Neutral,3,0,High School,Near,0,70,1
21,62,-1.0,2,0,8,73,1,1,2,High,Medium,Private,Negative,2,0,College,Near,0,66,0
32,88,-1.0,0,1,7,83,0,1,1,Low,High,Private,Positive,4,0,Postgraduate,Near,1,73,1
14,81,-1.0,1,0,4,85,0,1,3,Medium,High,Public,Positive,4,0,Postgraduate,Moderate,0,69,2
5,79,-1.0,2,1,9,89,0,1,3,Medium,Medium,Private,Neutral,3,0,College,Near,0,66,2
18,69,-1.0,1,1,8,65,1,1,4,Medium,Medium,Public,Neutral,4,0,High School,Far,1,65,0
27,88,-1.0,0,0,7,56,2,1,2,Low,Medium,Public,Neutral,4,0,Postgraduate,Near,0,70,0
32,68,-1.0,2,0,10,84,1,1,0,Medium,High,Private,Positive,2,0,Postgraduate,Far,1,70,0
13,82,-1.0,1,0,6,56,2,1,2,Low,High,Public,Neutral,4,0,Postgraduate,Near,1,67,0
23,70,-1.0,2,1,7,73,2,1,1,Low,Medium,Private,Positive,3,0,Postgraduate,Near,1,68,0
17,98,-1.0,0,1,6,62,0,1,1,Medium,Medium,Private,Neutral,2,0,College,Near,0,68,1
19,61,-1.0,1,0,9,67,1,1,0,Low,Medium,Public,Negative,2,0,College,Far,0,61,0
36,68,-1.0,1,1,8,74,2,1,2,Medium,Medium,Public,Negative,3,0,High School,Near,1,70,0
11,70,-1.0,2,0,7,95,2,1,0,Low,High,Public,Negative,5,0,College,Moderate,1,65,0
22,77,-1.0,1,1,5,84,1,0,3,High,Medium,Public,Positive,2,0,High School,Moderate,1,66,0
23,69,-1.0,1,1,6,59,1,1,3,High,Medium,Public,Neutral,3,0,Postgraduate,Moderate,1,67,0
27,80,-1.0,0,1,5,94,2,1,3,High,Medium,Public,Negative,3,0,High School,Near,1,69,0
21,95,-1.0,2,0,9,75,1,1,1,Low,Medium,Public,Neutral,2,0,College,Far,1,69,1
22,88,-1.0,1,1,5,60,0,1,1,Low,Medium,Public,Neutral,2,0,High School,Moderate,1,67,1
18,83,-1.0,0,0,9,76,1,1,0,Medium,Low,Private,Neutral,4,0,High School,Near,0,66,0
22,64,-1.0,1,1,9,60,1,1,1,High,High,Private,Neutral,2,0,High School,Near,1,63,0
18,88,-1.0,1,0,6,68,0,1,0,Medium,High,Public,Neutral,4,0,High School,Far,0,67,1
24,67,-1.0,0,1,6,90,1,1,0,Low,Medium,Public,Neutral,1,0,College,Far,1,64,0
18,91,-1.0,0,0,6,83,1,1,2,Low,Medium,Private,Neutral,4,0,High School,Near,1,68,1
22,70,-1.0,2,1,8,74,0,1,2,Low,High,Public,Negative,2,0,High School,Moderate,1,65,2
20,77,-1.0,0,0,9,61,1,1,2,Medium,Medium,Public,Neutral,3,0,High School,Near,1,65,0
27,74,-1.0,0,1,9,64,2,0,1,Low,Medium,Public,Neutral,3,0,High School,Near,1,65,0
20,94,-1.0,1,1,6,99,1,1,0,Medium,Medium,Public,Negative,4,0,College,Near,0,70,1
9,65,-1.0,2,1,9,67,1,1,1,High,Medium,Public,Neutral,3,0,High School,Near,0,62,0
28,83,-1.0,0,0,9,81,1,1,0,Low,Medium,Public,Neutral,4,0,High School,Moderate,1,68,0
15,66,-1.0,2,1,7,75,0,1,0,High,High,Public,Negative,3,0,College,Near,1,62,2
16,88,-1.0,2,1,7,51,1,1,0,Medium,Medium,Public,Positive,3,0,College,Near,0,68,1
16,96,-1.0,1,1,9,97,1,1,0,Medium,High,Private,Neutral,5,0,College,Near,1,72,1
28,77,-1.0,1,1,9,54,0,1,1,High,Medium,Public,Positive,3,0,Postgraduate,Near,0,70,2
7,80,-1.0,1,0,9,83,0,0,3,Medium,Medium,Public,Neutral,3,0,High School,Far,0,62,2
39,97,-1.0,2,1,10,91,1,1,2,Low,Medium,Public,Positive,3,0,High School,Moderate,0,79,1
26,81,-1.0,2,1,8,87,1,1,2,High,High,Public,Neutral,1,0,Postgraduate,Near,1,73,1
21,80,-1.0,2,1,7,90,2,1,1,Low,Low,Public,Negative,2,0,College,Far,1,68,0
20,83,-1.0,1,1,9,87,0,1,0,High,Medium,Public,Neutral,2,0,High School,Near,1,68,2
22,88,-1.0,1,1,10,72,1,1,2,Low,High,Public,Neutral,2,0,High School,Moderate,0,69,1
23,64,-1.0,0,1,6,95,2,1,1,Low,Medium,Public,Positive,2,1,College,Far,0,63,0
24,93,-1.0,1,1,7,96,1,0,5,High,Medium,Public,Negative,4,0,Postgraduate,Near,0,74,1
23,77,-1.0,1,1,5,72,1,1,2,High,High,Public,Negative,5,0,College,Moderate,0,69,0
21,63,-1.0,0,0,8,74,1,1,0,Low,Medium,Public,Negative,3,0,High School,Near,0,61,0
19,91,-1.0,0,1,8,74,0,1,4,Medium,Medium,Public,Neutral,2,1,Postgraduate,Near,0,69,2
19,75,-1.0,0,0,6,64,2,1,2,Low,Medium,Public,Neutral,3,0,High School,Near,0,64,0
19,64,-1.0,1,1,9,56,0,1,2,Low,Medium,Public,Positive,4,0,Postgraduate,Far,0,63,2
27,85,-1.0,2,0,6,63,0,1,1,Low,Medium,Public,Negative,2,0,College,Near,1,68,1
24,95,-1.0,1,1,6,92,1,1,2,Low,Medium,Public,Neutral,3,0,High School,Far,1,72,1
2,96,-1.0,2,1,9,77,1,1,3,Medium,Medium,Public,Neutral,2,0,High School,Far,0,65,1
24,98,-1.0,0,0,6,93,0,0,2,Low,Low,Public,Positive,4,0,College,Near,1,69,1
21,95,-1.0,0,0,5,87,0,1,2,Medium,Medium,Private,Neutral,4,0,High School,Near,1,70,1
20,60,-1.0,1,1,8,67,0,1,1,Medium,Medium,Public,Neutral,4,0,Postgraduate,Moderate,0,63,2
18,75,-1.0,1,1,7,59,0,1,0,Medium,Medium,Public,Positive,2,1,High School,Near,0,62,2
27,93,-1.0,1,1,9,78,0,1,1,Low,Medium,Public,Positive,2,0,Postgraduate,Near,0,72,1
26,75,-1.0,2,0,8,97,1,1,1,Low,Medium,Public,Neutral,4,0,High School,Far,1,69,0
15,84,-1.0,1,0,4,92,0,1,2,Medium,Medium,Public,Negative,3,0,High School,Moderate,0,66,1
22,84,-1.0,1,1,9,88,1,1,2,Low,High,Private,Neutral,4,0,Postgraduate,Near,1,71,1
14,75,-1.0,0,0,10,88,1,1,2,Low,Medium,Private,Negative,3,0,College,Moderate,0,62,0
12,96,-1.0,0,1,9,76,1,1,2,Medium,High,Public,Positive,2,0,High School,Near,1,68,1
16,80,-1.0,0,0,9,58,0,1,0,Medium,Medium,Public,Neutral,2,0,High School,Near,0,63,2
25,79,-1.0,1,1,7,64,1,1,0,Low,Medium,Public,Neutral,3,0,College,Far,0,66,0
26,100,-1.0,1,1,6,79,2,1,1,Medium,High,Public,Positive,3,0,College,Moderate,1,75,1
23,80,-1.0,0,1,7,66,2,1,1,High,High,Private,Positive,4,0,College,Near,0,69,0
24,67,-1.0,1,0,8,89,1,1,2,High,Low,Private,Positive,3,0,High School,Near,0,68,0
23,81,-1.0,1,0,8,69,1,1,5,Medium,Medium,Public,Negative,2,0,High School,Moderate,1,69,1
16,93,-1.0,0,0,6,56,1,1,2,Low,Medium,Public,Positive,4,0,High School,Near,1,67,1
23,91,-1.0,1,1,6,89,1,1,3,Medium,Medium,Private,Negative,3,0,Postgraduate,Near,1,73,1
25,92,-1.0,2,1,5,85,0,1,1,Low,Medium,Public,Negative,1,0,College,Near,1,71,1
25,88,-1.0,1,1,8,63,1,1,2,High,Medium,Public,Positive,3,0,High School,Moderate,0,71,1
27,70,-1.0,1,0,6,99,2,1,2,Low,Medium,Private,Neutral,2,0,High School,Near,0,68,0
24,94,-1.0,0,0,7,70,1,1,1,High,Medium,Public,Neutral,1,0,High School,Near,1,70,1
22,96,-1.0,2,1,10,84,0,1,1,High,High,Public,Negative,3,0,High School,Near,1,71,1
26,68,-1.0,2,0,8,96,2,1,1,Medium,High,Public,Neutral,2,0,High School,Near,1,69,0
20,65,-1.0,1,0,7,58,1,0,3,Low,Medium,Private,Neutral,4,0,High School,Near,1,63,0
15,99,-1.0,1,1,8,94,1,1,2,Medium,Medium,Private,Neutral,3,0,Postgraduate,Near,1,71,1
19,95,-1.0,1,1,9,85,1,0,2,Low,Medium,Public,Negative,3,0,College,Near,1,69,1
16,96,-1.0,1,1,5,58,1,1,2,High,Low,Public,Positive,5,0,Postgraduate,Moderate,1,71,1
16,95,-1.0,0,0,6,83,0,1,2,Low,High,Private,Neutral,3,0,High School,Near,0,68,1
19,82,-1.0,1,0,7,94,1,1,1,Medium,Medium,Public,Positive,3,0,High School,Near,0,68,1
15,86,-1.0,0,0,6,90,1,1,0,Medium,High,Public,Neutral,3,0,Postgraduate,Far,1,66,1
18,82,-1.0,1,0,7,88,1,1,3,Low,Medium,Public,Negative,3,0,College,Moderate,0,67,1
9,62,-1.0,2,1,5,58,0,1,0,Medium,High,Private,Positive,5,0,College,Moderate,0,59,2
21,90,-1.0,1,0,8,60,1,1,1,Low,Medium,Public,Negative,2,0,College,Near,0,66,1
20,80,-1.0,0,0,6,77,0,1,0,Medium,High,Private,Negative,3,0,High School,Near,1,64,2
15,86,-1.0,1,0,7,79,1,1,1,Low,Medium,Public,Neutral,3,1,High School,Moderate,0,64,2
24,80,-1.0,2,1,7,97,1,1,0,Low,High,Private,Neutral,4,0,High School,Moderate,0,69,0
26,80,-1.0,0,0,8,73,2,1,1,Medium,Medium,Public,Neutral,3,0,High School,Near,1,69,0
10,67,-1.0,1,0,4,65,1,0,3,Medium,Medium,Public,Positive,3,0,High School,Near,1,61,0
15,71,-1.0,2,0,8,60,1,1,0,Low,High,Private,Negative,3,0,High School,Far,0,62,0
15,66,-1.0,1,0,7,53,1,1,2,Medium,High,Public,Negative,3,0,College,Near,0,61,0
14,68,-1.0,1,1,8,53,2,1,1,Medium,High,Private,Positive,2,0,College,Near,0,63,0
25,99,-1.0,0,0,5,79,0,1,2,Low,Medium,Public,Positive,4,0,College,Near,0,71,1
19,66,-1.0,2,1,8,59,1,1,1,Medium,Low,Public,Positive,2,0,Postgraduate,Moderate,0,65,0
18,71,-1.0,2,1,9,93,1,1,1,Low,High,Private,Neutral,4,0,College,Moderate,1,68,0
8,84,-1.0,2,0,7,80,1,1,1,High,High,Public,Positive,4,0,High School,Moderate,1,67,1
24,84,-1.0,2,1,6,93,2,1,2,Low,Medium,Public,Neutral,1,0,High School,Near,0,70,1
13,66,-1.0,1,1,6,71,1,1,3,Medium,Medium,Public,Neutral,3,0,High School,Near,1,64,0
20,92,-1.0,2,0,8,80,2,1,0,Medium,Medium,Private,Neutral,3,0,College,Near,1,71,1
22,91,-1.0,1,1,8,76,0,1,2,Medium,Medium,Public,Neutral,3,0,College,Moderate,0,71,1
28,69,-1.0,2,0,8,99,0,1,0,High,Medium,Private,Negative,3,0,High School,Moderate,0,67,2
12,72,-1.0,0,1,7,90,1,1,0,High,Medium,Public,Positive,3,0,Postgraduate,Far,1,63,0
2,98,-1.0,2,1,7,80,2,1,2,Low,High,Public,Neutral,1,0,High School,Near,1,66,1
21,93,-1.0,0,1,7,80,1,1,3,High,Medium,Public,Neutral,1,0,High School,Moderate,1,70,1
31,88,-1.0,0,0,6,62,1,1,2,Low,Medium,Private,Positive,4,0,High School,Near,1,70,1
27,63,-1.0,1,1,8,87,1,1,3,Low,High,Private,Positive,3,0,High School,Near,0,67,0
21,77,-1.0,1,0,7,99,2,1,3,Medium,High,Public,Neutral,3,0,Postgraduate,Near,1,69,0
17,82,-1.0,0,0,9,56,0,1,3,High,Medium,Public,Positive,2,0,High School,Near,0,66,2
25,67,-1.0,2,0,9,82,1,1,1,Medium,Medium,Public,Positive,3,0,Postgraduate,Far,0,67,0
14,78,-1.0,1,1,7,76,1,1,0,High,Medium,Public,Negative,2,1,College,Near,0,65,2
23,84,-1.0,2,1,8,93,1,1,1,High,Medium,Public,Positive,3,0,Postgraduate,Far,1,72,1
23,73,-1.0,2,0,6,50,1,1,1,Medium,Medium,Public,Positive,3,0,College,Near,1,68,0
26,91,-1.0,1,1,7,57,0,1,3,Medium,Medium,Public,Negative,3,0,College,Near,1,72,1
37,94,-1.0,1,1,8,52,2,1,1,Low,Medium,Private,Positive,3,0,Postgraduate,Near,1,76,1
22,73,-1.0,0,1,5,58,1,1,4,Low,Medium,Public,Positive,3,1,College,Near,0,65,2
17,94,-1.0,1,0,8,85,1,1,1,Medium,Low,Public,Positive,4,0,High School,Near,1,68,1
20,64,-1.0,1,1,6,57,1,1,3,Low,High,Public,Neutral,4,0,College,Near,0,65,0
9,94,-1.0,1,1,6,81,0,1,0,Low,High,Public,Positive,3,0,High School,Near,1,66,1
16,66,-1.0,1,0,6,93,1,1,7,Low,Medium,Public,Negative,2,0,High School,Far,1,63,0
18,63,-1.0,0,0,7,52,1,1,2,High,High,Public,Positive,3,0,Postgraduate,Moderate,0,63,0
17,86,-1.0,1,1,5,51,1,1,2,Low,Medium,Private,Neutral,2,0,Postgraduate,Moderate,1,66,1
21,79,-1.0,0,1,8,99,1,1,2,Low,High,Public,Positive,4,0,High School,Near,1,69,0
15,96,-1.0,2,1,7,84,2,1,3,Medium,Low,Public,Positive,1,0,Postgraduate,Near,1,72,1
27,75,-1.0,0,1,10,57,1,1,3,High,Low,Public,Negative,3,0,High School,Near,1,66,0
20,71,-1.0,1,1,7,65,1,0,2,Medium,Medium,Public,Negative,4,0,High School,Moderate,0,64,0
20,80,-1.0,0,1,8,99,0,1,0,Low,High,Private,Positive,3,0,High School,Moderate,1,67,2
18,78,-1.0,2,1,6,61,0,1,1,Low,Medium,Private,Positive,5,0,High School,Near,1,67,2
21,74,-1.0,1,1,5,88,1,1,1,Medium,High,Public,Neutral,1,0,College,Near,1,66,0
25,88,-1.0,0,1,8,62,0,1,2,Low,Medium,Public,Neutral,2,0,High School,Near,0,68,1
15,90,-1.0,1,0,5,70,1,1,0,Medium,Medium,Private,Neutral,2,0,High School,Moderate,1,65,1
16,94,-1.0,2,1,8,94,2,1,2,Low,High,Private,Negative,3,0,High School,Near,1,71,1
18,99,-1.0,2,1,10,51,1,1,1,Medium,Low,Public,Neutral,4,0,Postgraduate,Near,1,71,1
12,71,-1.0,1,1,8,65,1,1,1,Medium,High,Private,Neutral,2,0,High School,Moderate,1,62,0
15,89,-1.0,2,1,8,74,0,1,2,Medium,High,Public,Positive,2,0,College,Near,1,69,1
17,76,-1.0,0,0,7,81,0,1,4,High,Medium,Private,Neutral,2,0,High School,Near,1,65,2
25,87,-1.0,0,0,6,51,0,1,3,Medium,Medium,Public,Neutral,3,0,Postgraduate,Near,1,70,1
22,79,-1.0,1,1,7,71,1,1,2,Low,Medium,Private,Neutral,2,0,College,Moderate,1,66,0
21,100,-1.0,1,0,6,67,1,1,0,High,Medium,Public,Positive,3,0,High School,Far,1,70,1
25,89,-1.0,2,0,5,51,0,1,2,Medium,High,Private,Negative,2,0,Postgraduate,Moderate,0,70,1
19,98,-1.0,2,1,7,68,1,1,1,Low,Medium,Private,Neutral,4,0,High School,Moderate,0,69,1
22,93,-1.0,0,1,9,97,1,1,2,Medium,Medium,Public,Neutral,3,1,High School,Near,1,71,2
19,96,-1.0,1,0,5,64,1,1,1,Medium,Medium,Public,Neutral,3,0,High School,Near,1,69,1
22,93,-1.0,1,0,9,79,1,1,2,Medium,High,Public,Positive,2,0,Postgraduate,Near,0,73,1
17,78,-1.0,1,1,9,65,0,1,1,Medium,High,Public,Neutral,4,0,High School,Moderate,0,65,2
5,70,-1.0,2,1,8,55,1,1,3,Low,Medium,Public,Neutral,3,0,High School,Near,1,62,0
19,75,-1.0,2,0,8,64,1,1,2,High,Low,Public,Negative,5,0,Postgraduate,Moderate,0,67,0
29,61,-1.0,1,1,7,74,2,1,1,Medium,Medium,Public,Neutral,3,0,Postgraduate,Moderate,1,65,0
26,81,-1.0,1,0,7,65,0,1,1,Medium,Medium,Public,Neutral,3,0,High School,Far,1,65,2
26,80,-1.0,2,1,6,81,1,1,0,Medium,Medium,Public,Neutral,2,0,College,Near,0,70,1
27,81,-1.0,1,1,7,97,0,1,1,Medium,Medium,Public,Neutral,2,0,College,Near,0,70,2
21,99,-1.0,2,1,7,53,1,1,0,Medium,Low,Public,Neutral,4,0,Postgraduate,Near,0,71,1
21,96,-1.0,0,0,10,86,0,1,1,Low,High,Public,Neutral,3,0,College,Near,1,71,1
16,66,-1.0,1,1,8,50,0,1,1,Medium,High,Public,Neutral,4,0,High School,Moderate,1,62,2
18,75,-1.0,0,0,7,50,1,1,4,Low,Medium,Public,Positive,2,0,Postgraduate,Near,0,65,0
24,77,-1.0,1,1,7,57,1,1,3,Medium,High,Public,Positive,2,0,College,Far,1,84,0
27,74,-1.0,1,1,6,74,1,1,2,Medium,High,Public,Neutral,2,0,College,Far,1,68,0
19,92,-1.0,1,1,6,52,1,1,3,High,Medium,Public,Positive,1,0,High School,Near,1,70,1
17,81,-1.0,2,0,8,86,1,1,1,Medium,Medium,Private,Neutral,3,0,Postgraduate,Near,1,68,0
20,83,-1.0,1,0,6,51,1,1,2,Low,High,Public,Negative,4,0,Postgraduate,Near,1,67,1
24,94,-1.0,1,1,6,75,0,1,1,Low,High,Public,Negative,4,0,High School,Near,0,69,1
11,92,-1.0,2,1,6,84,1,1,2,Low,Low,Public,Negative,1,0,High School,Near,0,68,1
6,65,-1.0,2,0,6,62,1,0,3,Low,Low,Public,Neutral,1,0,High School,Near,1,59,0
17,89,-1.0,0,1,9,79,1,0,0,Medium,Medium,Public,Positive,2,0,College,Near,0,67,1
13,77,-1.0,2,1,7,63,0,1,0,High,Low,Public,Positive,1,0,High School,Moderate,1,63,2
17,72,-1.0,2,1,7,61,0,1,1,Medium,Medium,Public,Negative,4,0,High School,Near,0,65,2
19,62,-1.0,1,0,7,91,0,1,1,Low,Medium,Public,Positive,3,0,College,Near,1,63,2
17,79,-1.0,1,0,7,67,0,1,1,Low,Medium,Private,Positive,3,0,High School,Near,0,64,2
29,74,-1.0,1,1,6,91,2,1,3,Low,High,Public,Positive,4,0,College,Far,0,72,0
22,70,-1.0,1,1,5,61,2,1,1,Low,Medium,Public,Negative,3,0,College,Moderate,1,63,0
22,88,-1.0,1,0,9,68,1,0,2,Medium,Medium,Public,Neutral,2,1,High School,Near,1,66,2
24,91,-1.0,1,1,8,55,0,1,0,Medium,Low,Private,Neutral,2,0,College,Moderate,0,67,1
13,70,-1.0,2,1,8,75,2,1,1,High,Medium,Public,Positive,2,1,Postgraduate,Moderate,1,66,0
26,62,-1.0,1,1,8,69,1,1,2,Medium,High,Public,Positive,3,0,College,Moderate,0,66,0
20,94,-1.0,1,1,10,50,0,1,1,Low,High,Private,Negative,4,1,Postgraduate,Near,0,68,2
24,60,-1.0,2,0,6,73,1,1,1,Low,Medium,Private,Positive,5,0,Postgraduate,Moderate,1,66,0
14,97,-1.0,1,1,5,54,1,1,3,Medium,Medium,Public,Negative,2,0,College,Near,0,68,1
11,85,-1.0,1,1,8,92,0,1,2,Medium,Medium,Public,Negative,4,0,High School,Far,0,65,2
25,73,-1.0,1,1,5,75,0,1,0,Medium,Medium,Private,Positive,2,0,College,Near,0,67,2
22,70,-1.0,0,0,7,85,1,1,0,High,Medium,Private,Negative,3,0,High School,Far,1,64,0
15,60,-1.0,2,0,7,91,0,1,0,Low,Medium,Private,Negative,2,0,College,Far,1,59,2
15,69,-1.0,1,1,8,53,0,0,0,High,Medium,Private,Negative,3,0,High School,Near,1,60,2
27,66,-1.0,2,0,6,67,0,1,1,High,High,Public,Negative,4,0,College,Far,0,65,2
13,84,-1.0,1,1,9,51,2,1,0,Low,Medium,Public,Negative,4,0,High School,Near,0,64,0
30,67,-1.0,2,0,6,52,1,1,1,Low,Medium,Public,Neutral,1,0,High School,Near,0,66,0
15,81,-1.0,1,1,8,52,1,1,0,Medium,Medium,Public,Neutral,2,0,Postgraduate,Near,1,65,1
24,84,-1.0,1,1,6,74,1,1,2,Medium,High,Public,Positive,2,0,High School,Far,1,69,1
18,72,-1.0,2,1,8,73,1,1,0,Medium,Medium,Private,Positive,4,1,High School,Near,0,66,2
24,61,-1.0,1,1,5,53,1,1,1,Low,High,Private,Neutral,5,0,College,Near,0,65,0
17,61,-1.0,1,0,7,63,0,1,1,Medium,Medium,Public,Positive,4,0,College,Moderate,0,62,2
19,61,-1.0,0,0,9,62,1,1,2,Medium,Medium,Public,Neutral,2,0,High School,Far,0,60,0
20,90,-1.0,1,0,7,65,0,0,4,Low,High,Public,Positive,4,0,College,Moderate,0,68,1
14,73,-1.0,2,1,9,82,1,1,1,Medium,Medium,Public,Negative,3,0,High School,Near,0,64,0
24,92,-1.0,2,0,7,85,2,1,0,Medium,Medium,Public,Positive,3,0,College,Near,0,73,1
17,77,-1.0,1,1,6,67,0,1,1,Low,Medium,Public,Positive,1,0,College,Near,1,64,2
19,78,-1.0,2,0,7,89,1,1,2,Medium,Medium,Public,Neutral,4,0,College,Moderate,0,69,0
14,81,-1.0,1,0,8,71,0,1,1,Low,High,Public,Neutral,3,1,Postgraduate,Near,0,63,2
5,89,-1.0,1,1,4,76,2,1,2,Medium,Medium,Public,Neutral,3,0,College,Near,1,65,1
19,71,-1.0,1,0,8,57,1,1,2,Medium,High,Public,Positive,4,0,High School,Moderate,1,65,0
34,65,-1.0,1,1,6,62,2,1,0,Medium,High,Public,Negative,3,0,High School,Near,1,67,0
25,82,-1.0,1,1,5,86,1,0,0,Low,Low,Public,Positive,4,0,High School,Near,1,67,1
20,73,-1.0,1,0,8,99,0,1,1,Medium,Medium,Private,Positive,3,0,High School,Near,1,66,2
18,78,-1.0,2,1,9,85,2,1,1,Low,High,Private,Negative,2,0,Postgraduate,Near,1,68,0
20,86,-1.0,0,1,7,53,1,1,1,Low,High,Public,Negative,2,0,High School,Near,1,65,1
23,80,-1.0,0,1,5,57,1,1,1,Low,Medium,Public,Neutral,4,0,Postgraduate,Near,1,66,0
13,85,-1.0,0,1,6,72,1,1,2,Low,Medium,Public,Positive,1,0,College,Moderate,0,66,1
27,82,-1.0,1,1,6,87,0,0,2,Low,High,Public,Positive,2,0,High School,Near,1,69,2
24,90,-1.0,1,0,7,58,1,1,2,Low,Medium,Private,Neutral,2,0,Postgraduate,Near,1,70,1
24,88,-1.0,0,1,7,88,1,1,2,Medium,High,Private,Neutral,2,0,Postgraduate,Moderate,1,71,1
23,81,-1.0,1,0,8,78,2,1,4,Low,Low,Public,Positive,3,0,High School,Moderate,1,70,0
20,87,-1.0,1,0,8,89,0,1,2,Medium,Medium,Public,Neutral,3,0,High School,Moderate,1,68,1
24,95,-1.0,2,1,8,78,1,1,2,Low,High,Public,Negative,2,0,Postgraduate,Far,0,73,1
24,77,-1.0,2,0,8,80,2,1,1,Low,High,Public,Positive,2,1,High School,Moderate,0,68,0
18,77,-1.0,1,1,7,62,0,1,2,High,Medium,Private,Neutral,4,0,College,Near,1,66,2
17,91,-1.0,0,1,10,86,0,1,1,Medium,Medium,Public,Neutral,3,1,Postgraduate,Moderate,0,67,2
21,83,-1.0,0,1,8,92,0,1,2,Medium,Medium,Private,Negative,4,1,High School,Near,1,66,2
29,63,-1.0,2,1,8,94,1,1,0,Medium,High,Private,Positive,2,0,Postgraduate,Near,0,69,0
13,96,-1.0,1,0,10,51,1,1,1,Low,Low,Public,Positive,3,0,Postgraduate,Near,0,67,1
11,61,-1.0,0,1,7,81,2,1,5,Medium,Low,Public,Positive,4,1,High School,Near,1,61,0
21,90,-1.0,1,0,6,99,1,1,2,Low,Medium,Private,Negative,3,0,College,Near,0,70,1
20,90,-1.0,2,0,9,79,1,1,2,Low,Medium,Public,Negative,2,0,High School,Near,0,70,1
21,98,-1.0,1,1,9,59,2,0,3,Medium,Medium,Public,Neutral,3,1,College,Near,0,70,1
21,62,-1.0,1,0,7,94,0,1,1,Low,High,Private,Positive,3,0,College,Moderate,0,64,2
19,84,-1.0,1,0,10,63,1,1,0,Low,Medium,Public,Negative,3,0,College,Far,0,65,1
29,77,-1.0,1,0,7,52,1,1,5,Low,Medium,Public,Positive,4,0,College,Near,0,70,0
10,73,-1.0,2,1,8,72,0,1,1,Low,High,Public,Positive,2,0,College,Moderate,0,62,2
15,64,-1.0,2,1,9,55,2,1,1,Medium,Low,Public,Neutral,3,0,College,Near,0,64,0
19,83,-1.0,2,1,7,56,1,1,1,Medium,Low,Private,Positive,3,0,College,Far,0,67,1
10,79,-1.0,1,0,8,73,2,0,1,Low,Low,Public,Neutral,4,0,High School,Near,0,63,0
19,64,-1.0,1,1,9,81,2,1,0,Medium,High,Public,Neutral,3,1,High School,Near,1,62,0
30,84,-1.0,1,0,6,95,1,1,2,High,High,Public,Negative,2,0,College,Near,1,72,1
20,90,-1.0,1,0,6,85,2,0,3,Low,High,Private,Neutral,2,0,College,Near,1,69,1
21,91,-1.0,2,1,9,92,1,1,5,Low,Medium,Private,Negative,2,0,High School,Near,1,72,1
12,96,-1.0,1,1,7,71,2,1,2,Medium,Medium,Private,Positive,2,0,College,Near,1,68,1
16,76,-1.0,1,0,6,66,0,1,1,Medium,Medium,Private,Neutral,3,0,Postgraduate,Near,0,64,2
18,98,-1.0,2,1,7,80,0,1,3,Low,Medium,Private,Neutral,1,0,College,Near,0,72,1
18,95,-1.0,2,1,8,85,0,1,2,Low,High,Public,Positive,3,0,College,Near,0,73,1
28,72,-1.0,1,1,5,78,0,0,5,Medium,Low,Private,Negative,2,0,College,Far,1,67,2
23,66,-1.0,0,1,8,63,1,1,0,Low,Medium,Public,Negative,4,0,College,Near,0,64,0
13,77,-1.0,1,1,8,68,0,1,3,High,Medium,Private,Neutral,3,0,High School,Near,0,65,2
21,76,-1.0,2,1,9,72,0,1,1,Low,High,Public,Neutral,3,0,High School,Moderate,0,67,2
23,83,-1.0,1,1,7,51,0,1,3,Medium,High,Public,Neutral,2,0,College,Moderate,1,68,2
27,83,-1.0,2,1,9,94,1,1,2,Low,High,Public,Positive,2,0,High School,Moderate,1,72,1
29,90,-1.0,0,1,7,76,0,1,1,Medium,Low,Public,Positive,3,0,High School,Moderate,0,71,1
14,80,-1.0,1,1,7,88,1,1,1,Medium,Medium,Private,Neutral,3,0,High School,Near,1,66,0
15,64,-1.0,1,0,7,59,0,1,0,Low,Medium,Public,Neutral,3,1,High School,Near,0,59,2
12,94,-1.0,1,1,10,78,1,1,1,Medium,High,Public,Neutral,2,0,High School,Near,0,68,1
19,72,-1.0,2,1,5,96,0,0,3,Low,Low,Public,Positive,2,0,High School,Moderate,0,64,2
23,99,-1.0,1,0,8,61,0,1,2,High,High,Private,Positive,3,1,High School,Near,0,70,2
26,65,-1.0,1,1,7,67,1,1,4,High,Medium,Private,Negative,3,0,High School,Moderate,0,65,0
20,98,-1.0,1,1,7,69,2,0,2,High,High,Public,Negative,2,0,College,Near,0,72,1
18,64,-1.0,2,0,8,69,1,1,3,High,Medium,Public,Positive,3,0,College,Moderate,1,66,0
21,69,-1.0,1,1,9,80,2,1,2,Medium,High,Public,Positive,5,0,College,Near,1,68,0
15,62,-1.0,2,0,8,70,1,1,1,Low,Medium,Private,Positive,3,0,College,Near,1,62,0
33,88,-1.0,0,0,9,84,1,1,1,Low,Medium,Public,Negative,3,0,High School,Near,1,70,1
10,94,-1.0,1,1,7,74,2,1,3,High,Medium,Public,Positive,3,0,College,Moderate,1,70,1
21,77,-1.0,0,1,7,58,1,1,0,Low,High,Public,Negative,3,0,College,Near,1,64,0
32,97,-1.0,0,1,5,97,0,1,1,Low,High,Public,Positive,5,0,College,Moderate,0,76,1
20,84,-1.0,1,1,10,62,2,1,1,Medium,Medium,Public,Neutral,2,0,College,Moderate,1,67,0
19,85,-1.0,2,0,7,78,0,1,2,Low,High,Private,Negative,3,0,College,Near,1,69,2
18,94,-1.0,0,1,7,53,1,1,4,Medium,High,Public,Positive,3,0,High School,Far,0,68,1
19,72,-1.0,1,1,8,96,0,1,1,Medium,High,Public,Positive,2,0,Postgraduate,Moderate,0,67,2
28,74,-1.0,1,1,9,96,0,1,0,High,High,Private,Neutral,3,0,High School,Near,0,69,2
7,96,-1.0,1,1,6,68,1,1,2,Low,High,Public,Neutral,1,0,High School,Near,0,67,1
29,96,-1.0,2,1,9,56,0,1,0,Low,High,Private,Neutral,4,0,High School,Near,1,73,1
11,99,-1.0,2,1,7,88,2,0,4,Medium,Low,Private,Neutral,3,0,College,Near,1,71,1
18,96,-1.0,0,0,9,63,1,1,4,Low,Medium,Private,Neutral,3,0,Postgraduate,Near,1,70,1
17,65,-1.0,1,1,6,85,1,1,1,Low,Medium,Private,Neutral,3,0,Postgraduate,Near,1,65,0
24,93,-1.0,1,1,8,96,1,1,0,Medium,Medium,Public,Positive,1,0,Postgraduate,Moderate,1,73,1
10,76,-1.0,1,1,7,80,1,1,1,Low,High,Public,Positive,4,0,Postgraduate,Near,0,65,0
23,100,-1.0,1,1,5,93,1,1,4,Low,Medium,Private,Neutral,3,0,Postgraduate,Moderate,1,73,1
32,79,-1.0,2,1,5,61,1,1,0,Low,High,Public,Positive,3,0,College,Near,1,70,0
12,82,-1.0,1,1,6,96,2,1,0,Low,Low,Private,Positive,4,1,College,Near,1,66,0
21,81,-1.0,1,1,8,61,2,1,3,Medium,Low,Public,Negative,5,0,High School,Moderate,0,66,0
16,73,-1.0,1,1,4,61,0,1,4,Low,High,Private,Neutral,5,0,High School,Moderate,1,64,2
23,63,-1.0,1,1,8,94,2,1,2,Medium,Medium,Public,Neutral,5,0,Postgraduate,Near,1,68,0
20,96,-1.0,1,0,7,78,1,1,1,High,High,Public,Neutral,2,0,High School,Near,1,70,1
16,92,-1.0,1,1,4,90,2,1,6,High,Medium,Private,Neutral,3,0,High School,Near,1,72,1
23,66,-1.0,2,0,6,90,1,1,2,Low,Medium,Public,Neutral,3,0,High School,Near,1,66,0
31,91,-1.0,1,1,6,82,1,1,2,Medium,High,Public,Positive,3,0,High School,Near,1,74,1
19,85,-1.0,1,0,7,59,0,1,0,Medium,High,Private,Negative,4,0,College,Moderate,1,67,2
24,76,-1.0,2,1,9,85,1,1,2,Low,Medium,Private,Positive,2,0,Postgraduate,Near,0,71,0
12,70,-1.0,2,1,9,53,1,1,2,Low,Medium,Public,Neutral,2,1,High School,Near,1,60,2
14,94,-1.0,1,0,6,60,1,1,3,High,Medium,Public,Neutral,3,0,College,Near,0,68,1
23,88,-1.0,1,0,6,82,1,1,0,Medium,Medium,Private,Negative,3,0,College,Near,1,69,1
29,82,-1.0,2,0,5,95,1,1,2,Medium,High,Public,Neutral,3,0,College,Near,1,74,1
22,84,-1.0,1,1,6,89,1,1,2,Medium,Medium,Public,Neutral,3,0,High School,Near,1,71,1
18,64,-1.0,1,1,6,67,2,1,0,Low,Medium,Private,Negative,4,0,College,Near,1,63,0
20,79,-1.0,0,1,7,91,2,0,2,Low,Medium,Private,Negative,4,1,College,Moderate,1,66,0
12,68,-1.0,2,0,7,98,1,1,1,Medium,High,Private,Neutral,4,0,High School,Near,1,65,0
24,68,-1.0,0,0,6,67,2,0,0,Low,High,Private,Positive,3,1,High School,Far,0,60,0
25,86,-1.0,0,1,6,59,1,1,3,Low,Medium,Public,Positive,3,0,High School,Near,0,69,1
17,96,-1.0,1,0,6,60,1,1,1,Low,Medium,Public,Neutral,3,0,College,Near,0,69,1
17,76,-1.0,2,1,6,70,0,1,2,High,Medium,Public,Neutral,4,0,Postgraduate,Moderate,1,67,2
22,68,-1.0,1,1,9,53,2,1,1,Medium,Medium,Public,Neutral,2,0,High School,Moderate,0,65,0
17,86,-1.0,2,1,8,74,1,1,1,Low,High,Private,Neutral,4,0,College,Near,1,70,1
20,95,-1.0,1,1,8,87,0,1,0,Low,Medium,Private,Positive,3,0,Postgraduate,Moderate,0,71,1
33,90,-1.0,1,1,9,77,1,1,3,Medium,High,Public,Negative,6,1,Postgraduate,Moderate,1,73,2
19,95,-1.0,2,1,8,99,1,1,0,Low,Medium,Public,Neutral,2,0,Postgraduate,Moderate,1,70,1
18,81,-1.0,0,1,9,73,2,1,1,Medium,High,Public,Neutral,2,0,High School,Near,0,67,0
16,90,-1.0,2,1,8,51,1,1,1,High,Medium,Public,Neutral,5,0,High School,Moderate,0,67,1
24,66,-1.0,2,0,7,74,1,1,0,High,High,Public,Neutral,2,0,College,Moderate,1,65,0
19,74,-1.0,2,1,6,96,1,1,2,High,Medium,Public,Neutral,3,0,College,Moderate,1,69,0
16,76,-1.0,2,1,6,55,1,0,1,Low,Medium,Public,Positive,1,0,Postgraduate,Moderate,1,65,0
28,80,-1.0,2,1,8,61,0,1,1,Low,Medium,Private,Negative,3,0,College,Far,0,68,2
29,97,-1.0,1,0,7,86,1,1,0,Medium,Medium,Public,Positive,3,0,College,Near,0,74,1
16,95,-1.0,1,1,5,65,2,1,0,Medium,Medium,Private,Neutral,3,0,College,Near,0,68,1
9,65,-1.0,1,0,4,88,0,1,1,Low,Medium,Public,Positive,3,0,College,Near,1,61,2
26,67,-1.0,0,1,10,71,2,1,3,Low,Medium,Public,Neutral,3,0,Postgraduate,Near,1,67,0
16,74,-1.0,2,1,6,90,1,1,1,Low,Medium,Private,Negative,4,1,High School,Near,0,66,2
25,72,-1.0,0,1,6,78,0,1,8,Medium,High,Public,Positive,4,0,High School,Near,1,69,2
8,85,-1.0,0,1,9,54,0,1,1,Low,High,Private,Positive,3,0,High School,Near,1,62,2
25,96,-1.0,2,1,5,69,0,1,0,Low,Medium,Public,Neutral,4,0,High School,Moderate,1,71,1
13,98,-1.0,2,1,8,67,1,1,1,Medium,Medium,Private,Positive,4,0,Postgraduate,Moderate,0,71,1
24,86,-1.0,2,1,10,91,0,1,0,Low,High,Private,Positive,4,0,College,Near,0,72,2
20,94,-1.0,2,1,10,81,0,1,1,Medium,High,Public,Neutral,5,1,High School,Far,0,69,2
14,81,-1.0,1,0,6,89,1,0,6,Low,High,Private,Neutral,3,0,College,Near,0,67,1
18,68,-1.0,2,0,7,69,1,1,1,Low,High,Public,Neutral,4,1,High School,Moderate,0,63,2
24,81,-1.0,1,1,6,85,1,0,1,Medium,High,Public,Neutral,4,0,College,Moderate,1,68,0
21,82,-1.0,2,1,7,53,0,1,0,High,Medium,Public,Positive,2,0,Postgraduate,Near,1,69,2
24,90,-1.0,0,1,9,52,0,1,0,Low,Medium,Public,Negative,3,1,College,Near,0,65,2
32,69,-1.0,2,1,5,64,1,1,0,Medium,Medium,Public,Negative,3,0,Postgraduate,Near,0,70,0
11,75,-1.0,1,0,8,89,1,1,2,High,High,Private,Positive,4,0,College,Moderate,1,65,0
30,75,-1.0,1,0,7,77,1,1,0,Low,Medium,Public,Positive,2,0,High School,Moderate,1,67,0
21,98,-1.0,2,1,9,70,1,1,0,Low,High,Public,Positive,1,0,College,Near,1,72,1
15,78,-1.0,2,1,9,95,2,1,1,High,High,Public,Positive,3,0,High School,Near,1,69,0
12,90,-1.0,2,1,6,75,0,0,2,Medium,Medium,Public,Neutral,3,0,Postgraduate,Near,1,69,1
19,90,-1.0,0,0,7,81,1,1,4,High,High,Public,Neutral,4,1,College,Near,0,71,2
26,71,-1.0,0,1,8,99,1,1,1,Medium,High,Public,Positive,3,0,High School,Far,1,67,0
19,83,-1.0,0,0,8,76,0,1,3,Low,Low,Public,Neutral,3,0,Postgraduate,Near,0,65,2
29,96,-1.0,0,0,4,89,1,1,2,Low,High,Public,Neutral,2,0,High School,Far,0,70,1
11,79,-1.0,1,0,8,71,0,1,1,Medium,Medium,Private,Positive,2,0,College,Moderate,0,63,2
20,98,-1.0,2,1,9,52,1,1,0,Medium,Medium,Private,Positive,3,0,College,Far,1,71,1
12,69,-1.0,1,1,7,92,0,1,1,Medium,Medium,Public,Neutral,3,0,College,Near,0,64,2
22,63,-1.0,2,1,8,97,2,1,5,Medium,Medium,Private,Neutral,3,0,High School,Near,1,69,0
25,96,-1.0,1,0,9,72,0,1,0,Low,Medium,Private,Positive,3,0,High School,Near,1,69,1
17,94,-1.0,1,1,7,75,1,1,1,Low,High,Public,Positive,3,0,Postgraduate,Moderate,1,70,1
4,100,-1.0,0,0,8,71,0,1,2,Low,Medium,Private,Negative,4,0,High School,Moderate,0,64,1
21,87,-1.0,2,0,7,100,0,1,1,Low,Medium,Public,Positive,3,0,High School,Near,1,70,1
23,97,-1.0,2,0,7,95,1,1,0,Medium,High,Private,Positive,4,0,Postgraduate,Moderate,0,74,1
22,93,-1.0,1,1,6,52,1,1,1,Low,Medium,Public,Negative,3,0,College,Near,0,69,1
27,94,-1.0,1,1,7,89,1,1,3,Low,Medium,Private,Positive,2,0,College,Near,0,73,1
14,83,-1.0,1,1,10,80,1,1,1,Medium,High,Private,Neutral,3,1,College,Near,0,66,2
24,75,-1.0,2,1,6,51,2,0,1,Medium,High,Public,Negative,3,0,High School,Near,1,67,0
27,97,-1.0,2,0,8,72,1,1,6,Low,Medium,Public,Neutral,2,0,College,Near,0,76,1
9,77,-1.0,1,0,7,57,0,1,2,Medium,Low,Public,Negative,3,0,High School,Near,1,61,2
22,82,-1.0,1,1,9,94,2,1,0,Medium,Medium,Public,Positive,4,0,High School,Moderate,0,68,0
17,78,-1.0,0,1,9,51,2,1,1,Low,Medium,Private,Neutral,3,0,High School,Moderate,1,63,0
20,83,-1.0,0,1,6,94,1,1,1,Low,Medium,Public,Neutral,2,0,High School,Near,1,67,1
22,79,-1.0,0,1,6,97,0,1,3,High,Medium,Public,Negative,3,0,High School,Moderate,1,66,2
17,62,-1.0,0,1,6,54,0,1,2,Medium,High,Public,Neutral,3,0,College,Near,1,62,2
16,95,-1.0,0,1,6,86,1,1,0,Low,High,Private,Neutral,3,0,High School,Near,1,69,1
20,78,-1.0,1,0,6,77,1,1,3,Medium,Medium,Private,Positive,3,0,High School,Moderate,1,67,0
13,84,-1.0,1,0,8,98,0,0,2,Medium,Medium,Public,Positive,2,0,College,Moderate,0,66,2
13,66,-1.0,1,1,6,90,1,1,2,Low,Medium,Public,Positive,3,1,High School,Moderate,1,63,2
24,60,-1.0,1,0,6,85,0,1,1,High,Medium,Public,Neutral,2,0,Postgraduate,Moderate,1,64,2
13,70,-1.0,1,1,6,96,2,1,2,Medium,Medium,Private,Negative,5,0,Postgraduate,Moderate,1,64,0
24,88,-1.0,1,0,8,58,1,1,1,Low,High,Public,Negative,3,0,High School,Near,1,67,1
23,64,-1.0,1,1,7,69,2,1,4,High,Medium,Public,Positive,3,0,High School,Moderate,1,66,0
10,96,-1.0,2,1,7,92,1,1,1,Low,Low,Public,Neutral,1,0,High School,Near,0,68,1
16,69,-1.0,2,1,6,55,1,1,1,Medium,High,Public,Negative,1,0,High School,Moderate,1,62,0
27,68,-1.0,1,1,5,97,0,1,1,Medium,Medium,Public,Negative,4,0,College,Near,1,68,2
14,67,-1.0,0,0,9,87,1,1,1,Medium,Medium,Private,Positive,3,0,High School,Near,1,63,0
17,61,-1.0,2,0,7,72,0,1,1,Medium,High,Public,Neutral,2,0,High School,Moderate,1,62,2
23,91,-1.0,2,0,10,67,2,1,2,Low,Medium,Public,Positive,2,0,College,Near,1,72,1
25,95,-1.0,0,0,8,57,0,1,4,Low,Medium,Public,Neutral,3,0,High School,Moderate,0,69,1
18,85,-1.0,0,1,10,55,2,1,3,Medium,High,Public,Neutral,3,0,High School,Near,1,67,0
16,68,-1.0,2,1,8,71,1,1,1,High,High,Private,Neutral,3,0,High School,Moderate,1,65,0
29,71,-1.0,1,0,7,92,0,1,1,Low,Medium,Public,Positive,3,0,High School,Near,0,69,2
30,79,-1.0,2,1,6,77,1,1,1,Low,Medium,Public,Positive,2,0,High School,Near,1,72,0
26,98,-1.0,1,1,6,73,1,1,2,Low,Low,Public,Negative,3,0,High School,Near,0,70,1
21,70,-1.0,2,0,9,66,1,1,1,Medium,Low,Public,Neutral,4,0,College,Moderate,1,91,0
15,89,-1.0,0,1,7,58,0,1,2,Low,Medium,Public,Negative,3,0,High School,Moderate,1,65,1
15,78,-1.0,1,1,8,100,0,1,0,Low,Medium,Public,Negative,3,1,High School,Near,0,62,2
23,72,-1.0,2,1,8,51,1,1,2,Low,Medium,Private,Positive,3,0,College,Far,1,65,0
23,78,-1.0,1,1,8,66,1,1,1,Medium,High,Public,Neutral,1,0,College,Moderate,0,67,0
28,63,-1.0,0,0,6,88,2,1,4,Medium,High,Public,Neutral,4,0,High School,Far,1,67,0
24,92,-1.0,2,0,9,76,1,1,2,High,Medium,Public,Positive,2,0,High School,Near,0,72,1
11,70,-1.0,0,1,7,66,0,1,1,Medium,High,Public,Negative,3,0,High School,Near,0,60,2
26,89,-1.0,0,0,7,100,0,1,0,Medium,Low,Public,Neutral,3,0,High School,Near,0,69,1
14,63,-1.0,1,0,8,81,0,1,0,Medium,Low,Private,Positive,5,0,High School,Near,0,61,2
18,98,-1.0,1,1,7,65,1,1,1,High,Medium,Private,Neutral,4,0,Postgraduate,Near,0,70,1
22,68,-1.0,2,0,4,92,2,1,2,High,Medium,Public,Neutral,3,0,High School,Near,1,68,0
32,95,-1.0,2,1,9,58,1,1,2,Medium,Medium,Private,Positive,4,0,High School,Near,1,75,1
39,92,-1.0,1,0,9,73,1,1,1,Medium,Medium,Public,Negative,4,0,Postgraduate,Moderate,1,75,1
24,99,-1.0,1,0,4,92,0,1,2,High,Medium,Private,Neutral,3,0,High School,Far,1,72,1
19,79,-1.0,1,1,5,99,2,1,1,Low,Medium,Private,Negative,4,0,College,Moderate,0,66,0
23,89,-1.0,2,0,10,69,0,1,5,Medium,Medium,Public,Neutral,4,0,High School,Near,1,71,1
25,75,-1.0,2,0,7,57,2,1,4,Low,High,Public,Positive,5,0,College,Near,1,70,0
18,67,-1.0,2,1,7,78,0,1,2,Medium,Medium,Public,Negative,3,1,High School,Near,0,63,2
31,78,-1.0,2,1,6,97,0,1,0,Medium,High,Public,Neutral,3,0,High School,Near,1,72,2
21,67,-1.0,1,1,5,83,1,1,1,Low,High,Private,Neutral,5,0,High School,Near,1,65,0
23,99,-1.0,1,1,7,80,0,1,3,Low,Low,Private,Neutral,2,0,High School,Near,1,71,1
24,64,-1.0,1,1,8,65,1,1,0,Medium,Medium,Public,Positive,3,0,College,Near,0,65,0
23,84,-1.0,0,1,7,80,1,1,1,Medium,High,Private,Positive,3,0,College,Moderate,0,69,1
25,85,-1.0,0,1,8,94,1,1,3,Medium,High,Public,Positive,3,0,High School,Moderate,1,71,1
16,82,-1.0,2,1,10,69,1,1,2,Low,Medium,Public,Positive,4,0,College,Near,1,68,0
17,86,-1.0,1,0,6,62,0,1,2,Medium,High,Public,Positive,4,0,High School,Near,0,66,1
13,65,-1.0,1,0,7,74,0,1,0,High,Medium,Public,Neutral,2,1,High School,Moderate,1,60,2
23,82,-1.0,1,0,9,69,1,1,0,High,Medium,Public,Positive,3,0,High School,Near,0,68,0
25,71,-1.0,2,1,6,73,1,1,1,Low,Medium,Private,Neutral,4,0,High School,Near,0,67,0
23,98,-1.0,0,0,7,55,1,1,3,High,High,Private,Neutral,4,0,High School,Near,1,71,1
30,90,-1.0,1,0,10,67,2,1,2,Medium,Medium,Private,Neutral,6,0,High School,Near,1,74,0
20,99,-1.0,1,0,6,91,1,1,2,Medium,Low,Public,Negative,4,0,High School,Near,1,70,1
24,62,-1.0,2,0,9,70,0,1,2,Low,Medium,Public,Positive,2,0,College,Moderate,0,63,2
13,71,-1.0,1,0,7,98,1,1,0,Medium,Medium,Public,Positive,3,0,College,Near,1,64,0
18,68,-1.0,2,1,10,85,2,1,3,Low,Medium,Public,Neutral,3,0,High School,Near,1,66,0
24,60,-1.0,1,1,5,68,1,1,0,Medium,Low,Public,Neutral,3,0,Postgraduate,Near,0,64,0
25,70,-1.0,2,1,7,63,1,1,1,Medium,High,Private,Positive,3,0,College,Moderate,1,69,0
18,87,-1.0,2,1,5,84,1,1,2,Medium,Low,Private,Positive,4,0,Postgraduate,Near,1,71,1
20,69,-1.0,1,0,6,65,1,1,1,Low,Medium,Public,Neutral,2,0,High School,Near,0,64,0
11,80,-1.0,1,1,6,96,0,1,1,Low,High,Public,Neutral,3,0,High School,Near,1,65,2
18,96,-1.0,1,0,7,56,0,1,2,Medium,Medium,Private,Neutral,1,0,College,Near,0,69,1
25,88,-1.0,2,0,5,51,1,1,1,Medium,Low,Public,Neutral,1,0,High School,Near,0,68,1
23,76,-1.0,1,1,7,61,1,1,3,Medium,Low,Public,Positive,4,0,High School,Near,1,68,0
23,75,-1.0,1,1,8,80,2,1,0,Low,High,Private,Neutral,4,0,High School,Moderate,0,68,0
20,78,-1.0,1,1,5,92,0,1,1,Medium,Medium,Public,Positive,3,0,High School,Far,1,65,2
20,67,-1.0,2,0,6,59,0,1,1,Medium,Medium,Private,Negative,4,0,College,Near,0,65,2
16,85,-1.0,0,0,10,79,0,1,1,High,Medium,Private,Neutral,3,0,College,Near,1,66,2
24,75,-1.0,0,0,7,57,1,1,0,Medium,Medium,Public,Neutral,1,0,Postgraduate,Near,1,66,0
23,94,-1.0,0,1,4,78,1,1,2,High,High,Public,Neutral,4,0,High School,Moderate,1,71,1
23,90,-1.0,1,1,5,51,1,1,0,Low,High,Public,Negative,1,0,High School,Near,1,68,1
17,84,-1.0,1,1,7,78,0,1,0,High,High,Public,Neutral,5,1,College,Moderate,0,65,2
7,75,-1.0,2,1,7,76,1,1,0,Medium,Low,Private,Positive,4,0,College,Moderate,0,63,0
27,68,-1.0,1,0,6,52,1,1,1,Medium,Low,Private,Neutral,5,0,Postgraduate,Far,0,66,0
17,91,-1.0,0,1,10,84,1,1,7,Low,High,Public,Neutral,4,1,College,Moderate,1,71,2
15,79,-1.0,1,1,10,79,1,1,2,Low,Medium,Private,Neutral,4,0,College,Moderate,1,65,0
24,69,-1.0,2,1,7,81,0,1,3,Medium,Medium,Private,Neutral,4,0,High School,Near,0,68,2
18,68,-1.0,1,1,8,76,2,1,2,High,Medium,Public,Neutral,3,0,Postgraduate,Near,1,66,0
26,67,-1.0,2,0,8,86,1,1,2,Low,Medium,Public,Negative,2,1,High School,Near,0,64,2
24,91,-1.0,0,1,9,76,2,1,1,Low,Low,Public,Positive,4,0,College,Near,0,70,1
24,69,-1.0,0,1,6,96,1,1,4,High,Medium,Public,Positive,4,0,College,Moderate,1,70,0
12,81,-1.0,2,0,10,97,0,1,1,Low,Medium,Private,Positive,5,0,High School,Near,0,66,2
27,78,-1.0,1,1,7,86,1,1,3,Medium,Medium,Public,Positive,2,0,High School,Moderate,0,70,0
22,83,-1.0,2,0,8,96,1,0,2,Medium,High,Public,Positive,0,0,College,Near,0,71,1
18,95,-1.0,2,0,7,96,1,1,2,Medium,High,Private,Positive,4,1,High School,Moderate,1,70,2
21,95,-1.0,1,0,7,63,1,1,1,Low,Medium,Private,Positive,4,0,Postgraduate,Near,1,70,1
9,78,-1.0,1,1,7,100,0,1,2,Medium,Medium,Public,Positive,2,0,High School,Near,1,66,2
22,61,-1.0,1,0,5,63,0,1,1,Low,Medium,Public,Positive,3,0,Postgraduate,Near,1,64,2
14,77,-1.0,2,0,4,51,0,1,5,Low,Medium,Public,Positive,3,0,College,Moderate,1,66,2
12,84,-1.0,1,1,7,98,2,1,1,Low,Medium,Public,Positive,3,0,High School,Near,0,68,0
11,82,-1.0,0,0,6,61,0,1,2,Medium,Medium,Public,Neutral,2,0,High School,Near,0,61,2
27,86,-1.0,1,1,8,79,1,1,2,Low,High,Private,Positive,4,0,College,Near,1,72,1
16,66,-1.0,2,0,8,99,1,1,1,Low,High,Private,Positive,3,0,High School,Moderate,1,66,0
29,86,-1.0,0,1,7,52,1,1,1,Low,Medium,Public,Positive,3,0,College,Near,0,68,1
17,67,-1.0,1,0,9,63,2,1,1,Low,High,Public,Negative,4,0,College,Far,1,61,0
10,90,-1.0,1,1,7,80,0,1,0,Medium,Medium,Public,Neutral,5,0,High School,Near,0,67,1
13,74,-1.0,2,1,5,88,0,1,3,Low,Medium,Private,Neutral,3,1,College,Near,0,66,2
27,88,-1.0,1,1,7,90,1,1,3,Medium,Medium,Public,Positive,4,0,Postgraduate,Moderate,0,74,1
19,62,-1.0,1,1,9,94,1,1,0,High,Low,Public,Neutral,4,0,Postgraduate,Near,0,66,0
17,76,-1.0,1,1,4,58,1,1,4,Medium,Medium,Private,Neutral,2,0,Postgraduate,Moderate,0,67,0
21,88,-1.0,0,1,7,69,1,1,4,Medium,Medium,Private,Neutral,3,0,College,Near,1,71,1
23,69,-1.0,0,1,8,86,2,1,0,Medium,High,Public,Neutral,4,0,College,Far,1,66,0
27,92,-1.0,1,1,10,86,2,1,0,Low,Low,Private,Positive,3,0,High School,Moderate,1,71,1
29,85,-1.0,1,1,9,65,2,0,4,Low,Medium,Private,Neutral,4,0,Postgraduate,Moderate,1,72,0
18,84,-1.0,1,1,7,65,1,1,2,Medium,Medium,Public,Negative,3,0,High School,Near,0,66,1
12,74,-1.0,0,1,8,66,0,1,1,Low,Medium,Public,Positive,2,0,High School,Near,1,62,2
18,79,-1.0,1,1,4,95,0,1,1,Low,High,Public,Negative,2,0,High School,Moderate,0,66,2
22,84,-1.0,2,1,5,95,1,1,2,Low,High,Public,Neutral,3,0,High School,Moderate,1,69,1
14,79,-1.0,1,1,8,51,1,1,0,Medium,High,Public,Negative,4,0,High School,Near,1,64,0
14,88,-1.0,1,1,7,66,1,1,4,Medium,High,Public,Positive,3,0,High School,Near,0,69,1
22,77,-1.0,0,1,7,70,1,1,2,Medium,Medium,Private,Positive,4,0,Postgraduate,Near,1,69,0
20,68,-1.0,0,1,7,99,2,1,0,Low,Medium,Public,Positive,2,1,College,Moderate,0,64,0
20,69,-1.0,2,1,7,97,1,1,3,Medium,High,Public,Positive,3,1,College,Near,0,68,2
15,60,-1.0,1,1,7,81,0,1,4,Low,High,Public,Positive,2,0,High School,Near,1,63,2
19,72,-1.0,1,1,5,52,0,1,1,Low,Medium,Public,Positive,2,0,High School,Near,1,64,2
14,90,-1.0,2,1,7,60,1,1,2,Medium,Medium,Public,Neutral,4,0,Postgraduate,Near,1,69,1
25,92,-1.0,2,0,5,72,1,1,1,Medium,Medium,Public,Positive,4,0,High School,Near,0,71,1
26,68,-1.0,2,0,6,98,0,1,2,Medium,Medium,Private,Neutral,3,0,College,Far,0,67,2
9,98,-1.0,1,0,9,55,0,1,3,Low,Medium,Public,Positive,2,0,High School,Far,1,67,1
14,80,-1.0,0,1,7,90,2,1,2,Low,High,Public,Negative,2,0,College,Far,0,66,0
11,97,-1.0,2,1,8,60,1,1,0,Medium,Low,Private,Positive,3,0,High School,Near,1,67,1
16,88,-1.0,2,0,7,75,0,1,2,Medium,Medium,Public,Neutral,4,0,Postgraduate,Near,0,68,1
19,89,-1.0,1,1,6,88,0,1,1,Medium,High,Public,Positive,2,0,High School,Near,0,69,1
11,63,-1.0,2,1,5,85,2,0,0,Low,High,Public,Positive,4,1,High School,Moderate,0,62,0
14,69,-1.0,1,1,6,89,2,1,2,High,High,Private,Positive,5,0,High School,Moderate,0,66,0
14,60,-1.0,1,1,7,91,1,1,1,Low,High,Private,Negative,3,0,Postgraduate,Near,1,63,0
21,89,-1.0,0,1,8,65,1,1,2,Low,Low,Public,Neutral,3,0,College,Near,0,67,1
20,74,-1.0,1,0,7,68,2,1,3,Medium,Low,Public,Positive,4,0,High School,Far,1,68,0
16,91,-1.0,0,0,8,91,0,1,2,Medium,Medium,Public,Neutral,2,0,High School,Far,0,66,1
21,74,-1.0,1,1,5,52,1,1,3,Medium,Medium,Private,Positive,1,0,High School,Near,1,66,0
17,93,-1.0,1,0,8,76,0,1,0,Low,Medium,Private,Negative,3,0,High School,Moderate,0,67,1
18,65,-1.0,1,1,5,96,1,1,1,High,Medium,Private,Neutral,2,0,High School,Near,0,66,0
30,67,-1.0,1,1,8,94,1,1,1,Medium,Medium,Public,Neutral,2,0,College,Near,0,69,0
28,74,-1.0,2,0,8,90,2,1,2,Medium,Medium,Public,Positive,3,0,Postgraduate,Near,1,72,0
12,76,-1.0,0,1,4,51,1,1,0,Low,Medium,Private,Neutral,1,0,High School,Near,0,60,0
25,74,-1.0,2,1,8,94,2,1,0,Low,Medium,Public,Positive,4,0,High School,Moderate,0,68,0
25,91,-1.0,1,1,8,96,1,1,3,Medium,Medium,Public,Neutral,3,0,High School,Near,0,72,1
13,64,-1.0,2,1,9,83,0,1,1,High,Medium,Public,Positive,4,0,High School,Near,1,64,2
25,74,-1.0,1,1,6,65,2,1,0,High,Medium,Public,Neutral,1,0,High School,Moderate,1,65,0
29,93,-1.0,2,0,7,74,1,1,3,Medium,High,Private,Positive,3,0,High School,Near,1,76,1
13,63,-1.0,1,0,8,88,1,1,0,Low,Medium,Private,Negative,2,0,High School,Near,1,59,0
14,98,-1.0,1,1,8,91,0,1,0,Low,Medium,Public,Negative,4,0,High School,Moderate,1,67,1
26,99,-1.0,1,1,8,67,1,1,4,Medium,Medium,Private,Positive,4,1,High School,Near,1,73,2
22,64,-1.0,2,0,6,66,0,1,1,Medium,Medium,Public,Neutral,4,0,College,Near,1,64,2
23,72,-1.0,2,0,8,87,0,1,3,Medium,Low,Public,Neutral,3,0,High School,Near,1,67,2
22,75,-1.0,1,1,8,84,0,1,3,High,Medium,Public,Negative,3,0,College,Near,1,69,2
22,91,-1.0,0,1,7,76,1,1,1,Low,High,Public,Neutral,3,0,College,Moderate,0,69,1
12,84,-1.0,2,1,6,71,1,0,2,Medium,Medium,Public,Positive,3,0,College,Moderate,1,67,1
26,86,-1.0,2,1,6,83,1,1,2,Low,Medium,Public,Positive,4,0,High School,Near,1,72,1
27,90,-1.0,1,0,9,52,0,0,2,Low,High,Public,Positive,2,1,College,Near,1,86,2
19,65,-1.0,2,1,8,54,1,1,0,Low,High,Private,Neutral,3,0,High School,Far,0,62,0
20,93,-1.0,0,0,7,79,1,1,1,Medium,Low,Public,Neutral,3,0,Postgraduate,Near,0,69,1
11,88,-1.0,2,1,7,61,0,1,2,Medium,Medium,Public,Neutral,3,0,Postgraduate,Near,1,68,1
23,83,-1.0,2,1,4,89,0,1,1,Medium,Medium,Public,Negative,3,0,High School,Far,1,99,1
23,96,-1.0,1,1,7,89,1,1,1,Low,Medium,Private,Positive,3,0,College,Far,0,70,1
20,88,-1.0,1,1,5,85,1,1,2,Medium,Medium,Public,Negative,3,0,High School,Near,1,68,1
27,68,-1.0,1,1,7,95,0,1,0,Medium,Medium,Public,Positive,4,0,High School,Near,1,67,2
18,77,-1.0,1,1,9,57,0,1,1,Low,High,Public,Negative,2,0,Postgraduate,Near,1,66,2
23,80,-1.0,2,0,6,63,0,1,0,High,Medium,Private,Positive,2,0,High School,Near,1,66,2
14,62,-1.0,2,1,7,63,1,1,2,Low,Medium,Public,Positive,2,0,College,Moderate,0,62,0
20,98,-1.0,1,1,8,89,2,1,3,High,Medium,Public,Negative,2,1,College,Near,1,72,1
19,65,-1.0,2,1,7,76,1,0,0,Medium,Medium,Public,Neutral,3,0,Postgraduate,Near,0,64,0
21,88,-1.0,1,1,6,63,0,1,1,Medium,Medium,Public,Neutral,3,0,High School,Near,0,68,1
18,80,-1.0,2,1,7,57,1,1,2,Low,Low,Public,Positive,3,0,Postgraduate,Far,0,66,0
19,61,-1.0,2,1,8,95,2,1,4,Medium,Medium,Private,Positive,3,0,College,Near,1,68,0
25,97,-1.0,2,1,7,85,2,1,3,High,Medium,Public,Neutral,1,0,Postgraduate,Near,1,75,1
17,94,-1.0,0,0,7,76,2,1,3,Low,High,Public,Neutral,3,1,College,Far,1,67,1
10,81,-1.0,1,1,9,98,1,1,2,Low,Medium,Public,Neutral,2,0,College,Near,1,65,1
30,69,-1.0,1,0,8,92,1,1,2,Medium,Low,Public,Neutral,3,0,High School,Near,0,68,0
28,65,-1.0,1,1,5,59,2,1,2,Low,Medium,Private,Neutral,5,0,High School,Near,1,67,0
12,75,-1.0,1,1,8,75,2,1,1,Low,Medium,Private,Negative,2,0,College,Near,0,63,0
24,70,-1.0,2,1,8,74,0,1,2,Medium,High,Public,Negative,3,0,High School,Near,1,67,2
17,80,-1.0,1,1,5,92,1,1,0,Low,Medium,Private,Negative,4,0,Postgraduate,Near,0,67,0
22,99,-1.0,1,1,4,57,2,1,2,Medium,High,Public,Positive,3,0,College,Near,0,73,1
22,83,-1.0,1,1,5,73,2,0,0,Low,Medium,Public,Positive,3,0,High School,Near,1,67,0
19,96,-1.0,1,0,7,82,1,1,1,High,Medium,Public,Neutral,4,0,Postgraduate,Near,1,71,1
15,86,-1.0,1,0,9,97,1,1,2,Medium,Medium,Public,Negative,4,0,High School,Near,1,67,1
16,79,-1.0,0,1,6,95,1,1,0,High,Medium,Public,Neutral,5,0,College,Near,1,68,0
15,94,-1.0,0,1,8,77,1,1,1,High,High,Private,Positive,1,0,College,Near,1,68,1
15,79,-1.0,1,1,4,80,1,1,1,High,Medium,Private,Negative,4,0,High School,Far,1,66,0
20,95,-1.0,0,1,7,93,0,0,0,Low,High,Public,Neutral,2,0,High School,Near,1,68,1
16,72,-1.0,0,0,6,87,1,0,2,Medium,Low,Private,Positive,4,0,High School,Near,0,63,0
24,65,-1.0,2,0,10,94,1,1,2,Medium,Medium,Public,Neutral,2,0,Postgraduate,Moderate,1,68,0
29,94,-1.0,2,1,4,95,1,1,1,Medium,Medium,Public,Positive,5,0,High School,Near,1,74,1
17,83,-1.0,1,1,7,92,0,1,3,Low,Medium,Public,Neutral,2,1,High School,Moderate,1,65,2
21,96,-1.0,1,1,4,50,1,1,1,Low,Low,Private,Positive,2,0,Postgraduate,Moderate,1,69,1
23,98,-1.0,2,0,6,66,1,1,1,Low,Medium,Public,Neutral,1,0,High School,Moderate,1,70,1
23,62,-1.0,0,1,4,70,2,1,3,Medium,High,Public,Positive,2,0,College,Moderate,0,65,0
20,80,-1.0,1,0,10,84,1,1,1,Medium,Medium,Public,Positive,4,0,College,Near,1,68,0
24,75,-1.0,1,0,6,65,1,0,0,Medium,Medium,Public,Positive,5,0,College,Moderate,1,65,0
23,85,-1.0,2,0,7,66,0,0,0,High,High,Public,Neutral,2,0,College,Near,1,68,1
13,92,-1.0,2,1,7,70,0,1,4,Low,Medium,Public,Neutral,3,0,High School,Near,1,68,1
25,71,-1.0,1,1,5,98,0,1,0,Low,Medium,Public,Positive,1,0,Postgraduate,Far,1,66,2
25,82,-1.0,1,0,9,72,2,1,0,High,Medium,Public,Positive,0,0,College,Near,0,70,0
15,88,-1.0,1,0,8,57,1,1,1,High,Medium,Private,Positive,2,0,High School,Far,1,66,1
20,65,-1.0,2,1,8,50,1,1,0,Low,Medium,Public,Positive,5,0,High School,Near,1,64,0
24,93,-1.0,2,0,5,62,1,1,1,Low,Medium,Public,Neutral,1,0,College,Near,0,70,1
19,84,-1.0,1,0,9,97,0,1,1,High,Medium,Public,Negative,3,1,High School,Near,1,68,2
26,98,-1.0,2,1,9,98,0,1,4,Low,Low,Public,Positive,2,0,College,Moderate,1,74,1
34,74,-1.0,0,1,7,76,1,1,2,Low,High,Public,Positive,2,0,College,Near,0,71,0
15,64,-1.0,1,1,8,82,0,1,0,Low,Medium,Public,Negative,3,0,High School,Near,1,61,2
12,80,-1.0,0,0,7,90,1,1,3,Low,Medium,Public,Neutral,3,0,High School,Near,0,64,1
22,63,-1.0,0,0,5,53,2,1,2,High,Medium,Public,Neutral,1,0,Postgraduate,Moderate,1,64,0
24,99,-1.0,1,1,7,69,1,1,0,Medium,Medium,Private,Positive,3,0,High School,Near,1,73,1
19,62,-1.0,2,1,6,82,1,1,0,Low,High,Public,Negative,3,1,College,Moderate,1,62,2
29,90,-1.0,1,1,7,95,1,1,0,High,High,Public,Neutral,2,1,High School,Near,1,71,2
12,81,-1.0,1,1,9,86,1,1,2,Medium,High,Public,Negative,2,0,Postgraduate,Near,1,68,1
24,75,-1.0,0,1,5,68,2,1,2,Medium,Medium,Public,Neutral,2,0,Postgraduate,Near,1,67,0
16,63,-1.0,1,0,6,95,2,1,1,Medium,Medium,Public,Negative,4,0,College,Far,0,63,0
30,85,-1.0,1,0,6,83,1,1,2,Medium,Medium,Public,Positive,3,0,College,Near,0,71,1
32,83,-1.0,1,1,6,92,0,1,1,High,Medium,Public,Neutral,3,0,High School,Near,1,72,2
15,71,-1.0,1,0,6,69,2,0,3,Medium,High,Public,Positive,3,0,Postgraduate,Moderate,0,66,0
17,96,-1.0,1,1,7,50,0,1,1,Medium,Medium,Private,Negative,4,0,High School,Near,0,67,1
25,72,-1.0,1,1,8,58,1,1,0,Low,Medium,Public,Negative,4,0,College,Moderate,0,66,0
18,78,-1.0,1,0,8,96,1,1,4,High,Medium,Public,Positive,4,1,College,Near,1,68,2
20,82,-1.0,0,1,7,52,0,1,0,Medium,Medium,Private,Neutral,3,0,College,Near,0,64,2
20,64,-1.0,1,1,8,80,2,1,1,Medium,Medium,Private,Positive,3,0,High School,Near,1,65,0
8,97,-1.0,1,1,10,70,2,1,0,Low,Low,Public,Neutral,1,0,High School,Near,1,66,1
20,75,-1.0,2,1,7,71,2,1,1,Medium,High,Public,Positive,4,0,College,Moderate,1,69,0
16,63,-1.0,2,0,9,70,0,1,2,Medium,High,Private,Negative,5,0,College,Moderate,0,64,2
17,75,-1.0,2,1,8,53,1,1,1,Low,High,Public,Positive,3,0,College,Near,0,65,0
29,84,-1.0,1,1,10,56,2,1,3,Low,High,Public,Neutral,4,0,Postgraduate,Far,0,72,0
12,81,-1.0,1,0,8,53,0,1,1,Medium,High,Private,Positive,3,0,College,Near,1,65,2
25,88,-1.0,2,1,6,53,1,1,2,Medium,High,Public,Negative,4,0,College,Near,0,70,1
18,62,-1.0,1,1,7,54,1,1,2,Medium,High,Private,Positive,3,0,Postgraduate,Moderate,1,64,0
18,71,-1.0,0,1,7,85,0,1,1,Low,Low,Public,Neutral,2,0,High School,Moderate,1,62,2
25,93,-1.0,2,0,8,56,2,1,0,Low,Low,Private,Neutral,3,0,High School,Near,1,69,1
22,63,-1.0,0,0,6,63,0,1,1,Medium,Low,Public,Negative,2,0,Postgraduate,Moderate,1,62,2
23,94,-1.0,0,1,9,83,1,1,2,Low,Medium,Private,Positive,2,0,High School,Near,0,69,1
26,64,-1.0,2,0,7,56,1,1,3,Medium,Medium,Public,Positive,3,0,High School,Near,1,66,0
18,93,-1.0,2,1,8,96,1,1,2,Medium,Low,Public,Positive,2,0,High School,Moderate,0,71,1
16,74,-1.0,2,1,7,74,0,1,4,Low,Low,Private,Positive,3,0,High School,Near,1,66,2
13,84,-1.0,1,0,7,98,1,0,0,Low,Low,Public,Neutral,4,1,High School,Near,1,64,2
15,66,-1.0,2,1,7,60,2,1,2,High,Medium,Private,Negative,3,0,High School,Moderate,0,63,0
38,63,-1.0,2,0,8,52,2,1,1,Medium,Medium,Private,Positive,3,0,College,Moderate,1,69,0
27,69,-1.0,2,1,10,80,1,0,1,Medium,High,Public,Positive,4,1,High School,Near,0,68,2
12,65,-1.0,2,1,4,66,1,1,0,Medium,High,Public,Neutral,2,0,High School,Near,0,63,0
12,72,-1.0,1,1,8,79,2,1,1,High,Medium,Public,Positive,3,0,College,Far,1,64,0
23,81,-1.0,0,1,7,74,1,1,0,Low,Medium,Public,Neutral,0,0,Postgraduate,Near,0,66,1
23,84,-1.0,2,1,7,73,1,1,1,High,Medium,Public,Positive,4,0,High School,Near,1,71,1
23,92,-1.0,1,1,4,93,2,1,0,High,Medium,Public,Negative,4,0,High School,Near,0,72,1
18,86,-1.0,1,0,8,60,1,1,2,Low,High,Private,Neutral,1,0,College,Near,1,88,1
19,84,-1.0,2,1,7,75,0,1,1,Low,Medium,Public,Negative,2,0,College,Far,1,66,2
22,76,-1.0,1,1,6,71,1,1,0,Low,High,Private,Neutral,2,0,High School,Moderate,1,65,0
21,79,-1.0,1,1,7,84,0,1,2,Medium,Medium,Private,Neutral,3,0,High School,Near,1,66,2
7,77,-1.0,1,1,7,53,2,1,4,Low,Medium,Private,Positive,2,0,College,Moderate,0,62,0
19,94,-1.0,0,0,4,76,1,1,4,Low,High,Private,Negative,3,0,High School,Moderate,0,68,1
15,69,-1.0,1,1,7,74,2,1,2,Low,Medium,Private,Neutral,5,0,Postgraduate,Near,0,65,0
21,60,-1.0,2,0,8,99,0,1,0,Low,Low,Private,Positive,3,0,High School,Near,1,62,2
38,86,-1.0,1,0,6,88,2,1,1,Low,High,Public,Negative,4,0,High School,Moderate,0,74,0
22,68,-1.0,0,1,7,58,1,1,0,Medium,Medium,Public,Neutral,3,0,Postgraduate,Near,1,64,0
18,96,-1.0,2,0,7,75,2,1,2,Medium,High,Public,Negative,2,0,Postgraduate,Near,1,72,1
26,94,-1.0,1,0,9,89,1,1,0,Low,Medium,Public,Neutral,3,1,High School,Near,0,70,2
23,63,-1.0,1,0,7,76,1,1,2,Medium,High,Public,Positive,1,0,High School,Far,1,65,0
23,64,-1.0,2,1,8,68,0,1,3,Low,High,Public,Neutral,3,0,High School,Near,0,66,2
24,80,-1.0,1,1,7,69,0,1,0,Medium,High,Private,Positive,3,0,College,Far,1,67,2
32,84,-1.0,2,1,10,68,1,1,1,Low,Medium,Public,Positive,5,0,High School,Near,1,73,0
13,71,-1.0,2,1,6,51,0,1,4,High,Medium,Public,Positive,4,0,College,Moderate,0,65,2
23,89,-1.0,2,0,6,87,1,1,4,Medium,High,Private,Neutral,3,0,College,Near,0,74,1
14,84,-1.0,1,0,7,81,1,1,0,High,Medium,Public,Neutral,2,0,College,Near,0,66,1
23,73,-1.0,1,0,6,63,1,1,1,High,Medium,Public,Positive,3,0,High School,Near,1,67,0
14,61,-1.0,1,0,5,82,0,0,0,Low,Medium,Public,Neutral,0,0,High School,Near,0,58,2
17,90,-1.0,2,0,8,65,1,1,2,Low,High,Public,Positive,3,0,Postgraduate,Moderate,1,71,1
18,69,-1.0,2,1,4,62,2,1,1,Medium,Low,Public,Neutral,3,0,High School,Moderate,1,63,0
26,93,-1.0,2,0,6,87,1,1,1,Medium,High,Public,Positive,3,0,College,Near,0,73,1
26,77,-1.0,1,1,5,90,1,1,1,Medium,Medium,Private,Neutral,2,0,High School,Far,0,68,0
13,83,-1.0,1,1,7,81,1,1,4,Low,Medium,Public,Negative,5,0,College,Near,0,66,1
20,95,-1.0,1,0,4,89,1,1,3,Low,Medium,Public,Negative,3,1,High School,Near,1,68,2
16,95,-1.0,0,0,8,68,0,0,2,Medium,High,Public,Neutral,4,0,High School,Near,0,66,1
12,75,-1.0,2,0,8,54,0,1,1,Medium,High,Public,Negative,3,0,High School,Near,0,62,2
19,68,-1.0,1,1,5,80,1,1,0,Medium,Medium,Public,Neutral,3,1,High School,Moderate,1,78,2
18,91,-1.0,1,0,7,63,1,1,1,Medium,Medium,Public,Negative,4,0,College,Near,1,68,1
35,77,-1.0,2,1,8,89,1,1,5,High,Medium,Public,Positive,4,0,College,Near,0,77,0
23,68,-1.0,0,1,8,68,1,1,1,Medium,Medium,Public,Neutral,2,0,College,Near,1,65,0
12,96,-1.0,2,1,5,84,0,1,3,High,Medium,Public,Positive,4,0,Postgraduate,Near,0,73,1
17,68,-1.0,0,1,5,78,1,1,4,Low,Low,Public,Positive,2,0,College,Near,1,64,0
26,61,-1.0,2,1,9,91,1,0,0,High,High,Private,Positive,4,0,College,Near,0,67,0
33,61,-1.0,1,0,6,92,1,1,1,Medium,Medium,Public,Positive,4,0,High School,Near,0,69,0
10,85,-1.0,0,1,6,53,2,1,1,Low,Medium,Private,Neutral,3,1,High School,Moderate,1,60,0
9,86,-1.0,1,0,8,65,2,1,0,Medium,Medium,Public,Positive,3,0,College,Near,0,66,0
31,72,-1.0,2,1,5,94,2,1,2,Low,Low,Public,Positive,2,0,High School,Near,1,70,0
22,73,-1.0,1,1,7,70,0,0,2,Low,Medium,Public,Positive,3,0,College,Near,1,66,2
15,74,-1.0,1,1,8,76,1,1,1,Medium,Low,Public,Neutral,4,0,High School,Far,1,64,0
23,87,-1.0,2,0,5,59,1,1,1,High,Low,Public,Neutral,4,0,College,Near,1,70,1
4,62,-1.0,1,0,6,78,2,1,3,High,Low,Public,Neutral,2,0,High School,Far,0,58,0
20,97,-1.0,2,1,5,63,1,1,0,Low,Low,Public,Negative,3,0,College,Far,0,69,1
22,69,-1.0,1,1,6,91,0,1,0,High,High,Private,Neutral,1,1,High School,Moderate,1,64,2
26,100,-1.0,1,0,9,60,1,1,2,Medium,Medium,Public,Positive,4,0,High School,Near,1,72,1
14,67,-1.0,1,1,9,68,0,1,1,Low,Medium,Public,Neutral,3,1,High School,Near,1,60,2
21,91,-1.0,1,1,7,55,2,1,2,High,Medium,Private,Neutral,3,0,High School,Near,0,70,1
14,69,-1.0,0,1,8,79,1,1,1,High,Medium,Public,Negative,1,0,Postgraduate,Moderate,0,62,0
22,63,-1.0,1,1,8,97,1,1,1,High,High,Public,Neutral,3,0,High School,Moderate,0,66,0
15,95,-1.0,1,1,6,59,0,1,0,Medium,High,Private,Positive,5,0,High School,Far,0,66,1
18,94,-1.0,1,1,7,51,1,1,1,Low,Medium,Public,Neutral,3,1,College,Moderate,1,65,2
14,76,-1.0,1,1,5,71,1,1,1,Low,Medium,Public,Negative,3,0,High School,Near,1,64,0
24,88,-1.0,1,1,6,87,1,1,1,High,Low,Private,Positive,3,0,High School,Near,0,72,1
25,82,-1.0,1,1,7,99,2,1,3,Low,High,Public,Neutral,2,0,High School,Near,0,71,0
19,94,-1.0,2,0,5,53,1,1,1,Medium,Medium,Public,Neutral,3,0,High School,Near,0,68,1
20,73,-1.0,1,1,5,89,1,1,2,Medium,High,Public,Positive,5,1,High School,Moderate,0,68,2
11,81,-1.0,1,1,6,68,2,1,2,High,Medium,Private,Negative,3,0,Postgraduate,Far,0,64,0
18,79,-1.0,1,1,9,58,1,1,3,Medium,High,Public,Negative,3,0,High School,Near,0,65,0
20,74,-1.0,2,1,9,60,1,0,1,Low,Medium,Public,Positive,3,0,High School,Moderate,0,64,0
36,96,-1.0,0,0,7,96,1,1,1,Low,High,Public,Positive,3,0,College,Moderate,0,75,1
13,67,-1.0,1,1,8,90,1,1,2,Low,Medium,Private,Negative,2,0,High School,Near,1,61,0
29,66,-1.0,2,0,6,66,1,1,0,Medium,Medium,Private,Negative,3,0,Postgraduate,Near,1,68,0
26,83,-1.0,1,0,4,97,0,1,2,Low,High,Public,Negative,4,0,College,Moderate,1,70,2
22,86,-1.0,1,0,6,55,1,1,5,High,Low,Private,Negative,3,0,Postgraduate,Near,0,71,1
31,68,-1.0,2,1,7,66,0,1,0,Low,Medium,Public,Positive,3,0,High School,Near,1,66,2
22,76,-1.0,0,1,7,83,0,1,0,Low,Medium,Public,Positive,1,0,College,Near,1,66,2
22,98,-1.0,1,1,7,100,0,1,0,Low,Medium,Public,Neutral,3,0,High School,Far,1,70,1
20,70,-1.0,1,0,7,73,1,1,0,Low,Medium,Public,Negative,5,0,High School,Near,0,62,0
27,87,-1.0,0,1,6,91,0,1,4,High,Medium,Public,Neutral,4,0,High School,Moderate,1,72,1
27,90,-1.0,1,0,8,96,2,1,0,Medium,Medium,Public,Negative,4,0,High School,Moderate,1,72,1
16,78,-1.0,1,1,5,50,1,1,2,Low,Medium,Private,Positive,2,0,College,Moderate,1,63,1
12,98,-1.0,0,1,8,64,1,0,5,Low,Medium,Public,Neutral,5,0,College,Near,0,69,1
19,89,-1.0,1,1,6,55,1,1,0,Medium,High,Public,Positive,2,0,Postgraduate,Moderate,1,68,1
15,78,-1.0,2,1,10,89,0,1,0,Medium,Medium,Public,Neutral,3,0,High School,Near,1,67,2
20,83,-1.0,2,1,7,78,2,1,3,Low,Medium,Private,Neutral,2,0,College,Near,0,71,0
27,88,-1.0,1,1,6,55,0,0,2,Low,Medium,Public,Positive,5,0,High School,Far,1,67,1
17,84,-1.0,0,1,6,71,0,1,0,Medium,Medium,Private,Negative,4,1,High School,Near,1,62,2
20,95,-1.0,1,0,6,76,1,1,0,Low,High,Private,Positive,4,0,High School,Moderate,0,69,1
20,74,-1.0,1,1,8,85,1,1,2,Low,Medium,Public,Positive,0,0,High School,Near,1,67,0
25,72,-1.0,2,1,7,89,1,1,2,Low,High,Public,Positive,3,0,Postgraduate,Near,0,71,0
7,69,-1.0,2,1,8,54,2,1,1,Medium,High,Public,Positive,2,0,High School,Far,1,87,0
16,62,-1.0,1,0,8,74,1,1,2,High,High,Private,Neutral,3,0,High School,Moderate,1,62,0
21,62,-1.0,0,1,7,58,1,1,2,Low,High,Public,Positive,1,0,College,Near,0,64,0
27,95,-1.0,2,0,8,88,2,1,3,Medium,Medium,Private,Positive,2,0,High School,Far,0,74,1
17,87,-1.0,2,1,9,83,1,1,0,Low,High,Public,Neutral,2,0,College,Moderate,1,69,1
9,86,-1.0,1,0,8,86,1,1,1,Low,High,Public,Neutral,1,0,High School,Near,1,65,1
24,85,-1.0,1,1,7,54,1,0,2,Medium,Low,Public,Neutral,3,0,College,Moderate,0,66,1
16,94,-1.0,1,1,8,76,0,1,3,Medium,Medium,Public,Negative,4,0,Postgraduate,Near,0,70,1
13,79,-1.0,2,0,5,92,1,1,3,Medium,Medium,Public,Neutral,3,0,High School,Near,1,68,1
16,95,-1.0,0,0,10,86,1,1,4,High,Medium,Public,Positive,2,0,College,Near,0,70,1
19,74,-1.0,2,0,8,93,2,1,1,Medium,Medium,Public,Negative,3,0,High School,Near,1,68,0
16,97,-1.0,0,1,8,60,1,1,0,Low,High,Public,Positive,3,0,High School,Near,1,69,1
7,88,-1.0,2,1,7,64,0,1,2,Medium,High,Public,Neutral,4,0,Postgraduate,Moderate,1,66,1
25,70,-1.0,1,1,4,72,1,1,0,Low,Low,Public,Neutral,4,0,College,Moderate,1,65,0
28,83,-1.0,1,1,7,76,1,1,1,Medium,Medium,Public,Positive,3,0,College,Near,1,71,1
24,81,-1.0,0,1,7,63,1,1,1,Low,Medium,Public,Positive,3,0,High School,Moderate,1,66,0
13,66,-1.0,1,1,6,69,0,1,2,Low,Medium,Private,Positive,4,0,High School,Near,1,61,2
19,84,-1.0,1,1,6,84,1,1,3,Medium,High,Public,Neutral,2,0,Postgraduate,Moderate,1,69,1
20,73,-1.0,1,0,6,82,0,1,1,Medium,High,Private,Negative,3,0,College,Near,1,65,2
24,62,-1.0,1,1,8,56,1,1,0,Medium,Medium,Private,Positive,2,0,College,Moderate,1,63,0
24,98,-1.0,0,1,9,99,2,1,2,Low,High,Public,Neutral,2,0,Postgraduate,Far,0,73,1
16,86,-1.0,1,1,7,78,0,1,1,Low,Medium,Private,Positive,4,0,Postgraduate,Moderate,1,68,2
20,95,-1.0,1,1,6,74,1,1,1,High,Low,Public,Positive,4,0,High School,Far,0,70,1
23,87,-1.0,1,1,6,98,1,1,3,Medium,Medium,Public,Neutral,3,0,College,Near,1,72,1
29,74,-1.0,1,1,7,57,1,0,3,Medium,Medium,Private,Positive,2,0,High School,Moderate,1,68,0
24,81,-1.0,1,0,7,77,1,1,0,High,Medium,Private,Positive,3,0,High School,Near,1,68,0
25,87,-1.0,1,1,8,90,1,1,1,Low,Medium,Public,Negative,4,0,High School,Near,0,71,1
21,98,-1.0,0,1,6,70,1,1,1,Medium,Medium,Public,Positive,3,0,High School,Moderate,1,68,1
28,70,-1.0,0,1,8,87,2,1,3,Low,Medium,Public,Neutral,3,0,Postgraduate,Moderate,1,70,0
22,95,-1.0,0,1,8,95,1,0,2,Low,High,Private,Neutral,4,0,High School,Near,0,70,1
15,97,-1.0,1,1,6,63,0,1,2,Medium,Medium,Public,Neutral,3,0,High School,Near,0,69,1
28,87,-1.0,1,1,4,62,2,1,2,Low,High,Public,Positive,4,0,High School,Near,0,73,1
24,97,-1.0,1,1,6,68,0,1,1,Medium,High,Public,Neutral,4,0,College,Near,1,72,1
17,76,-1.0,2,0,9,71,1,1,0,Medium,High,Public,Neutral,3,0,Postgraduate,Near,1,67,0
17,98,-1.0,1,0,4,56,1,1,2,Low,Low,Private,Positive,3,0,High School,Near,0,69,1
22,88,-1.0,1,1,9,62,1,1,1,High,Medium,Private,Negative,3,0,College,Near,1,68,1
23,62,-1.0,0,0,4,94,1,1,0,Medium,Low,Private,Positive,3,0,Postgraduate,Far,0,64,0
21,96,-1.0,2,1,6,78,0,1,2,Medium,High,Private,Neutral,3,0,High School,Moderate,0,71,1
22,79,-1.0,1,1,6,63,1,1,1,Medium,High,Public,Neutral,4,0,High School,Near,0,68,0
30,78,-1.0,2,1,10,97,1,1,1,Low,Low,Private,Positive,2,0,High School,Far,1,70,0
26,83,-1.0,2,1,7,89,1,1,3,Low,Medium,Private,Positive,3,0,High School,Moderate,1,72,1
21,66,-1.0,2,1,7,68,2,1,2,Low,Medium,Public,Positive,1,0,High School,Near,0,65,0
26,79,-1.0,2,0,6,88,1,1,1,Low,High,Public,Positive,3,1,College,Near,1,70,2
14,93,-1.0,1,0,8,80,0,1,2,Low,Medium,Private,Positive,4,0,Postgraduate,Near,1,69,1
22,61,-1.0,1,0,6,84,0,1,0,Medium,Medium,Public,Positive,2,0,Postgraduate,Near,1,64,2
31,71,-1.0,2,1,7,66,1,1,3,Low,Medium,Private,Negative,1,0,High School,Near,1,67,0
19,60,-1.0,2,1,6,60,2,1,1,Low,Medium,Public,Positive,2,0,College,Near,1,65,0
15,77,-1.0,1,1,8,63,1,1,0,Medium,Medium,Public,Neutral,1,0,High School,Near,0,62,0
16,89,-1.0,1,0,8,54,1,1,2,Low,High,Private,Positive,2,0,College,Moderate,1,68,1
13,92,-1.0,2,0,6,74,2,1,2,Low,Medium,Private,Neutral,2,0,College,Near,1,68,1
15,98,-1.0,1,0,6,70,0,1,1,Medium,High,Private,Positive,3,0,High School,Moderate,1,68,1
18,84,-1.0,0,1,6,50,1,1,4,High,High,Private,Negative,3,0,Postgraduate,Near,1,68,1
12,70,-1.0,1,1,7,93,1,1,1,Low,High,Public,Neutral,4,0,High School,Far,0,62,0
20,97,-1.0,0,1,8,84,0,1,4,Medium,Medium,Public,Positive,5,0,High School,Near,0,72,1
25,91,-1.0,1,0,7,72,1,1,1,Medium,High,Private,Neutral,3,0,College,Far,1,69,1
15,83,-1.0,2,0,4,98,0,1,3,Low,High,Public,Positive,3,0,High School,Moderate,0,68,1
29,88,-1.0,1,1,8,97,1,1,4,Low,High,Public,Negative,3,1,College,Moderate,1,71,2
23,97,-1.0,2,1,5,55,1,1,0,Medium,Low,Public,Neutral,3,0,High School,Moderate,0,69,1
26,88,-1.0,2,0,6,81,1,1,1,High,Medium,Public,Positive,2,0,High School,Near,1,71,1
16,75,-1.0,2,1,7,91,0,1,2,Low,Low,Public,Positive,5,0,High School,Far,1,65,2
25,89,-1.0,2,0,7,59,1,1,1,Low,Medium,Public,Neutral,4,1,High School,Near,1,68,2
13,62,-1.0,1,1,8,56,0,1,1,Low,High,Public,Positive,4,1,High School,Near,0,60,2
25,75,-1.0,1,1,6,63,0,1,3,High,Medium,Private,Neutral,4,0,High School,Near,1,68,2
21,76,-1.0,2,0,6,64,1,1,1,Medium,Medium,Public,Neutral,4,0,High School,Near,0,66,0
23,67,-1.0,1,0,7,98,0,1,4,Low,Medium,Private,Neutral,3,0,High School,Moderate,1,66,2
13,61,-1.0,1,1,8,89,0,1,4,Low,Medium,Private,Neutral,4,0,High School,Far,0,62,2
15,65,-1.0,1,0,8,53,1,1,2,Low,Medium,Public,Negative,3,0,College,Near,1,61,0
24,86,-1.0,1,0,7,89,0,1,2,Low,Medium,Public,Negative,3,0,Postgraduate,Far,0,69,1
14,92,-1.0,2,1,9,58,2,1,1,High,Low,Public,Positive,2,0,High School,Near,1,69,1
23,100,-1.0,1,1,9,68,1,1,4,High,High,Private,Negative,3,0,Postgraduate,Near,1,74,1
12,74,-1.0,2,1,8,66,0,1,1,Low,Medium,Public,Negative,4,0,High School,Near,0,62,2
25,84,-1.0,1,1,5,64,1,1,0,Low,Medium,Public,Negative,3,0,College,Moderate,0,67,1
13,97,-1.0,1,0,8,65,2,1,1,Low,Medium,Private,Positive,2,0,High School,Near,0,69,1
23,67,-1.0,0,1,7,88,1,1,1,Low,Medium,Private,Positive,4,0,High School,Near,1,66,0
24,89,-1.0,2,1,6,63,1,1,2,High,Medium,Private,Positive,3,0,College,Near,1,72,1
16,90,-1.0,0,0,6,90,1,1,2,High,Medium,Public,Neutral,3,0,High School,Near,1,69,1
23,64,-1.0,2,1,7,55,1,1,0,Medium,Medium,Public,Positive,4,0,High School,Moderate,1,65,0
22,94,-1.0,2,0,6,80,0,1,0,High,Medium,Private,Positive,2,0,Postgraduate,Near,1,72,1
17,93,-1.0,1,1,7,93,0,1,2,Medium,Medium,Private,Positive,4,0,High School,Near,1,69,1
14,61,-1.0,2,0,7,54,1,1,3,Low,Medium,Public,Positive,2,1,High School,Near,0,60,2
8,64,-1.0,1,0,7,82,2,1,0,High,Medium,Public,Neutral,1,1,Postgraduate,Near,0,61,0
22,62,-1.0,0,0,8,76,1,1,1,Medium,Low,Public,Neutral,3,0,High School,Near,1,63,0
11,73,-1.0,1,0,7,67,1,0,3,Medium,High,Private,Positive,5,1,Postgraduate,Near,1,63,2
21,80,-1.0,1,1,6,55,2,1,1,High,High,Public,Negative,3,0,Postgraduate,Moderate,1,68,0
18,81,-1.0,1,1,4,84,0,1,1,Medium,Medium,Private,Positive,4,0,College,Near,0,68,2
24,71,-1.0,1,0,8,65,1,1,1,Low,Medium,Private,Negative,2,0,High School,Near,1,65,0
18,96,-1.0,2,0,7,67,1,1,1,High,Medium,Public,Positive,2,0,High School,Near,0,71,1
18,75,-1.0,1,1,7,86,0,1,1,Low,Medium,Private,Negative,3,0,High School,Near,1,64,2
24,62,-1.0,1,0,9,97,1,1,1,Medium,Medium,Private,Negative,2,0,Postgraduate,Near,1,65,0
22,72,-1.0,1,1,5,67,0,1,2,Medium,Medium,Public,Neutral,4,0,College,Near,0,67,2
22,81,-1.0,1,0,7,87,0,1,0,Low,Medium,Public,Neutral,2,0,High School,Near,0,67,2
23,76,-1.0,1,1,6,98,1,1,1,Low,High,Public,Neutral,3,0,College,Moderate,1,67,0
11,71,-1.0,1,1,8,55,1,1,1,Low,Medium,Public,Negative,3,0,College,Near,0,87,0
25,65,-1.0,2,1,4,76,2,1,1,High,Medium,Private,Neutral,1,0,High School,Moderate,0,67,0
24,93,-1.0,1,1,8,51,2,1,4,Medium,Medium,Private,Positive,2,1,High School,Near,1,72,1
14,100,-1.0,0,1,8,91,2,1,0,Low,High,Public,Neutral,3,0,High School,Near,0,69,1
19,73,-1.0,1,1,6,64,0,1,1,High,Medium,Public,Positive,3,0,College,Moderate,0,65,2
20,75,-1.0,1,1,7,67,0,1,1,Low,Medium,Private,Positive,4,0,High School,Near,0,66,2
19,85,-1.0,2,0,6,84,0,1,3,Medium,Medium,Private,Negative,3,0,Postgraduate,Near,1,70,1
22,89,-1.0,2,1,8,89,1,1,0,Medium,Medium,Private,Neutral,3,0,High School,Moderate,1,71,1
29,76,-1.0,2,1,8,70,0,0,1,Low,Low,Public,Neutral,4,0,College,Moderate,0,67,2
26,96,-1.0,1,0,5,83,1,1,0,Medium,High,Public,Positive,2,0,High School,Far,1,72,1
12,82,-1.0,1,0,5,98,1,1,0,Low,High,Public,Neutral,1,0,High School,Moderate,1,63,1
24,78,-1.0,0,1,9,94,0,1,0,Low,High,Public,Neutral,4,0,High School,Moderate,0,67,2
28,86,-1.0,1,0,10,85,1,1,6,Low,High,Public,Neutral,2,0,High School,Near,1,72,1
22,98,-1.0,1,0,8,97,0,1,1,High,Medium,Private,Positive,1,1,Postgraduate,Near,0,72,2
27,92,-1.0,1,0,8,94,1,0,1,Low,Medium,Private,Negative,4,0,College,Near,0,70,1
32,62,-1.0,1,0,7,86,0,1,0,Low,Medium,Public,Positive,2,0,High School,Near,0,67,2
26,73,-1.0,1,0,7,96,2,1,0,Medium,High,Private,Neutral,3,0,High School,Near,0,68,0
21,79,-1.0,1,1,8,91,2,1,1,Low,Medium,Public,Positive,3,0,High School,Moderate,1,67,0
26,73,-1.0,2,0,7,75,0,1,3,Low,Medium,Public,Positive,5,0,College,Near,1,70,2
21,88,-1.0,0,0,9,75,2,0,1,Medium,High,Private,Neutral,2,0,Postgraduate,Moderate,0,67,1
20,93,-1.0,1,1,7,50,1,1,1,High,High,Public,Positive,4,0,College,Near,1,71,1
18,89,-1.0,0,1,7,52,1,1,1,High,High,Public,Positive,3,0,Postgraduate,Near,0,69,1
29,100,-1.0,1,1,7,87,1,0,3,Low,Medium,Public,Negative,5,0,College,Near,0,74,1
15,71,-1.0,0,0,7,78,1,1,0,Medium,Medium,Private,Positive,3,0,High School,Near,1,63,0
29,95,-1.0,0,1,9,88,1,1,0,Medium,High,Public,Neutral,2,0,High School,Near,0,72,1
23,91,-1.0,0,1,7,97,0,1,2,Low,Medium,Public,Neutral,3,0,College,Moderate,1,71,1
12,74,-1.0,1,0,7,73,1,1,1,Low,Medium,Public,Neutral,5,0,High School,Moderate,1,64,0
22,89,-1.0,1,1,7,54,1,1,1,High,Medium,Public,Positive,3,0,High School,Near,0,69,1
7,64,-1.0,2,0,6,81,1,1,2,Low,Low,Private,Positive,3,0,Postgraduate,Moderate,0,62,0
24,92,-1.0,1,1,5,55,1,0,1,Medium,Medium,Public,Neutral,4,0,College,Near,1,69,1
25,81,-1.0,0,1,9,81,0,1,2,Low,Medium,Public,Neutral,3,0,High School,Near,1,68,2
16,72,-1.0,1,1,9,76,2,1,6,Low,Low,Public,Negative,3,0,High School,Near,1,67,0
21,86,-1.0,1,1,9,86,2,1,2,Medium,Medium,Public,Neutral,3,0,Postgraduate,Near,1,71,0
32,86,-1.0,1,1,5,68,0,1,1,Medium,Medium,Public,Negative,4,0,High School,Moderate,1,70,1
17,68,-1.0,1,0,9,57,1,1,2,Medium,Low,Public,Neutral,3,0,High School,Moderate,1,63,0
14,61,-1.0,2,0,10,62,1,1,0,High,Medium,Public,Negative,4,0,College,Moderate,0,60,0
29,77,-1.0,1,0,9,84,1,1,0,Low,High,Public,Neutral,3,0,College,Near,0,69,0
32,83,-1.0,1,1,9,74,1,1,3,Low,Medium,Public,Neutral,3,0,College,Moderate,1,71,1
20,95,-1.0,0,1,8,77,1,1,1,High,High,Public,Positive,2,0,High School,Near,1,69,1
26,97,-1.0,0,1,6,66,1,1,2,Medium,Medium,Public,Positive,1,0,College,Near,0,73,1
28,81,-1.0,2,1,8,92,1,1,1,High,Medium,Public,Positive,3,0,College,Near,0,73,0
16,90,-1.0,1,0,5,100,1,1,1,Low,Medium,Public,Positive,3,0,High School,Moderate,0,68,1
17,78,-1.0,1,1,6,66,1,1,2,Low,Medium,Public,Positive,4,0,College,Moderate,1,67,0
27,90,-1.0,2,0,7,86,2,1,2,Medium,Medium,Public,Positive,3,0,College,Moderate,1,74,1
30,68,-1.0,2,0,7,59,1,1,3,Low,Medium,Public,Positive,3,0,College,Moderate,1,68,0
23,75,-1.0,1,0,8,87,0,1,1,Medium,High,Public,Positive,2,0,College,Near,0,69,2
15,85,-1.0,1,0,4,72,1,1,4,Low,High,Private,Neutral,4,0,College,Near,1,69,1
32,61,-1.0,2,1,7,80,1,1,0,Low,Medium,Public,Positive,4,1,College,Moderate,0,68,2
17,89,-1.0,2,0,8,62,1,1,1,Low,High,Public,Positive,1,0,High School,Moderate,1,66,1
18,93,-1.0,0,1,8,93,1,1,3,Low,High,Public,Negative,3,0,Postgraduate,Moderate,1,69,1
22,76,-1.0,1,1,8,59,1,1,1,Low,Medium,Public,Positive,2,0,College,Near,0,66,0
29,78,-1.0,1,1,7,96,2,1,5,Low,Medium,Public,Positive,4,0,College,Moderate,1,72,0
25,94,-1.0,0,1,6,53,0,1,1,Medium,Medium,Public,Negative,3,0,College,Near,0,69,1
22,91,-1.0,1,1,8,64,1,1,1,Low,High,Public,Positive,3,1,High School,Moderate,1,68,2
23,72,-1.0,1,1,7,78,1,1,1,Low,Medium,Private,Neutral,3,0,High School,Near,1,66,0
20,73,-1.0,0,1,8,93,2,1,1,Low,High,Public,Negative,4,0,High School,Far,1,65,0
23,87,-1.0,1,0,8,79,2,1,2,Low,High,Public,Neutral,2,0,Postgraduate,Near,1,71,1
5,83,-1.0,1,1,7,61,1,1,2,Low,Medium,Public,Negative,4,0,High School,Moderate,1,61,1
18,66,-1.0,1,1,6,93,1,1,1,Low,Medium,Public,Neutral,3,1,College,Near,0,63,2
21,72,-1.0,2,1,9,80,0,1,1,Medium,Medium,Public,Neutral,3,0,High School,Near,0,66,2
13,96,-1.0,2,0,8,62,1,1,0,High,Medium,Private,Neutral,2,0,Postgraduate,Near,1,69,1
22,88,-1.0,2,1,10,78,1,1,0,Medium,High,Private,Positive,2,0,High School,Moderate,1,71,1
19,99,-1.0,1,1,8,84,2,1,0,High,Medium,Public,Positive,4,0,High School,Near,0,73,1
31,91,-1.0,1,1,8,84,0,1,2,Low,Medium,Public,Negative,2,0,High School,Near,1,72,1
29,98,-1.0,2,0,5,86,0,1,2,Medium,Medium,Private,Negative,4,0,High School,Far,1,73,1
17,69,-1.0,2,1,7,95,1,1,1,Low,High,Private,Positive,2,0,High School,Moderate,1,65,0
19,91,-1.0,2,1,7,91,1,1,1,High,High,Public,Neutral,3,0,High School,Near,0,71,1
20,61,-1.0,1,1,8,80,1,1,1,Low,High,Public,Positive,3,0,High School,Near,1,65,0
17,87,-1.0,1,0,8,52,0,1,1,Medium,Medium,Public,Positive,5,0,College,Near,1,67,2
21,79,-1.0,2,1,8,87,1,1,1,Low,High,Public,Neutral,2,0,Postgraduate,Moderate,1,69,0
15,74,-1.0,2,0,10,99,0,0,0,Low,Medium,Private,Neutral,3,0,College,Moderate,1,63,2
13,94,-1.0,2,1,6,65,2,1,2,Medium,Medium,Public,Neutral,2,0,Postgraduate,Moderate,1,68,1
24,94,-1.0,0,1,8,80,2,0,1,Low,Medium,Public,Neutral,4,0,High School,Near,0,70,1
24,61,-1.0,1,1,8,88,0,1,1,Low,Medium,Private,Positive,4,0,High School,Moderate,0,64,2
15,84,-1.0,1,0,10,82,1,1,1,High,Low,Private,Negative,2,1,High School,Near,1,64,2
25,75,-1.0,2,1,8,96,2,1,1,Low,Medium,Private,Neutral,0,0,College,Near,1,68,0
16,77,-1.0,2,1,8,74,1,1,0,High,Low,Private,Neutral,2,0,College,Moderate,0,65,0
22,93,-1.0,1,0,8,77,1,1,0,High,Medium,Public,Neutral,1,0,High School,Moderate,0,70,1
25,72,-1.0,1,1,8,52,0,1,0,Medium,Medium,Private,Positive,2,0,Postgraduate,Near,1,66,2
20,98,-1.0,0,1,9,95,0,1,1,Low,Medium,Public,Positive,2,0,High School,Moderate,0,70,1
23,67,-1.0,1,1,6,63,2,1,3,Low,High,Private,Neutral,3,0,High School,Near,1,66,0
17,87,-1.0,1,0,6,99,1,1,2,Low,Medium,Private,Neutral,2,0,Postgraduate,Near,1,69,1
19,87,-1.0,2,0,10,60,2,1,2,Medium,Low,Private,Positive,3,0,High School,Moderate,1,69,0
19,70,-1.0,2,0,4,63,1,1,1,Low,Medium,Private,Neutral,3,0,College,Far,0,64,0
16,73,-1.0,1,1,7,74,0,1,1,Low,High,Public,Positive,3,0,High School,Moderate,1,64,2
19,93,-1.0,1,1,7,83,1,1,1,Medium,Medium,Public,Positive,3,0,High School,Near,0,69,1
11,90,-1.0,1,1,7,72,2,1,3,Medium,Medium,Public,Negative,3,0,High School,Near,0,67,1
17,73,-1.0,1,1,9,68,0,1,2,Medium,Medium,Public,Positive,3,1,College,Near,0,63,2
18,81,-1.0,2,1,8,77,0,1,1,Medium,High,Public,Positive,3,0,College,Moderate,1,67,2
18,62,-1.0,2,0,6,98,0,1,3,Medium,Medium,Private,Neutral,1,0,College,Near,1,65,2
19,68,-1.0,1,1,6,98,0,1,2,Low,Medium,Public,Positive,1,0,High School,Moderate,0,64,2
20,79,-1.0,1,0,7,66,0,1,3,High,Medium,Public,Negative,3,0,College,Near,0,68,2
23,63,-1.0,1,1,9,84,2,1,0,High,Medium,Public,Neutral,3,0,High School,Near,0,64,0
25,94,-1.0,1,0,7,86,0,0,2,Low,Medium,Private,Negative,4,0,College,Moderate,1,70,1
16,89,-1.0,1,1,7,83,2,1,0,Low,High,Public,Positive,4,0,Postgraduate,Moderate,1,70,1
13,98,-1.0,0,1,6,56,1,1,1,High,Low,Public,Negative,3,0,College,Moderate,0,67,1
14,88,-1.0,2,1,8,77,1,1,2,Medium,Medium,Public,Positive,3,0,College,Far,1,69,1
17,98,-1.0,1,0,7,88,1,1,2,Low,High,Private,Negative,4,0,High School,Far,1,70,1
18,82,-1.0,2,0,6,60,1,1,5,Medium,High,Public,Negative,3,0,College,Far,1,69,1
15,84,-1.0,0,1,9,67,1,1,1,Medium,High,Private,Negative,3,0,College,Moderate,1,65,1
12,99,-1.0,2,1,10,60,1,1,0,Low,Low,Public,Negative,1,0,High School,Moderate,1,66,1
17,86,-1.0,2,1,7,94,1,1,2,Medium,Medium,Public,Neutral,3,0,High School,Moderate,1,70,1
21,61,-1.0,0,1,7,93,0,1,1,Low,High,Private,Negative,5,0,High School,Near,1,63,2
24,89,-1.0,1,0,5,58,1,1,3,High,High,Public,Positive,3,0,High School,Near,0,69,1
17,96,-1.0,2,1,8,88,1,1,4,Low,Low,Private,Positive,4,0,Postgraduate,Near,1,74,1
18,92,-1.0,1,1,8,68,0,1,2,High,High,Private,Positive,3,0,High School,Near,1,70,1
14,83,-1.0,1,0,7,84,1,1,1,Low,Medium,Public,Neutral,3,0,High School,Near,0,66,1
20,87,-1.0,2,1,6,75,1,1,0,Low,Medium,Public,Positive,3,1,Postgraduate,Near,1,68,2
15,100,-1.0,0,0,10,74,1,1,2,Medium,Medium,Public,Negative,5,0,High School,Far,1,67,1
23,64,-1.0,1,1,8,94,0,1,2,Medium,Medium,Private,Positive,5,0,High School,Moderate,0,66,2
9,87,-1.0,1,0,6,82,1,1,0,Low,Medium,Public,Negative,3,0,College,Near,0,65,1
18,71,-1.0,1,1,8,62,1,1,3,High,High,Public,Positive,2,0,College,Near,1,66,0
22,86,-1.0,1,1,7,56,1,1,1,High,Medium,Private,Positive,4,0,High School,Moderate,1,69,1
21,84,-1.0,1,0,7,97,1,1,2,Low,Low,Public,Neutral,4,0,High School,Moderate,0,67,1
36,66,-1.0,2,1,8,58,2,1,1,Medium,Medium,Public,Positive,3,0,College,Far,1,69,0
22,68,-1.0,1,0,4,87,2,1,2,Medium,Medium,Public,Neutral,3,0,Postgraduate,Far,0,66,0
14,85,-1.0,1,0,4,75,2,1,2,High,Medium,Public,Negative,1,1,High School,Far,0,64,1
19,65,-1.0,1,0,9,57,0,1,1,Medium,Medium,Public,Positive,2,1,High School,Near,0,61,2
9,71,-1.0,2,1,7,89,1,1,0,Low,Medium,Public,Negative,2,0,High School,Near,1,61,0
20,93,-1.0,1,1,6,95,0,1,1,Medium,High,Public,Negative,4,0,College,Moderate,1,70,1
15,73,-1.0,2,0,5,56,1,1,1,Medium,Medium,Public,Positive,2,0,Postgraduate,Near,0,65,0
25,80,-1.0,0,0,7,53,1,1,1,Medium,Medium,Private,Neutral,3,0,College,Moderate,1,67,0
17,98,-1.0,1,0,7,92,1,1,0,High,Medium,Private,Positive,0,0,College,Near,1,69,1
19,69,-1.0,0,1,9,75,1,1,2,Medium,Low,Public,Negative,5,0,High School,Moderate,0,63,0
16,76,-1.0,1,0,8,84,2,1,1,High,High,Public,Neutral,4,0,High School,Near,1,66,0
30,84,-1.0,1,1,7,72,1,1,3,Medium,Medium,Public,Positive,2,0,High School,Near,1,73,1
18,90,-1.0,2,0,8,71,2,0,0,Low,Medium,Public,Neutral,3,0,High School,Near,0,68,1
31,96,-1.0,2,1,9,65,2,1,0,Low,Medium,Private,Positive,2,0,High School,Far,1,74,1
25,97,-1.0,1,1,8,78,1,1,0,Medium,Medium,Public,Neutral,3,0,High School,Near,1,70,1
23,91,-1.0,0,1,8,58,1,1,0,Medium,Medium,Public,Positive,2,0,High School,Far,1,68,1
22,69,-1.0,2,0,7,86,0,1,1,High,Medium,Public,Positive,4,1,High School,Moderate,0,67,2
22,61,-1.0,1,0,6,77,0,1,1,Medium,Medium,Public,Positive,4,0,Postgraduate,Moderate,1,65,2
8,75,-1.0,1,0,5,92,1,1,5,High,High,Public,Positive,4,0,High School,Moderate,1,66,0
18,66,-1.0,1,1,5,96,1,1,0,Low,Medium,Public,Neutral,5,0,High School,Moderate,0,64,0
25,88,-1.0,1,1,8,95,0,1,1,High,High,Public,Neutral,4,0,High School,Near,0,72,1
20,86,-1.0,1,1,8,80,2,1,2,Medium,Medium,Public,Neutral,2,0,College,Near,1,70,0
12,62,-1.0,1,1,9,66,1,1,1,Low,Medium,Private,Neutral,2,0,College,Moderate,0,60,0
20,93,-1.0,1,1,8,68,1,1,1,Low,Low,Public,Neutral,3,0,High School,Moderate,1,68,1
30,70,-1.0,2,1,9,83,1,1,1,High,Medium,Private,Neutral,2,0,Postgraduate,Near,0,71,0
27,77,-1.0,1,1,7,86,0,1,1,High,Medium,Public,Neutral,3,0,High School,Moderate,1,68,2
20,87,-1.0,1,1,8,58,0,1,2,Low,Medium,Public,Negative,2,1,Postgraduate,Near,1,67,2
26,77,-1.0,1,1,5,100,0,1,1,Low,High,Private,Positive,5,0,High School,Near,0,70,2
18,78,-1.0,2,0,7,55,2,1,0,High,Medium,Public,Negative,3,0,High School,Near,1,65,0
10,63,-1.0,1,0,4,80,1,1,0,Low,Medium,Public,Positive,3,0,College,Near,1,60,0
14,76,-1.0,0,0,7,77,0,0,2,High,Medium,Public,Positive,4,0,College,Near,1,65,2
29,91,-1.0,1,0,9,80,0,1,0,Low,High,Public,Negative,4,0,High School,Near,0,70,1
18,97,-1.0,0,1,7,77,1,1,4,Low,Low,Private,Neutral,4,0,Postgraduate,Near,1,69,1
19,77,-1.0,0,0,8,53,1,1,1,Low,Medium,Private,Positive,3,0,High School,Near,1,64,0
18,77,-1.0,1,0,7,100,1,1,2,High,High,Private,Positive,3,1,High School,Near,1,67,2
31,88,-1.0,1,1,6,99,0,1,2,High,Low,Public,Negative,3,0,Postgraduate,Near,1,73,1
30,98,-1.0,2,0,7,76,2,1,1,Low,Medium,Public,Neutral,3,0,College,Near,1,74,1
33,71,-1.0,0,1,9,60,1,1,0,Medium,Medium,Public,Positive,4,1,High School,Near,1,67,2
19,78,-1.0,2,1,8,59,1,1,2,High,Medium,Public,Positive,1,0,High School,Near,1,66,0
22,92,-1.0,1,0,6,53,1,1,4,High,Medium,Public,Neutral,4,1,High School,Near,1,69,2
11,84,-1.0,1,0,5,81,0,1,1,Low,Medium,Private,Negative,3,0,High School,Moderate,0,64,1
29,64,-1.0,2,1,7,74,1,1,0,High,Medium,Public,Positive,2,0,Postgraduate,Near,0,69,0
13,85,-1.0,2,1,6,71,1,1,1,Low,Medium,Public,Positive,3,0,High School,Near,0,66,1
21,67,-1.0,1,1,7,76,1,1,1,Medium,High,Private,Neutral,2,1,High School,Near,1,65,2
13,80,-1.0,1,1,5,94,2,1,1,Medium,Medium,Private,Positive,3,0,High School,Near,0,67,0
16,81,-1.0,2,0,9,54,1,1,3,Medium,High,Public,Negative,3,0,Postgraduate,Moderate,1,67,1
15,95,-1.0,1,0,7,77,2,1,0,Low,Medium,Private,Neutral,3,0,High School,Near,0,68,1
16,78,-1.0,0,0,7,85,1,1,4,Medium,Medium,Public,Neutral,2,1,High School,Near,1,65,2
17,71,-1.0,0,1,6,99,0,1,4,Medium,Medium,Public,Positive,3,1,Postgraduate,Near,1,66,2
17,69,-1.0,1,1,7,87,0,1,2,Low,Medium,Public,Neutral,3,0,College,Near,1,65,2
25,95,-1.0,1,1,7,77,2,0,0,Low,High,Public,Neutral,3,0,Postgraduate,Near,1,71,1
13,67,-1.0,2,1,6,88,1,1,0,Low,Medium,Public,Neutral,3,0,College,Moderate,0,63,0
21,77,-1.0,0,1,7,100,0,1,2,High,High,Public,Positive,4,0,College,Near,0,70,2
27,67,-1.0,2,1,9,94,2,1,0,High,Low,Public,Positive,2,0,College,Near,0,70,0
17,91,-1.0,1,1,4,54,2,1,3,Low,Medium,Public,Neutral,4,0,College,Moderate,0,67,1
16,79,-1.0,1,1,7,79,2,1,2,High,High,Public,Positive,2,0,High School,Moderate,1,68,0
19,74,-1.0,0,1,6,89,1,0,0,High,Medium,Public,Neutral,2,0,High School,Moderate,1,63,0
27,74,-1.0,2,1,9,84,0,1,3,High,Medium,Private,Negative,3,0,College,Near,0,70,2
21,94,-1.0,1,0,7,71,0,0,1,Low,High,Private,Neutral,2,0,Postgraduate,Near,1,69,1
17,82,-1.0,1,1,5,66,1,1,1,Medium,Low,Public,Positive,3,0,High School,Near,0,66,1
23,89,-1.0,2,0,7,81,1,1,2,Low,High,Public,Neutral,2,0,Postgraduate,Moderate,1,70,1
13,96,-1.0,2,0,8,71,0,1,1,Medium,Low,Public,Positive,3,0,High School,Near,1,68,1
24,96,-1.0,1,0,10,70,1,1,0,High,Medium,Public,Negative,4,0,High School,Near,0,70,1
22,73,-1.0,2,1,4,92,1,1,0,Low,Medium,Public,Positive,4,0,Postgraduate,Moderate,1,67,0
18,98,-1.0,2,1,5,66,1,1,0,Medium,Medium,Private,Negative,0,0,Postgraduate,Moderate,1,69,1
15,61,-1.0,0,1,9,82,1,1,2,Medium,High,Public,Positive,2,0,Postgraduate,Near,1,64,0
15,75,-1.0,1,0,5,94,0,0,1,Low,Medium,Public,Negative,3,1,High School,Moderate,0,62,2
23,96,-1.0,1,0,7,81,1,1,1,Low,Medium,Private,Positive,2,0,Postgraduate,Moderate,1,71,1
27,71,-1.0,1,1,6,75,1,1,2,Medium,High,Private,Neutral,4,0,High School,Moderate,1,69,0
16,71,-1.0,2,1,6,52,0,1,0,High,High,Public,Neutral,1,0,High School,Far,1,62,2
23,72,-1.0,1,1,7,84,2,1,0,Medium,Medium,Public,Positive,4,0,High School,Near,1,66,0
7,84,-1.0,2,1,7,100,0,1,3,Low,Medium,Private,Negative,4,1,High School,Moderate,1,64,2
16,78,-1.0,2,0,9,90,1,1,3,Low,Medium,Public,Negative,3,0,Postgraduate,Moderate,1,66,0
20,89,-1.0,1,1,9,82,1,1,2,High,High,Public,Neutral,3,0,College,Near,0,72,1
15,96,-1.0,2,1,8,73,1,1,3,Medium,Medium,Private,Negative,3,0,College,Near,0,71,1
14,87,-1.0,2,1,7,61,1,1,0,Low,Medium,Public,Neutral,3,0,High School,Far,1,65,1
16,68,-1.0,1,1,7,85,1,1,1,Medium,Medium,Public,Positive,2,0,College,Near,0,65,0
22,97,-1.0,2,1,8,59,1,1,1,Low,Medium,Public,Negative,3,0,High School,Near,1,70,1
19,71,-1.0,2,1,9,94,2,1,1,High,Medium,Private,Positive,4,0,High School,Near,1,68,0
7,66,-1.0,0,1,8,68,2,1,0,Low,Medium,Public,Negative,2,1,College,Moderate,1,57,0
7,64,-1.0,2,0,9,70,2,1,4,Low,Low,Public,Neutral,4,1,High School,Far,1,59,0
16,83,-1.0,0,1,6,61,1,1,0,Medium,High,Public,Neutral,4,0,College,Near,1,64,1
23,65,-1.0,1,1,9,74,1,1,2,Medium,High,Private,Neutral,3,0,College,Moderate,1,67,0
4,66,-1.0,2,0,8,84,0,1,2,Low,High,Public,Neutral,3,0,Postgraduate,Near,0,60,2
17,72,-1.0,2,1,6,65,0,1,3,Low,High,Public,Positive,2,0,Postgraduate,Far,1,67,2
17,71,-1.0,2,1,7,85,0,1,2,Low,Low,Private,Negative,2,0,College,Far,0,65,2
28,84,-1.0,1,1,7,81,1,1,1,Medium,High,Public,Negative,3,0,College,Near,1,71,1
18,93,-1.0,1,1,7,69,1,1,0,Low,Medium,Public,Neutral,2,0,College,Near,1,67,1
22,90,-1.0,1,1,7,66,0,1,0,Low,Medium,Public,Positive,1,0,Postgraduate,Near,1,69,1
21,70,-1.0,1,1,5,93,2,1,1,Low,Medium,Public,Neutral,3,0,College,Near,1,68,0
7,70,-1.0,1,1,6,51,1,1,0,High,Medium,Private,Neutral,1,0,High School,Moderate,0,59,0
25,99,-1.0,2,0,7,86,0,0,3,Medium,Medium,Public,Positive,3,0,College,Near,0,75,1
21,60,-1.0,1,1,6,71,0,1,0,Medium,Low,Public,Negative,4,1,High School,Far,1,59,2
23,95,-1.0,1,0,6,86,0,1,0,Medium,High,Public,Neutral,3,0,High School,Moderate,0,71,1
44,68,-1.0,0,0,9,75,0,1,3,Medium,High,Private,Negative,2,0,High School,Moderate,0,71,2
7,98,-1.0,1,0,7,54,2,1,0,Medium,High,Private,Neutral,2,0,High School,Near,0,66,1
30,74,-1.0,0,0,10,99,1,1,1,High,Medium,Private,Positive,2,0,High School,Moderate,1,69,0
18,78,-1.0,1,1,7,54,0,0,4,Low,High,Public,Neutral,4,1,College,Moderate,0,65,2
22,88,-1.0,1,1,9,58,0,1,3,Low,Medium,Private,Negative,2,0,College,Moderate,1,68,1
20,84,-1.0,0,0,7,71,1,1,5,Low,High,Private,Positive,2,0,High School,Far,0,68,1
17,73,-1.0,1,1,6,97,2,1,1,Medium,High,Public,Positive,3,0,High School,Near,1,67,0
17,82,-1.0,1,1,7,65,1,1,1,Medium,Medium,Public,Positive,5,0,High School,Near,1,68,0
22,89,-1.0,1,1,9,78,1,1,0,Medium,Medium,Public,Positive,3,0,High School,Moderate,1,68,1
11,62,-1.0,1,1,7,76,2,1,3,High,Medium,Private,Neutral,3,1,High School,Moderate,1,88,0
25,60,-1.0,2,1,8,67,1,1,1,Medium,High,Public,Neutral,2,0,College,Near,0,66,0
18,78,-1.0,0,1,7,85,2,1,3,Low,Low,Public,Negative,2,0,College,Near,1,67,0
13,65,-1.0,2,0,7,75,0,1,2,Medium,High,Private,Neutral,4,0,High School,Moderate,1,63,2
17,87,-1.0,2,1,7,79,1,1,3,Low,Medium,Public,Neutral,4,1,High School,Near,0,68,2
28,69,-1.0,0,0,6,61,0,1,2,Medium,High,Public,Positive,1,1,High School,Near,1,65,2
17,77,-1.0,1,1,7,96,1,1,1,Low,Low,Private,Positive,3,0,College,Near,1,67,0
22,68,-1.0,2,1,8,56,1,0,3,Medium,Medium,Private,Positive,1,0,Postgraduate,Near,1,67,0
16,82,-1.0,1,1,7,85,1,1,1,High,Medium,Public,Neutral,4,0,High School,Near,1,67,1
25,65,-1.0,0,0,7,94,0,1,1,Low,High,Public,Positive,3,0,High School,Far,1,64,2
24,61,-1.0,1,0,8,54,1,1,1,Low,Medium,Public,Neutral,2,1,High School,Moderate,1,61,2
31,62,-1.0,1,1,7,51,1,1,2,Medium,Medium,Public,Neutral,1,0,College,Far,0,65,0
19,98,-1.0,2,1,7,67,2,1,1,Medium,Medium,Private,Negative,4,0,High School,Moderate,0,70,1
24,66,-1.0,2,0,8,89,1,1,0,Medium,High,Public,Positive,2,0,College,Near,1,67,0
21,88,-1.0,0,0,7,86,1,1,1,Low,Medium,Private,Positive,2,0,High School,Moderate,1,68,1
28,63,-1.0,1,1,7,91,1,1,1,Low,Medium,Private,Positive,1,0,High School,Far,1,65,0
16,64,-1.0,1,1,8,70,0,1,3,High,High,Private,Negative,3,0,High School,Far,0,63,2
24,80,-1.0,2,0,7,100,1,1,1,High,High,Public,Neutral,3,0,Postgraduate,Moderate,1,72,0
19,79,-1.0,1,1,7,68,1,1,2,High,High,Public,Negative,1,0,College,Near,0,68,1
20,98,-1.0,2,1,7,90,1,1,2,Medium,Medium,Public,Positive,4,0,College,Near,1,73,1
21,98,-1.0,1,1,7,68,2,1,0,Medium,Medium,Public,Positive,3,1,College,Near,0,71,1
22,91,-1.0,2,0,5,61,1,1,3,Low,High,Public,Neutral,2,0,Postgraduate,Far,1,70,1
19,84,-1.0,1,1,7,67,0,1,0,Medium,Low,Public,Positive,3,0,Postgraduate,Near,0,68,2
21,78,-1.0,2,0,10,60,1,1,3,High,Medium,Public,Negative,5,0,High School,Moderate,1,68,0
29,74,-1.0,1,0,6,56,0,1,2,Low,High,Public,Neutral,3,0,Postgraduate,Near,0,68,2
26,98,-1.0,2,1,6,68,1,1,1,Low,Medium,Private,Neutral,1,0,Postgraduate,Moderate,1,71,1
25,84,-1.0,1,1,10,57,0,1,4,Medium,Medium,Public,Positive,2,0,College,Near,1,70,2
17,83,-1.0,1,0,6,75,1,1,2,Medium,Medium,Public,Positive,3,1,High School,Near,1,67,2
15,69,-1.0,1,1,9,52,1,1,0,High,Medium,Public,Neutral,3,0,College,Near,0,61,0
26,62,-1.0,0,1,7,72,0,1,1,Medium,Medium,Public,Neutral,3,0,College,Moderate,0,64,2
25,98,-1.0,1,0,7,98,1,1,1,Medium,Medium,Public,Negative,4,0,Postgraduate,Near,1,72,1
29,73,-1.0,1,0,7,68,0,1,1,Low,High,Private,Positive,4,1,High School,Moderate,1,67,2
16,78,-1.0,0,1,8,57,2,1,1,Medium,Medium,Public,Negative,3,0,College,Near,1,65,0
19,65,-1.0,0,1,5,65,2,1,1,High,Medium,Public,Positive,6,0,College,Moderate,0,64,0
10,93,-1.0,1,1,7,90,1,1,0,Low,Medium,Private,Positive,2,0,High School,Near,0,66,1
18,61,-1.0,1,0,6,66,1,1,1,Medium,High,Public,Positive,2,0,High School,Moderate,0,62,0
26,93,-1.0,1,0,4,69,1,1,2,Low,Medium,Public,Neutral,3,0,High School,Near,1,70,1
17,66,-1.0,1,1,9,89,1,0,1,Medium,High,Public,Positive,4,0,High School,Moderate,0,64,0
24,95,-1.0,0,0,4,63,0,1,3,Low,Medium,Public,Positive,3,0,High School,Near,0,70,1
19,89,-1.0,0,0,10,74,1,1,1,Low,Medium,Public,Positive,2,0,High School,Moderate,0,66,1
22,67,-1.0,2,1,8,53,1,1,0,Medium,High,Public,Negative,3,0,High School,Far,1,62,0
13,83,-1.0,0,0,5,59,2,1,4,Low,Medium,Private,Neutral,2,0,High School,Near,0,63,1
21,73,-1.0,1,1,9,60,2,1,2,Medium,Medium,Public,Positive,3,0,College,Near,1,66,0
2,67,-1.0,1,0,6,73,0,1,1,Low,Medium,Private,Positive,2,0,College,Moderate,1,58,2
19,94,-1.0,2,1,6,91,1,1,1,Low,Medium,Public,Negative,3,0,High School,Moderate,1,70,1
10,76,-1.0,0,0,4,68,1,1,1,High,Low,Private,Neutral,6,0,College,Near,1,63,0
27,76,-1.0,2,1,6,69,2,1,0,Medium,High,Public,Neutral,1,0,College,Near,1,70,0
25,67,-1.0,1,1,6,65,1,1,1,Low,Medium,Public,Negative,3,0,High School,Near,1,65,0
23,75,-1.0,0,1,8,66,1,1,5,Medium,Low,Public,Neutral,3,0,High School,Near,1,67,0
29,95,-1.0,1,0,9,70,1,0,1,Low,Medium,Private,Positive,2,0,Postgraduate,Near,0,73,1
14,75,-1.0,1,1,5,95,1,1,0,Medium,Medium,Public,Positive,3,0,College,Moderate,1,82,0
30,98,-1.0,1,0,7,51,2,1,0,Low,Medium,Public,Positive,2,0,High School,Near,1,71,1
26,98,-1.0,1,1,4,81,0,1,1,Low,Medium,Public,Positive,4,0,Postgraduate,Near,1,73,1
19,66,-1.0,2,0,7,94,0,1,1,High,Medium,Public,Positive,4,0,High School,Moderate,0,65,2
27,67,-1.0,1,1,10,71,1,1,1,Low,High,Public,Neutral,3,0,High School,Near,0,67,0
13,95,-1.0,1,1,4,83,0,0,1,Low,High,Public,Neutral,4,0,College,Moderate,1,67,1
15,76,-1.0,2,1,5,79,1,1,4,Medium,Medium,Public,Neutral,4,0,Postgraduate,Moderate,0,69,0
16,60,-1.0,2,1,8,67,0,1,0,Low,Medium,Public,Neutral,3,0,High School,Near,1,61,2
17,71,-1.0,0,0,8,57,1,1,3,Medium,High,Private,Positive,4,0,High School,Near,0,64,0
14,84,-1.0,2,0,6,61,0,1,1,High,Medium,Public,Positive,2,0,College,Far,1,64,1
27,92,-1.0,1,1,9,53,0,1,2,Low,Medium,Public,Negative,2,0,College,Far,1,68,1
18,65,-1.0,0,0,6,88,1,1,1,Medium,Medium,Private,Positive,1,1,College,Near,1,62,2
22,64,-1.0,1,1,10,77,2,1,5,Medium,Medium,Public,Neutral,3,1,High School,Near,1,66,0
17,97,-1.0,0,1,8,89,1,1,1,Low,Medium,Public,Neutral,4,0,College,Near,1,70,1
9,90,-1.0,1,1,9,65,0,1,3,Medium,Medium,Public,Positive,3,0,High School,Near,0,67,1
22,84,-1.0,1,1,8,90,1,1,2,Medium,Medium,Public,Positive,2,0,College,Near,0,70,1
9,91,-1.0,1,0,8,65,2,1,0,Medium,Medium,Public,Positive,4,0,High School,Moderate,1,65,1
20,77,-1.0,1,0,8,56,1,1,1,Medium,High,Public,Positive,4,0,College,Moderate,1,65,0
12,90,-1.0,2,1,9,77,1,1,3,Medium,Medium,Public,Positive,3,0,Postgraduate,Near,1,70,1
32,75,-1.0,1,1,7,97,2,1,1,Medium,Medium,Private,Neutral,3,0,College,Moderate,1,72,0
25,70,-1.0,1,0,6,71,0,1,0,Low,Medium,Public,Neutral,2,0,College,Near,0,65,2
21,89,-1.0,2,1,7,76,1,1,1,Medium,Medium,Public,Positive,2,0,High School,Near,1,71,1
28,77,-1.0,2,1,6,73,0,1,3,Medium,High,Private,Negative,3,0,College,Near,0,71,2
15,99,-1.0,2,1,6,73,2,1,1,High,High,Public,Negative,5,0,Postgraduate,Near,1,72,1
23,74,-1.0,0,0,9,61,0,1,0,Medium,Low,Public,Positive,4,0,Postgraduate,Near,1,64,2
21,97,-1.0,1,0,8,71,2,1,2,High,High,Public,Neutral,1,0,College,Moderate,1,72,1
22,97,-1.0,1,0,8,75,1,1,1,Medium,Medium,Private,Positive,4,0,Postgraduate,Near,1,71,1
28,70,-1.0,1,1,9,87,0,1,0,Low,Medium,Public,Neutral,3,0,High School,Moderate,1,66,2
24,92,-1.0,0,0,8,57,1,1,3,Medium,Medium,Private,Positive,3,0,College,Near,0,71,1
22,77,-1.0,1,1,10,79,2,1,2,Medium,Low,Public,Neutral,2,0,High School,Near,1,67,0
10,97,-1.0,2,0,4,83,0,1,1,Low,High,Public,Neutral,2,0,Postgraduate,Near,1,69,1
14,78,-1.0,1,1,6,69,2,1,0,Medium,Medium,Public,Positive,5,0,College,Moderate,0,67,0
19,90,-1.0,1,1,6,77,1,1,0,High,Medium,Public,Neutral,4,0,Postgraduate,Near,1,71,1
21,79,-1.0,0,0,5,86,0,1,1,High,Medium,Private,Positive,2,0,High School,Moderate,0,66,2
13,69,-1.0,2,0,7,73,0,1,1,Medium,Low,Private,Positive,2,0,High School,Far,1,62,2
34,68,-1.0,1,0,7,67,2,1,0,Medium,Medium,Private,Neutral,2,0,High School,Moderate,1,67,0
29,77,-1.0,0,1,10,91,2,1,2,Low,Medium,Public,Negative,4,0,Postgraduate,Near,0,70,0
24,90,-1.0,2,0,8,99,2,1,0,Low,Medium,Public,Neutral,3,0,College,Moderate,0,72,1
20,84,-1.0,2,0,6,61,1,1,3,Medium,Medium,Private,Neutral,2,0,High School,Near,1,69,1
19,88,-1.0,2,0,8,94,2,1,1,Medium,Medium,Public,Neutral,3,0,High School,Moderate,1,70,1
14,71,-1.0,2,0,4,77,1,1,0,Medium,Medium,Public,Negative,3,0,High School,Near,0,64,0
20,79,-1.0,1,1,7,72,0,0,1,Medium,Medium,Public,Negative,3,0,High School,Near,1,65,2
22,62,-1.0,2,1,7,95,1,1,2,Medium,Medium,Public,Negative,2,0,High School,Near,1,66,0
13,93,-1.0,1,0,6,96,2,1,2,High,Medium,Private,Negative,3,0,High School,Near,0,68,1
22,100,-1.0,1,1,7,64,1,1,2,Low,Medium,Private,Positive,3,0,College,Near,0,72,1
19,76,-1.0,0,1,6,68,1,1,2,High,Medium,Public,Positive,3,0,High School,Moderate,0,65,0
9,60,-1.0,0,1,6,93,1,1,3,Low,High,Private,Neutral,2,0,High School,Moderate,0,60,0
15,67,-1.0,1,0,8,75,1,1,0,High,High,Public,Negative,4,0,Postgraduate,Near,0,63,0
18,86,-1.0,0,1,9,64,0,1,3,Low,High,Public,Positive,3,0,High School,Near,0,66,2
31,84,-1.0,1,1,8,98,0,1,1,Medium,Medium,Public,Positive,4,0,Postgraduate,Near,0,73,2
23,92,-1.0,1,1,6,61,0,1,4,Low,Medium,Public,Positive,4,0,College,Near,1,71,1
12,70,-1.0,1,1,6,81,0,1,1,Low,Medium,Public,Negative,2,1,High School,Far,1,59,2
23,91,-1.0,0,1,6,71,1,1,5,Low,High,Public,Neutral,3,0,High School,Moderate,0,70,1
11,88,-1.0,0,1,7,73,0,1,1,Medium,Low,Private,Neutral,3,1,College,Near,0,63,2
26,73,-1.0,1,0,6,55,1,1,1,Medium,Low,Public,Positive,4,0,Postgraduate,Near,1,67,0
17,82,-1.0,1,1,9,63,1,1,2,Low,Medium,Private,Neutral,2,0,College,Moderate,1,65,1
19,66,-1.0,0,0,7,58,1,1,5,Medium,Low,Public,Positive,4,0,College,Moderate,0,64,0
28,78,-1.0,1,0,8,87,0,1,2,Low,Medium,Public,Positive,2,0,Postgraduate,Near,1,71,2
12,95,-1.0,2,1,5,85,1,1,2,High,Medium,Public,Negative,2,0,College,Near,1,70,1
12,77,-1.0,0,1,6,90,1,1,2,Medium,Low,Public,Neutral,2,0,High School,Near,0,63,0
16,94,-1.0,1,0,8,85,1,1,3,Low,High,Public,Neutral,2,0,High School,Near,0,68,1
26,84,-1.0,1,1,8,56,1,0,1,Medium,Medium,Public,Negative,2,0,College,Near,0,67,1
11,68,-1.0,2,1,5,99,1,1,1,High,Medium,Public,Neutral,4,0,Postgraduate,Near,0,66,0
3,83,-1.0,0,1,7,59,0,1,2,Medium,High,Public,Positive,5,0,High School,Moderate,1,63,2
17,80,-1.0,1,1,7,68,1,1,0,Medium,Medium,Private,Negative,5,1,College,Near,0,65,2
23,76,-1.0,2,1,6,85,0,1,2,Low,Medium,Public,Positive,3,1,High School,Far,1,66,2
27,65,-1.0,1,1,8,57,1,1,2,Low,Low,Public,Negative,4,0,Postgraduate,Near,0,65,0
17,77,-1.0,1,1,5,59,1,1,2,Medium,High,Private,Neutral,4,0,High School,Near,1,65,0
18,63,-1.0,0,0,6,94,1,1,2,Medium,High,Public,Neutral,2,1,High School,Near,1,63,2
27,64,-1.0,2,0,8,67,1,1,0,Low,Medium,Public,Positive,3,0,High School,Near,1,65,0
9,77,-1.0,2,1,7,83,1,1,1,Low,High,Private,Neutral,4,1,High School,Far,1,62,2
18,72,-1.0,1,1,7,93,1,1,1,Medium,Medium,Public,Positive,3,0,College,Near,0,66,0
21,97,-1.0,0,0,7,99,1,1,1,High,Medium,Public,Negative,3,0,Postgraduate,Near,0,71,1
23,75,-1.0,0,1,8,61,2,1,2,Low,Medium,Public,Positive,2,0,High School,Far,0,64,0
17,90,-1.0,1,1,8,56,0,1,0,Medium,Medium,Private,Neutral,4,0,College,Near,0,67,1
20,81,-1.0,1,0,8,87,1,1,1,High,Medium,Private,Neutral,3,0,High School,Near,1,68,0
5,88,-1.0,1,0,7,59,1,1,3,Low,Medium,Public,Negative,3,0,College,Near,0,63,1
16,70,-1.0,1,1,6,79,2,1,0,High,High,Public,Negative,3,0,College,Near,0,64,0
23,98,-1.0,2,1,6,77,1,1,1,Low,High,Public,Neutral,1,0,Postgraduate,Near,0,74,1
14,81,-1.0,1,1,5,78,1,1,2,High,High,Public,Positive,4,0,Postgraduate,Near,1,68,1
20,93,-1.0,1,1,6,82,0,0,1,Medium,High,Public,Positive,3,1,High School,Moderate,0,68,2
23,75,-1.0,2,1,6,93,1,0,2,Medium,Low,Public,Neutral,3,0,Postgraduate,Moderate,0,69,0
18,64,-1.0,1,1,9,64,1,1,4,Low,Medium,Public,Negative,4,1,High School,Near,1,61,2
21,87,-1.0,2,1,5,78,2,1,1,Low,Medium,Private,Positive,2,0,High School,Near,0,69,1
14,60,-1.0,0,1,9,67,0,1,3,High,High,Public,Positive,3,0,High School,Near,0,61,2
19,79,-1.0,2,1,7,66,0,1,3,High,Medium,Public,Positive,3,1,High School,Near,1,67,2
24,68,-1.0,2,0,7,51,1,1,0,Low,Low,Private,Neutral,4,0,High School,Near,0,63,0
21,85,-1.0,1,0,8,80,1,1,3,Low,High,Public,Positive,3,1,College,Moderate,0,68,2
16,99,-1.0,1,0,5,99,0,0,0,Low,Medium,Private,Neutral,5,0,College,Moderate,0,68,1
21,79,-1.0,0,1,6,88,0,1,2,High,Medium,Public,Neutral,1,0,High School,Near,1,67,2
24,93,-1.0,1,1,5,62,2,1,1,High,Medium,Private,Negative,3,0,College,Moderate,0,69,1
8,80,-1.0,1,0,6,86,1,1,2,Low,Medium,Public,Neutral,3,0,High School,Near,1,64,1
27,80,-1.0,0,0,6,65,0,1,1,Low,Medium,Public,Positive,4,0,Postgraduate,Near,1,67,2
18,97,-1.0,2,0,9,88,0,1,1,High,Medium,Public,Neutral,3,1,High School,Near,0,70,2
23,96,-1.0,2,1,6,93,0,1,5,Low,Medium,Public,Negative,4,0,High School,Near,0,72,1
27,91,-1.0,2,0,4,67,1,1,1,High,High,Private,Neutral,2,0,High School,Moderate,0,71,1
12,72,-1.0,1,0,6,50,2,1,1,Low,Medium,Public,Positive,3,0,College,Near,1,62,0
16,82,-1.0,1,1,8,65,2,1,2,Low,Medium,Private,Positive,5,1,Postgraduate,Near,1,67,0
18,69,-1.0,2,1,9,60,1,1,3,Low,Medium,Public,Negative,2,0,College,Far,0,64,0
15,78,-1.0,1,1,7,81,1,1,0,Medium,Low,Public,Neutral,2,0,High School,Near,1,64,0
30,79,-1.0,1,0,6,65,1,1,1,Low,Medium,Public,Negative,4,0,Postgraduate,Near,0,70,0
15,93,-1.0,1,1,7,52,1,1,3,Low,Medium,Public,Negative,5,0,College,Near,0,68,1
17,96,-1.0,1,0,8,77,1,1,1,Medium,Medium,Public,Neutral,3,0,Postgraduate,Near,0,70,1
21,77,-1.0,0,1,5,94,0,1,1,Medium,High,Public,Negative,3,0,High School,Far,1,65,2
13,61,-1.0,0,0,7,73,0,1,2,High,Medium,Public,Positive,2,0,High School,Near,0,59,2
18,94,-1.0,1,1,7,69,1,1,1,Medium,High,Public,Positive,2,0,High School,Far,0,69,1
22,67,-1.0,1,1,7,59,2,1,2,Low,High,Public,Positive,3,0,Postgraduate,Near,1,67,0
18,85,-1.0,2,0,7,69,1,1,2,Low,Medium,Private,Positive,4,0,High School,Near,1,68,1
19,61,-1.0,1,0,6,67,0,1,1,Medium,Medium,Public,Positive,1,0,College,Near,1,62,2
17,76,-1.0,1,0,8,100,0,0,0,High,Medium,Private,Neutral,4,0,High School,Moderate,1,65,2
11,99,-1.0,1,1,7,52,1,1,0,High,High,Private,Neutral,5,0,College,Near,0,69,1
22,64,-1.0,1,1,7,62,1,1,3,Low,Medium,Private,Neutral,4,0,Postgraduate,Moderate,0,65,0
31,77,-1.0,0,1,5,53,2,1,1,Medium,Medium,Public,Neutral,2,0,High School,Near,0,68,0
20,72,-1.0,0,1,8,93,1,1,4,Low,High,Public,Positive,2,0,High School,Near,1,68,0
21,96,-1.0,1,1,6,71,2,0,3,Medium,Medium,Public,Negative,3,0,High School,Near,0,71,1
24,95,-1.0,0,1,9,90,1,1,3,Low,Low,Public,Positive,4,0,High School,Moderate,1,71,1
12,70,-1.0,1,0,5,85,2,1,1,High,Medium,Public,Positive,3,0,Postgraduate,Near,0,66,0
30,63,-1.0,2,1,8,96,1,1,4,Low,Medium,Private,Positive,3,0,Postgraduate,Near,0,71,0
21,85,-1.0,1,0,4,51,0,1,2,Low,Medium,Public,Neutral,3,0,College,Near,0,66,1
30,73,-1.0,0,0,4,60,1,1,0,Low,Low,Private,Positive,4,0,High School,Moderate,0,66,0
16,87,-1.0,2,1,6,85,1,1,2,Medium,High,Public,Neutral,1,0,High School,Moderate,0,69,1
31,61,-1.0,1,0,4,79,1,1,0,Low,Low,Public,Positive,3,0,High School,Moderate,0,65,0
25,65,-1.0,0,1,8,85,1,1,2,Low,Medium,Public,Negative,3,0,Postgraduate,Near,0,66,0
23,87,-1.0,0,0,7,79,1,1,2,Medium,Medium,Public,Neutral,2,0,High School,Far,1,67,1
21,68,-1.0,1,0,9,79,0,1,1,High,High,Private,Negative,4,0,Postgraduate,Moderate,0,66,2
19,94,-1.0,1,0,7,97,1,1,0,Medium,Medium,Public,Neutral,3,0,High School,Near,0,69,1
27,62,-1.0,0,0,7,96,1,1,2,Low,Medium,Public,Neutral,4,0,High School,Near,1,66,0
21,69,-1.0,1,1,7,52,0,1,0,Low,Medium,Public,Negative,3,0,Postgraduate,Near,1,64,2
8,100,-1.0,2,1,6,71,1,1,0,Low,High,Public,Positive,2,0,Postgraduate,Near,0,70,1
13,77,-1.0,1,1,6,76,0,0,1,Medium,Low,Private,Neutral,4,0,College,Moderate,1,62,2
19,88,-1.0,1,1,5,68,2,1,1,Low,Low,Public,Positive,5,0,High School,Moderate,1,67,1
22,67,-1.0,1,0,8,52,1,1,1,Medium,Low,Public,Negative,2,1,College,Moderate,0,60,2
20,84,-1.0,0,0,7,74,0,1,1,High,Medium,Public,Neutral,3,0,Postgraduate,Near,0,66,2
27,89,-1.0,1,1,7,99,1,1,0,Medium,High,Public,Positive,2,0,High School,Near,0,72,1
8,73,-1.0,2,1,10,54,1,1,2,Medium,Medium,Public,Positive,3,0,High School,Near,1,63,0
21,93,-1.0,0,1,6,91,0,1,1,High,Medium,Public,Negative,3,0,Postgraduate,Near,1,69,1
9,84,-1.0,2,1,7,60,2,1,1,Low,Medium,Private,Positive,3,0,College,Moderate,1,66,0
25,76,-1.0,1,1,7,79,1,1,2,Medium,Medium,Public,Positive,2,0,College,Near,1,69,0
19,82,-1.0,1,0,9,69,0,1,2,Medium,Medium,Private,Neutral,3,0,College,Moderate,1,68,2
23,83,-1.0,0,0,7,67,1,1,3,Low,Low,Public,Negative,4,0,High School,Moderate,0,66,1
15,67,-1.0,1,1,7,94,0,1,0,High,Low,Private,Positive,2,0,Postgraduate,Moderate,1,63,2
28,76,-1.0,1,1,10,99,2,1,1,Medium,Medium,Public,Neutral,3,0,High School,Near,1,70,0
26,74,-1.0,1,0,6,69,1,1,2,Low,High,Public,Positive,4,0,Postgraduate,Moderate,1,68,0
24,76,-1.0,1,1,7,82,1,1,2,Medium,Medium,Public,Positive,4,0,College,Far,1,68,0
19,90,-1.0,1,0,8,78,1,1,1,Low,Medium,Private,Neutral,3,0,High School,Moderate,1,67,1
23,79,-1.0,2,1,6,54,0,1,1,Low,Medium,Public,Neutral,1,0,High School,Moderate,1,67,2
16,98,-1.0,0,1,8,52,1,1,3,Low,High,Public,Neutral,3,0,College,Moderate,0,69,1
25,72,-1.0,1,0,6,89,0,1,3,Low,High,Public,Neutral,5,0,High School,Near,1,68,2
30,77,-1.0,0,1,9,70,1,1,0,Medium,High,Public,Neutral,1,0,High School,Moderate,1,67,0
26,91,-1.0,1,1,8,65,0,1,0,Medium,High,Public,Neutral,2,0,High School,Moderate,1,70,1
16,82,-1.0,2,0,7,99,0,1,3,Medium,Medium,Public,Positive,3,0,Postgraduate,Moderate,1,70,2
22,82,-1.0,0,0,5,54,1,1,2,Medium,Medium,Public,Neutral,2,0,College,Moderate,1,66,1
12,62,-1.0,2,1,6,63,2,1,0,Low,Medium,Private,Negative,2,0,High School,Near,1,61,0
23,76,-1.0,2,1,7,93,1,1,2,Low,Medium,Public,Negative,2,0,College,Near,1,68,0
23,71,-1.0,1,1,8,71,0,1,1,Low,Low,Public,Neutral,2,0,Postgraduate,Near,0,64,2
9,100,-1.0,0,0,7,79,1,1,1,Low,Medium,Public,Positive,2,0,Postgraduate,Near,1,66,1
13,72,-1.0,2,1,8,52,1,1,3,High,High,Private,Positive,4,0,High School,Near,1,65,0
18,95,-1.0,2,0,8,96,1,1,3,Medium,Low,Public,Negative,6,0,Postgraduate,Near,1,73,1
18,87,-1.0,0,0,8,57,1,0,3,High,High,Public,Positive,4,0,High School,Near,1,66,1
13,74,-1.0,2,1,7,61,1,1,2,Low,Medium,Public,Positive,3,0,High School,Moderate,1,65,0
22,82,-1.0,2,1,7,58,1,1,0,Medium,Medium,Public,Negative,4,0,College,Near,1,68,0
22,94,-1.0,1,1,7,75,0,1,0,Low,High,Public,Neutral,3,0,High School,Near,1,69,1
19,95,-1.0,2,1,6,91,2,1,1,Medium,High,Public,Neutral,4,0,College,Near,1,72,1
15,66,-1.0,1,0,9,63,1,1,3,Medium,Medium,Private,Neutral,3,0,High School,Near,1,63,0
26,74,-1.0,1,0,8,57,1,1,0,Medium,Medium,Private,Positive,1,0,High School,Near,1,65,0
30,73,-1.0,1,1,9,70,0,1,0,Medium,Medium,Public,Negative,4,0,College,Near,1,69,2
17,62,-1.0,0,0,6,99,1,1,2,Medium,Medium,Private,Negative,3,0,High School,Far,0,62,0
16,84,-1.0,2,1,8,51,0,1,0,Medium,Medium,Public,Negative,3,0,Postgraduate,Near,0,66,2
23,94,-1.0,0,1,9,75,1,1,3,Low,Medium,Private,Neutral,2,0,Postgraduate,Moderate,0,69,1
18,75,-1.0,1,1,9,83,1,1,2,Low,Medium,Public,Positive,4,1,Postgraduate,Moderate,0,67,2
19,90,-1.0,2,1,5,90,0,1,0,Low,Medium,Public,Neutral,2,0,College,Far,0,94,1
24,85,-1.0,1,1,7,87,2,1,2,Medium,Medium,Private,Neutral,2,0,High School,Near,0,71,0
9,75,-1.0,1,0,7,54,0,1,2,Low,Medium,Public,Positive,4,0,High School,Near,0,61,2
28,66,-1.0,1,1,9,73,1,1,2,Low,Medium,Public,Positive,2,0,College,Near,1,68,0
20,88,-1.0,1,0,4,54,0,1,0,High,Low,Public,Negative,4,0,High School,Near,1,66,1
18,94,-1.0,2,1,5,81,1,1,0,High,Low,Public,Negative,5,0,High School,Near,0,71,1
19,87,-1.0,1,0,9,54,0,1,3,Low,High,Public,Positive,4,0,High School,Moderate,0,66,2
20,61,-1.0,1,0,6,52,1,1,2,Low,Low,Private,Negative,2,0,Postgraduate,Near,1,60,0
10,69,-1.0,1,1,5,65,0,1,0,Medium,Medium,Private,Positive,3,0,High School,Near,0,60,2
29,63,-1.0,0,1,9,97,2,0,3,Medium,High,Public,Negative,3,0,High School,Near,1,66,0
20,83,-1.0,0,1,5,85,1,1,1,High,High,Public,Neutral,2,0,College,Far,1,67,1
23,90,-1.0,0,0,9,50,0,1,4,Medium,Medium,Private,Neutral,3,0,High School,Moderate,1,67,1
26,64,-1.0,1,0,5,64,1,1,2,High,Medium,Public,Negative,1,0,High School,Near,1,64,0
14,94,-1.0,1,0,5,51,1,1,0,Medium,High,Public,Neutral,3,0,College,Near,1,66,1
23,82,-1.0,0,0,7,65,2,1,1,Medium,High,Public,Negative,3,0,High School,Near,0,68,0
18,88,-1.0,0,1,6,84,1,1,1,Medium,High,Public,Positive,3,0,Postgraduate,Moderate,0,70,1
25,99,-1.0,1,1,7,88,1,1,3,Low,Medium,Private,Positive,4,0,College,Moderate,0,75,1
7,63,-1.0,2,1,10,90,1,1,0,Low,Medium,Private,Positive,2,1,High School,Moderate,1,86,2
19,96,-1.0,1,1,7,95,2,1,3,Medium,High,Private,Negative,3,0,College,Near,0,73,1
16,65,-1.0,0,0,9,68,1,1,1,High,Medium,Public,Neutral,3,0,High School,Moderate,1,61,0
23,76,-1.0,2,0,7,93,1,1,0,Medium,Medium,Private,Negative,6,0,High School,Moderate,1,68,0
23,94,-1.0,2,0,8,86,1,1,1,Low,High,Public,Neutral,0,0,College,Far,0,70,1
16,96,-1.0,1,1,4,77,2,1,1,High,High,Public,Positive,2,0,High School,Near,1,71,1
16,80,-1.0,1,1,8,98,2,1,2,Medium,High,Private,Positive,4,0,Postgraduate,Near,1,71,0
19,84,-1.0,1,0,8,97,2,1,2,Medium,Medium,Public,Neutral,1,1,College,Near,1,68,0
15,88,-1.0,2,1,6,95,1,1,2,Low,Medium,Public,Negative,4,0,High School,Near,0,70,1
25,93,-1.0,1,1,10,60,0,1,1,Medium,Medium,Public,Positive,3,0,College,Moderate,1,70,1
18,65,-1.0,2,1,6,60,0,1,0,Medium,High,Private,Neutral,3,0,High School,Moderate,0,62,2
3,92,-1.0,0,1,5,95,2,1,3,Medium,Medium,Public,Neutral,1,0,Postgraduate,Near,0,67,1
18,79,-1.0,1,0,8,70,2,1,3,Medium,Medium,Public,Positive,3,0,College,Near,0,68,0
14,78,-1.0,2,1,5,90,1,1,1,Medium,Medium,Public,Neutral,3,0,Postgraduate,Near,0,68,0
10,77,-1.0,2,0,7,84,0,1,2,Low,High,Private,Neutral,1,0,High School,Far,1,64,2
13,80,-1.0,2,0,9,88,1,1,1,High,High,Public,Positive,3,0,Postgraduate,Near,1,68,0
21,98,-1.0,2,1,8,51,1,1,0,Medium,Medium,Public,Neutral,3,0,High School,Near,1,69,1
28,82,-1.0,2,0,7,71,0,1,1,Medium,High,Public,Neutral,3,0,High School,Near,1,70,2
22,98,-1.0,1,1,6,93,1,1,4,Low,Medium,Public,Neutral,4,0,High School,Near,0,73,1
16,67,-1.0,1,1,9,74,1,1,1,High,High,Public,Positive,3,0,Postgraduate,Moderate,1,66,0
23,89,-1.0,1,0,5,85,0,1,0,Low,Medium,Public,Positive,3,0,Postgraduate,Moderate,1,68,1
17,92,-1.0,1,1,8,88,2,0,1,High,Medium,Public,Neutral,3,0,High School,Near,0,68,1
16,87,-1.0,1,1,10,56,0,1,2,Medium,High,Private,Neutral,0,0,Postgraduate,Moderate,0,65,1
13,84,-1.0,1,1,8,58,2,1,2,Low,Low,Public,Neutral,3,0,Postgraduate,Near,0,66,0
9,83,-1.0,0,1,7,86,1,1,0,Low,Medium,Public,Negative,1,0,College,Far,0,62,1
18,94,-1.0,0,1,7,53,0,1,3,Medium,High,Private,Neutral,2,0,High School,Near,0,67,1
21,93,-1.0,2,1,6,67,2,1,1,Medium,High,Public,Positive,3,0,Postgraduate,Near,0,73,1
19,65,-1.0,0,1,6,96,1,1,2,Medium,High,Private,Neutral,2,0,Postgraduate,Near,1,65,0
18,94,-1.0,0,0,7,79,2,1,2,High,Medium,Private,Neutral,4,0,High School,Near,0,70,1
14,77,-1.0,1,1,8,96,1,1,3,Medium,Medium,Public,Neutral,2,0,Postgraduate,Near,1,68,0
24,70,-1.0,1,1,9,65,1,1,3,Medium,Low,Private,Positive,3,0,High School,Moderate,1,67,0
12,95,-1.0,1,1,4,82,2,1,2,Low,Medium,Public,Negative,3,0,High School,Moderate,1,66,1
25,77,-1.0,0,0,4,64,0,1,3,Low,Medium,Public,Neutral,4,1,College,Near,0,65,2
14,92,-1.0,0,1,9,56,0,1,1,Medium,Medium,Public,Neutral,4,0,High School,Moderate,0,66,1
15,71,-1.0,2,0,7,100,0,1,2,Low,Low,Public,Neutral,4,0,High School,Near,1,66,2
11,60,-1.0,2,0,7,59,2,1,2,Low,Medium,Public,Positive,1,0,College,Moderate,1,60,0
17,80,-1.0,0,1,8,59,1,1,0,High,High,Public,Negative,4,0,College,Near,0,66,0
26,64,-1.0,1,1,7,92,0,1,2,Low,High,Private,Positive,4,0,College,Moderate,0,68,2
23,90,-1.0,1,1,10,90,0,1,3,Low,Medium,Public,Positive,5,0,High School,Near,1,72,2
26,71,-1.0,2,0,8,99,1,0,1,Medium,Medium,Public,Positive,3,0,College,Near,1,68,0
23,78,-1.0,1,1,6,54,2,1,0,Low,Medium,Public,Neutral,3,0,Postgraduate,Near,0,67,0
13,63,-1.0,1,0,6,55,2,1,0,Medium,Low,Public,Positive,4,0,Postgraduate,Near,1,62,0
18,71,-1.0,1,0,7,72,2,1,0,High,High,Public,Positive,5,0,College,Moderate,0,66,0
15,91,-1.0,1,0,6,80,1,1,0,Low,Medium,Private,Positive,3,0,Postgraduate,Near,1,69,1
28,66,-1.0,1,0,10,52,0,1,0,Low,High,Public,Positive,3,0,High School,Near,1,64,2
13,86,-1.0,1,0,7,58,1,0,0,Medium,Medium,Private,Positive,3,0,High School,Near,1,63,1
25,97,-1.0,2,1,5,85,1,1,2,High,Medium,Public,Positive,2,0,High School,Near,1,74,1
25,87,-1.0,1,1,8,83,1,1,0,Medium,High,Private,Positive,4,0,College,Moderate,1,72,1
31,92,-1.0,1,1,9,54,1,0,1,Low,Medium,Private,Positive,3,0,College,Near,1,71,1
18,64,-1.0,2,1,9,97,1,1,2,Medium,Medium,Public,Negative,3,0,High School,Moderate,0,64,0
24,70,-1.0,2,0,6,63,0,0,0,Low,Medium,Public,Neutral,3,0,High School,Near,1,65,2
34,96,-1.0,1,1,5,94,2,1,1,Medium,High,Public,Negative,5,1,High School,Moderate,0,75,1
16,89,-1.0,1,0,9,96,1,1,2,Medium,Low,Public,Positive,3,0,College,Far,1,69,1
11,86,-1.0,1,0,5,75,1,1,1,Medium,Low,Public,Neutral,4,0,Postgraduate,Moderate,0,65,1
9,87,-1.0,0,0,8,71,0,0,0,Low,High,Public,Neutral,1,0,College,Moderate,1,60,1
24,77,-1.0,1,1,6,64,1,1,2,High,Medium,Public,Positive,4,0,High School,Near,1,69,0
9,62,-1.0,2,1,9,90,2,1,4,High,Medium,Public,Neutral,4,0,College,Far,1,65,0
18,91,-1.0,1,1,5,60,0,1,0,High,High,Private,Positive,4,0,High School,Moderate,1,67,1
23,87,-1.0,0,0,6,81,0,1,5,Medium,High,Private,Neutral,2,0,High School,Far,0,70,1
21,79,-1.0,0,1,8,78,0,1,1,Low,High,Public,Positive,4,0,College,Moderate,0,66,2
23,96,-1.0,1,1,8,62,1,1,0,Low,High,Public,Neutral,4,0,High School,Moderate,0,69,1
21,73,-1.0,1,1,9,99,1,1,2,Medium,High,Public,Neutral,3,0,Postgraduate,Near,1,69,0
28,72,-1.0,1,1,8,92,0,1,1,Medium,Medium,Public,Negative,2,0,High School,Near,0,68,2
14,95,-1.0,1,1,8,51,1,1,5,Medium,Medium,Private,Positive,4,0,College,Near,0,70,1
16,92,-1.0,0,0,9,71,2,1,2,Low,Medium,Private,Neutral,2,0,High School,Moderate,0,66,1
15,81,-1.0,1,0,5,68,0,0,0,Medium,High,Public,Positive,3,0,High School,Near,0,65,2
25,65,-1.0,1,0,6,94,1,1,1,Low,High,Public,Negative,4,0,College,Near,1,65,0
25,69,-1.0,1,1,5,63,1,1,1,High,Medium,Private,Neutral,2,0,High School,Near,1,65,0
23,86,-1.0,1,1,4,100,1,1,0,Low,High,Public,Negative,3,0,Postgraduate,Near,1,69,1
27,75,-1.0,1,0,8,60,1,1,4,Medium,Medium,Public,Positive,2,0,Postgraduate,Moderate,0,69,0
13,93,-1.0,2,0,9,62,0,1,0,Low,Medium,Private,Neutral,3,0,High School,Moderate,1,65,1
30,98,-1.0,2,1,8,83,2,0,1,Low,High,Public,Neutral,3,0,High School,Near,0,76,1
29,92,-1.0,2,0,8,58,0,1,2,Medium,Low,Private,Neutral,3,0,College,Near,1,72,1
24,75,-1.0,0,0,7,94,1,1,2,Medium,High,Public,Negative,4,0,High School,Near,1,67,0
31,92,-1.0,1,1,7,55,1,1,3,Low,High,Public,Positive,3,0,High School,Near,1,74,1
10,74,-1.0,1,1,10,99,2,1,2,Medium,High,Public,Neutral,3,0,College,Near,1,66,0
17,67,-1.0,2,1,9,94,1,1,2,Low,Low,Private,Positive,3,0,High School,Near,0,66,0
16,61,-1.0,2,0,6,92,2,1,4,High,High,Public,Neutral,3,0,High School,Near,1,66,0
24,75,-1.0,2,1,9,70,2,1,5,High,High,Public,Negative,5,0,College,Near,0,71,0
14,96,-1.0,0,0,9,76,1,1,0,Low,High,Public,Neutral,3,0,High School,Moderate,1,66,1
25,70,-1.0,2,0,8,73,2,1,1,Low,Low,Public,Negative,2,0,Postgraduate,Near,1,65,0
28,68,-1.0,2,1,8,99,1,1,1,High,Medium,Public,Neutral,3,0,High School,Near,0,69,0
24,99,-1.0,0,1,8,52,0,1,1,Low,High,Public,Negative,2,0,High School,Near,1,69,1
22,61,-1.0,1,1,5,69,0,1,2,Low,High,Public,Neutral,2,0,High School,Far,0,63,2
14,91,-1.0,1,0,5,98,2,1,0,High,High,Public,Neutral,3,0,High School,Near,0,68,1
15,73,-1.0,1,0,8,68,1,1,1,High,Medium,Public,Neutral,3,0,High School,Near,0,64,0
27,61,-1.0,1,0,5,70,1,1,2,Low,Low,Public,Neutral,2,0,College,Near,1,64,0
25,97,-1.0,2,1,5,82,2,1,1,Low,High,Public,Negative,5,0,College,Moderate,1,73,1
20,66,-1.0,2,1,4,95,2,1,2,High,Medium,Public,Neutral,2,0,High School,Moderate,0,66,0
17,82,-1.0,2,0,6,65,0,1,4,Low,Medium,Private,Positive,3,0,High School,Moderate,0,67,2
8,71,-1.0,1,1,8,97,1,1,3,Medium,Medium,Private,Neutral,1,1,High School,Near,0,63,2
14,63,-1.0,1,1,8,64,2,1,1,Low,Medium,Public,Neutral,3,0,High School,Moderate,1,61,0
31,62,-1.0,1,1,8,91,2,1,4,High,High,Public,Positive,4,0,High School,Moderate,1,71,0
12,65,-1.0,1,1,6,64,1,1,1,Medium,Medium,Public,Positive,3,0,College,Near,0,61,0
21,63,-1.0,0,1,7,54,0,1,1,Medium,Medium,Private,Positive,3,0,College,Moderate,0,62,2
26,90,-1.0,2,1,8,91,1,1,1,High,High,Private,Neutral,4,1,High School,Near,1,74,2
12,79,-1.0,1,0,8,73,1,1,2,Medium,Medium,Private,Neutral,4,0,High School,Near,1,65,0
21,74,-1.0,0,1,6,70,0,1,2,Low,High,Public,Positive,3,0,High School,Moderate,0,64,2
26,77,-1.0,0,0,7,71,1,1,1,Medium,High,Public,Neutral,4,0,Postgraduate,Moderate,1,66,0
20,97,-1.0,2,1,4,81,1,1,1,Medium,Medium,Public,Positive,2,1,High School,Moderate,1,72,1
37,96,-1.0,1,1,7,63,1,1,0,Medium,High,Private,Positive,4,0,High School,Near,1,76,1
10,89,-1.0,1,1,6,62,1,1,4,Low,Medium,Public,Positive,3,0,Postgraduate,Moderate,1,67,1
26,95,-1.0,2,0,9,74,0,1,3,Low,Medium,Private,Neutral,3,1,High School,Near,0,71,2
19,73,-1.0,1,0,6,52,1,1,1,Medium,Medium,Public,Positive,3,0,High School,Near,1,65,0
25,75,-1.0,0,1,7,82,1,1,3,Medium,High,Private,Negative,4,0,Postgraduate,Near,1,68,0
23,85,-1.0,1,1,6,91,0,1,1,Low,High,Public,Neutral,3,0,High School,Far,1,68,1
16,85,-1.0,0,1,6,86,0,1,3,High,High,Private,Neutral,2,0,High School,Far,1,67,1
21,79,-1.0,0,0,8,73,1,1,1,Low,Low,Public,Neutral,2,0,High School,Near,0,64,0
9,76,-1.0,2,0,6,78,0,0,0,Medium,Medium,Public,Negative,4,1,Postgraduate,Near,1,60,2
24,99,-1.0,1,0,10,51,0,1,1,Low,Medium,Public,Neutral,3,0,Postgraduate,Near,1,70,1
22,93,-1.0,1,1,4,96,2,1,1,High,Low,Private,Positive,2,0,College,Near,1,73,1
24,77,-1.0,1,1,8,78,0,1,2,High,High,Private,Positive,3,0,High School,Moderate,1,69,2
26,89,-1.0,1,0,7,66,1,1,0,Low,Medium,Public,Neutral,5,1,College,Near,1,70,2
22,71,-1.0,1,0,7,65,0,1,1,Low,Medium,Public,Neutral,3,0,College,Near,1,64,2
21,64,-1.0,0,1,7,83,2,1,2,Low,Low,Public,Neutral,3,0,High School,Moderate,0,64,0
15,74,-1.0,1,1,8,79,1,1,0,High,Medium,Public,Negative,3,0,College,Near,1,65,0
16,76,-1.0,1,0,7,59,0,1,0,Low,Medium,Public,Neutral,2,0,College,Near,0,62,2
27,61,-1.0,1,1,9,70,1,1,0,Medium,Medium,Public,Neutral,2,0,High School,Near,1,64,0
29,93,-1.0,1,1,7,84,1,1,0,High,Medium,Public,Neutral,3,0,College,Moderate,1,72,1
19,74,-1.0,0,1,5,65,2,0,1,Low,High,Public,Positive,3,0,High School,Near,1,64,0
20,83,-1.0,1,1,7,75,1,1,0,Medium,Medium,Public,Neutral,4,0,High School,Near,0,67,1
15,63,-1.0,2,1,9,63,0,0,4,High,High,Private,Negative,3,0,College,Near,1,64,2
27,67,-1.0,1,0,6,54,1,1,0,Medium,Low,Private,Negative,2,0,High School,Far,1,61,0
24,96,-1.0,2,1,5,69,1,1,1,Low,Medium,Public,Positive,4,0,High School,Near,1,72,1
32,84,-1.0,1,1,8,87,1,0,2,Medium,Medium,Public,Positive,1,0,High School,Far,1,70,1
15,98,-1.0,2,0,8,61,1,1,4,Low,Medium,Public,Positive,2,0,High School,Moderate,0,70,1
18,100,-1.0,1,0,6,88,1,1,2,Medium,Medium,Public,Neutral,2,0,College,Moderate,1,71,1
21,75,-1.0,2,0,7,83,0,1,1,Medium,Medium,Public,Positive,2,0,College,Near,0,68,2
24,72,-1.0,1,0,7,75,1,1,3,High,Medium,Private,Neutral,2,0,College,Near,0,68,0
19,94,-1.0,2,0,7,99,1,1,0,Low,Medium,Public,Neutral,1,1,High School,Near,1,70,2
15,100,-1.0,2,0,8,94,2,1,2,Medium,High,Public,Negative,3,0,College,Near,1,73,1
25,85,-1.0,1,0,6,78,0,1,2,Medium,High,Public,Neutral,1,0,High School,Far,0,69,1
24,92,-1.0,2,0,8,78,2,1,0,Medium,Medium,Public,Neutral,3,0,High School,Near,1,71,1
15,91,-1.0,1,0,6,64,0,1,1,Low,High,Public,Positive,3,1,High School,Near,1,64,2
28,74,-1.0,1,0,9,96,0,1,0,Medium,Medium,Private,Neutral,3,0,High School,Near,0,68,2
27,83,-1.0,1,0,10,95,1,1,0,High,Low,Private,Neutral,4,0,High School,Moderate,0,69,0
21,93,-1.0,0,0,6,87,1,1,1,Low,High,Public,Positive,2,0,High School,Near,0,70,1
20,88,-1.0,1,0,5,56,1,1,1,Low,Medium,Public,Neutral,4,0,High School,Near,0,67,1
23,61,-1.0,2,1,8,85,1,1,1,Medium,High,Private,Positive,0,0,High School,Near,1,66,0
15,73,-1.0,2,0,7,63,1,1,2,Medium,Medium,Public,Neutral,5,0,Postgraduate,Moderate,1,65,0
20,66,-1.0,2,1,8,59,0,1,4,Medium,Medium,Public,Positive,3,0,College,Near,1,66,2
7,69,-1.0,1,1,6,88,1,1,0,Low,High,Private,Negative,4,0,Postgraduate,Near,0,61,0
25,96,-1.0,1,0,7,98,1,1,0,Low,Medium,Public,Positive,2,0,High School,Near,0,71,1
11,61,-1.0,0,1,6,55,1,1,5,High,Low,Public,Neutral,3,0,High School,Far,1,60,0
29,69,-1.0,1,1,7,58,1,1,1,Low,Low,Public,Positive,2,0,College,Near,1,66,0
18,72,-1.0,0,1,5,61,0,1,1,Medium,Medium,Private,Negative,4,0,College,Moderate,1,61,2
19,85,-1.0,1,1,7,98,2,1,2,Medium,Medium,Public,Negative,3,1,High School,Moderate,0,68,0
16,81,-1.0,2,1,5,85,2,0,2,Low,Medium,Public,Positive,3,0,College,Near,1,68,0
18,69,-1.0,1,1,6,84,1,1,2,Low,Medium,Public,Positive,4,0,High School,Near,1,65,0
29,67,-1.0,0,0,7,75,1,0,3,Low,Medium,Public,Neutral,1,0,High School,Near,0,65,0
5,69,-1.0,1,1,8,77,1,0,2,Low,High,Public,Negative,2,0,College,Near,0,60,0
28,80,-1.0,1,0,8,65,0,1,2,Low,Medium,Private,Neutral,2,0,College,Near,1,67,2
22,71,-1.0,1,0,8,58,1,0,2,Low,Medium,Public,Negative,4,0,College,Near,0,65,0
13,98,-1.0,1,1,5,89,2,1,1,High,Medium,Public,Negative,3,0,High School,Near,1,70,1
14,79,-1.0,1,0,9,74,1,1,1,Medium,Medium,Public,Neutral,4,0,High School,Near,1,64,0
30,62,-1.0,2,1,6,63,1,1,2,Low,High,Public,Positive,4,0,High School,Moderate,1,68,0
14,89,-1.0,1,0,6,82,2,1,2,Medium,Medium,Public,Negative,4,0,College,Moderate,0,69,1
13,73,-1.0,2,1,7,60,2,1,0,High,High,Public,Neutral,3,0,College,Near,0,65,0
27,86,-1.0,1,0,6,74,1,1,2,High,High,Private,Neutral,3,0,High School,Near,1,71,1
22,71,-1.0,1,1,8,60,0,1,1,Medium,High,Public,Neutral,4,0,High School,Moderate,0,65,2
14,83,-1.0,2,1,8,88,0,1,0,High,Medium,Public,Negative,2,1,High School,Moderate,1,65,2
21,91,-1.0,1,1,6,66,2,1,0,Medium,Medium,Public,Positive,2,1,College,Far,0,68,1
14,97,-1.0,0,0,7,72,2,1,1,Low,Low,Public,Neutral,3,0,High School,Near,0,66,1
27,70,-1.0,0,1,7,88,1,0,1,High,Medium,Public,Neutral,3,0,High School,Near,1,65,0
26,73,-1.0,2,1,8,83,0,1,2,Medium,Medium,Public,Positive,4,0,College,Near,1,71,2
23,79,-1.0,1,1,6,70,1,1,3,Medium,High,Public,Negative,4,0,Postgraduate,Moderate,0,68,0
22,97,-1.0,1,1,6,54,1,0,2,High,Medium,Public,Neutral,2,0,College,Near,1,70,1
31,96,-1.0,0,0,5,96,0,1,3,Low,High,Private,Neutral,2,0,College,Near,0,74,1
20,64,-1.0,0,1,6,50,2,1,0,Low,Medium,Private,Neutral,2,0,High School,Near,1,62,0
13,65,-1.0,2,0,5,87,0,1,1,Medium,Medium,Public,Positive,2,1,High School,Moderate,0,61,2
23,80,-1.0,2,1,6,97,1,1,0,Medium,Medium,Private,Neutral,3,0,High School,Near,1,70,0
33,64,-1.0,1,1,9,65,1,1,0,Medium,Medium,Public,Negative,2,0,College,Moderate,1,65,0
14,74,-1.0,1,1,8,54,2,1,2,Low,Low,Public,Neutral,2,0,High School,Moderate,1,62,0
18,66,-1.0,2,0,9,62,1,1,2,High,Medium,Public,Neutral,4,0,High School,Moderate,0,65,0
22,85,-1.0,1,0,6,66,0,1,0,Low,Medium,Private,Positive,4,0,College,Near,1,68,2
20,98,-1.0,2,1,4,73,1,1,2,Medium,Low,Private,Positive,1,0,High School,Far,1,70,1
14,100,-1.0,0,0,7,76,0,1,1,Medium,Medium,Private,Neutral,3,0,Postgraduate,Near,0,68,1
27,75,-1.0,1,0,10,86,1,0,3,Medium,Medium,Private,Positive,6,0,Postgraduate,Near,0,69,0
34,84,-1.0,2,1,6,95,1,1,1,Low,Medium,Private,Neutral,3,0,Postgraduate,Far,1,73,1
21,94,-1.0,1,1,7,73,1,1,1,Medium,Medium,Private,Positive,5,0,College,Near,0,71,1
15,65,-1.0,2,1,5,87,1,1,0,Low,High,Private,Neutral,4,0,High School,Near,0,63,0
11,88,-1.0,1,1,7,56,0,1,2,Medium,Medium,Public,Neutral,2,0,College,Near,1,66,1
22,76,-1.0,0,1,7,66,0,1,1,Low,High,Private,Positive,4,0,Postgraduate,Near,1,67,2
27,68,-1.0,2,0,4,56,1,1,0,Low,High,Public,Neutral,1,0,Postgraduate,Near,0,64,0
23,76,-1.0,0,1,5,85,1,1,1,Medium,Low,Public,Neutral,3,0,High School,Near,0,66,0
20,63,-1.0,2,1,5,95,1,1,2,High,High,Public,Positive,3,0,College,Near,1,69,0
16,88,-1.0,2,1,5,94,2,1,4,Medium,Medium,Private,Positive,6,0,College,Moderate,1,72,1
13,70,-1.0,2,1,6,66,1,1,1,Medium,Medium,Public,Negative,4,0,High School,Near,1,63,0
25,72,-1.0,2,1,8,62,1,1,2,Low,Medium,Public,Positive,2,0,High School,Near,0,67,0
25,65,-1.0,1,0,6,64,1,1,1,Medium,Medium,Private,Negative,4,0,College,Near,1,64,0
11,95,-1.0,1,1,9,64,2,1,4,Low,Medium,Public,Positive,4,0,High School,Moderate,1,68,1
30,80,-1.0,2,0,6,54,2,1,1,High,Medium,Public,Positive,3,0,High School,Moderate,0,71,0
23,83,-1.0,0,1,7,57,1,0,2,Medium,High,Public,Positive,4,0,High School,Moderate,0,67,1
28,83,-1.0,0,0,8,61,1,1,1,Low,Medium,Private,Negative,5,1,Postgraduate,Near,1,67,2
12,76,-1.0,1,1,9,50,1,1,2,Medium,High,Public,Negative,3,0,College,Near,1,64,0
12,68,-1.0,0,0,6,52,0,1,5,High,High,Public,Neutral,3,0,College,Near,1,63,2
19,90,-1.0,2,0,8,85,1,1,2,Medium,Medium,Public,Neutral,4,0,College,Near,1,72,1
23,65,-1.0,1,1,6,81,0,1,2,Low,Medium,Public,Neutral,2,0,High School,Near,0,63,2
31,64,-1.0,1,0,10,97,0,1,2,Medium,Medium,Private,Negative,4,0,High School,Far,0,67,2
24,88,-1.0,1,1,5,70,1,0,1,Low,Medium,Private,Positive,2,0,Postgraduate,Near,1,68,1
19,68,-1.0,2,1,8,72,2,1,2,Low,High,Private,Neutral,3,0,College,Far,1,64,0
14,72,-1.0,2,0,9,53,1,1,4,Medium,Medium,Public,Negative,3,0,Postgraduate,Near,1,65,0
27,79,-1.0,0,1,5,58,2,1,2,Medium,Medium,Private,Neutral,1,0,Postgraduate,Far,0,68,0
14,78,-1.0,2,1,8,85,1,1,2,Low,Medium,Private,Negative,4,0,High School,Near,1,66,0
30,88,-1.0,1,1,6,62,2,1,4,Low,Medium,Private,Positive,5,0,College,Far,0,73,1
18,85,-1.0,1,1,10,89,1,1,1,High,Medium,Private,Positive,3,0,High School,Near,0,68,1
30,86,-1.0,2,0,4,85,2,1,2,Medium,Medium,Private,Neutral,5,1,Postgraduate,Far,1,72,0
24,89,-1.0,1,1,5,87,1,0,3,High,Medium,Public,Neutral,0,0,High School,Near,0,70,1
19,72,-1.0,1,1,5,85,2,1,1,Low,Medium,Private,Neutral,4,0,College,Near,0,66,0
17,73,-1.0,1,1,5,85,2,1,3,Medium,Medium,Public,Positive,1,0,College,Near,0,66,0
18,78,-1.0,0,1,8,77,1,1,2,Medium,High,Private,Neutral,4,0,College,Near,0,66,0
23,72,-1.0,0,1,10,84,0,1,2,Low,Medium,Public,Negative,2,0,High School,Moderate,1,65,2
20,99,-1.0,0,1,9,76,2,1,2,Low,Medium,Public,Neutral,5,0,College,Far,1,71,1
16,93,-1.0,1,1,7,60,1,1,1,Medium,Medium,Public,Positive,1,0,High School,Moderate,0,66,1
19,67,-1.0,0,0,7,61,2,1,1,Medium,Medium,Private,Neutral,4,0,College,Moderate,0,63,0
20,60,-1.0,1,1,6,70,1,1,2,Low,Medium,Public,Neutral,3,1,Postgraduate,Near,0,63,2
7,62,-1.0,1,1,8,51,0,1,0,Medium,Low,Public,Positive,3,0,College,Moderate,1,58,2
23,70,-1.0,2,0,7,94,0,1,3,Medium,High,Public,Neutral,3,0,College,Near,0,68,2
14,65,-1.0,1,0,7,63,1,1,2,Low,Medium,Public,Neutral,3,0,High School,Moderate,1,61,0
13,81,-1.0,2,0,6,53,0,1,2,Low,Medium,Public,Positive,4,0,High School,Near,1,65,2
10,94,-1.0,0,0,5,71,1,1,1,High,Medium,Public,Positive,3,0,High School,Moderate,1,67,1
9,89,-1.0,2,1,7,91,1,1,1,High,Low,Public,Neutral,3,0,Postgraduate,Near,1,67,1
12,69,-1.0,0,0,7,70,1,1,1,Medium,Medium,Private,Positive,4,0,High School,Near,1,62,0
16,76,-1.0,2,1,6,63,2,1,0,Low,Medium,Public,Positive,1,0,High School,Near,0,86,0
32,80,-1.0,1,0,6,77,0,1,0,Medium,Medium,Public,Neutral,5,0,College,Near,1,71,2
17,92,-1.0,1,1,8,79,1,1,1,Low,Medium,Public,Positive,3,0,Postgraduate,Near,1,70,1
21,94,-1.0,1,0,8,88,1,1,1,Medium,Medium,Public,Positive,3,0,College,Near,1,71,1
22,96,-1.0,0,0,10,90,2,1,2,Low,Medium,Public,Neutral,3,1,College,Moderate,1,71,1
21,80,-1.0,2,1,9,85,0,1,1,High,Medium,Public,Negative,3,0,College,Near,0,70,2
20,88,-1.0,2,1,5,50,1,0,2,Low,Medium,Public,Neutral,5,0,High School,Moderate,1,67,1
13,64,-1.0,0,1,7,50,2,1,0,Medium,Low,Public,Positive,4,0,High School,Near,1,60,0
29,83,-1.0,2,0,5,99,1,1,0,Medium,High,Public,Neutral,4,0,College,Near,0,73,1
31,70,-1.0,0,1,4,63,2,1,1,Medium,Medium,Public,Neutral,2,1,High School,Near,0,67,0
10,77,-1.0,2,1,10,64,2,1,1,Low,Medium,Private,Negative,3,1,College,Near,0,62,0
14,85,-1.0,2,0,9,87,2,1,0,Medium,Medium,Public,Negative,3,0,College,Near,0,67,0
18,70,-1.0,0,0,6,79,1,1,1,Medium,High,Public,Positive,2,0,College,Near,0,65,0
14,62,-1.0,1,0,9,73,1,1,1,Low,Medium,Public,Neutral,6,0,High School,Near,1,61,0
23,60,-1.0,1,1,9,56,0,0,0,Low,Medium,Private,Negative,4,0,High School,Moderate,0,61,2
16,61,-1.0,1,0,4,54,0,1,1,Low,Medium,Private,Neutral,2,0,High School,Near,0,60,2
33,60,-1.0,2,0,8,85,0,1,4,Low,Low,Public,Negative,3,0,High School,Near,1,68,2
27,64,-1.0,1,1,6,56,0,1,0,Low,High,Public,Neutral,5,0,College,Moderate,0,65,2
21,70,-1.0,2,1,8,72,0,1,3,Medium,Low,Public,Neutral,1,0,Postgraduate,Moderate,0,67,2
26,69,-1.0,0,0,10,87,0,1,2,Medium,Low,Public,Positive,2,0,Postgraduate,Near,1,67,2
27,99,-1.0,1,0,9,96,0,1,0,High,Medium,Private,Positive,2,0,College,Moderate,1,74,1
17,72,-1.0,1,0,7,94,0,1,4,Medium,Medium,Public,Positive,2,0,High School,Far,0,64,2
15,65,-1.0,2,1,9,93,0,1,2,Low,Low,Private,Neutral,3,0,College,Near,1,64,2
20,82,-1.0,0,1,4,68,1,1,2,Low,High,Public,Neutral,3,0,High School,Near,1,67,1
25,94,-1.0,2,0,8,96,2,1,6,Medium,Medium,Public,Negative,3,1,High School,Far,0,74,1
21,87,-1.0,1,1,8,84,2,1,1,Low,Low,Private,Positive,2,0,College,Near,1,69,1
11,72,-1.0,1,0,8,94,2,1,1,Low,Low,Public,Positive,2,0,High School,Near,1,62,0
15,82,-1.0,1,1,6,54,1,1,1,Medium,Medium,Public,Positive,2,0,College,Near,0,66,1
20,89,-1.0,2,1,8,52,0,1,2,Medium,Medium,Public,Negative,3,0,College,Moderate,0,69,1
20,89,-1.0,1,1,8,71,1,1,1,Medium,Medium,Public,Negative,1,0,Postgraduate,Far,1,68,1
32,87,-1.0,1,1,4,91,1,1,2,High,Medium,Public,Neutral,2,0,High School,Moderate,0,74,1
12,95,-1.0,1,0,7,70,1,1,4,Medium,High,Public,Positive,3,0,High School,Far,1,68,1
23,95,-1.0,1,1,6,94,2,1,2,Medium,Medium,Public,Neutral,3,0,High School,Near,1,73,1
29,83,-1.0,0,0,8,62,0,1,4,High,Medium,Public,Negative,5,0,College,Near,1,70,2
34,77,-1.0,2,0,9,52,1,1,0,Medium,Medium,Private,Neutral,4,0,High School,Moderate,0,69,0
18,86,-1.0,1,1,6,88,1,1,2,Medium,High,Public,Neutral,2,0,College,Far,1,68,1
23,93,-1.0,2,0,5,81,2,1,2,Low,Medium,Private,Negative,1,0,College,Near,1,71,1
23,60,-1.0,1,0,7,72,0,1,3,High,Medium,Public,Neutral,2,0,College,Near,0,64,2
21,100,-1.0,1,0,5,92,0,1,3,Low,Low,Public,Positive,3,1,Postgraduate,Near,1,71,2
19,67,-1.0,1,0,7,91,1,1,1,Low,High,Public,Neutral,3,0,High School,Near,0,65,0
23,79,-1.0,1,1,7,66,2,1,1,High,Medium,Private,Positive,3,0,Postgraduate,Near,1,68,0
5,95,-1.0,2,1,8,92,0,1,1,Low,High,Private,Neutral,2,0,College,Near,0,67,1
24,69,-1.0,2,1,7,67,1,1,2,Medium,High,Public,Negative,4,0,Postgraduate,Far,1,67,0
21,79,-1.0,0,1,7,81,0,1,2,Medium,Medium,Public,Neutral,4,0,High School,Near,1,67,2
19,65,-1.0,2,1,9,60,0,1,1,Low,Medium,Public,Neutral,3,0,Postgraduate,Moderate,1,63,2
32,76,-1.0,1,0,7,63,1,1,0,Medium,Low,Public,Positive,3,0,High School,Near,0,68,0
16,67,-1.0,2,1,6,72,1,1,1,Low,High,Public,Positive,3,0,Postgraduate,Near,0,66,0
18,75,-1.0,1,1,7,66,2,1,1,High,High,Public,Positive,4,0,High School,Near,1,67,0
32,75,-1.0,0,1,6,56,1,1,3,Medium,Medium,Public,Neutral,2,0,College,Moderate,0,68,0
15,100,-1.0,1,1,5,74,1,1,2,High,Medium,Private,Neutral,3,0,Postgraduate,Near,1,72,1
17,100,-1.0,1,0,5,76,0,1,3,Low,High,Private,Neutral,3,0,Postgraduate,Moderate,0,70,1
19,65,-1.0,2,0,9,58,0,1,3,Medium,Medium,Public,Negative,4,0,High School,Moderate,0,62,2
25,89,-1.0,0,1,6,59,1,1,2,Low,Medium,Public,Neutral,2,0,College,Near,0,69,1
21,62,-1.0,0,1,7,51,0,1,0,Low,Medium,Private,Positive,4,0,High School,Near,0,61,2
12,61,-1.0,0,1,7,52,0,1,2,Low,Medium,Public,Positive,2,0,High School,Moderate,0,58,2
17,64,-1.0,1,0,7,68,1,1,5,Medium,Medium,Private,Neutral,3,0,High School,Near,1,63,0
16,99,-1.0,1,0,9,57,2,0,4,Medium,Medium,Public,Positive,3,0,College,Near,0,71,1
20,98,-1.0,1,1,7,96,0,0,1,Low,High,Public,Positive,3,0,College,Near,0,70,1
23,68,-1.0,1,0,6,60,1,1,1,Low,Medium,Public,Neutral,3,0,High School,Near,0,64,0
23,66,-1.0,0,0,6,53,0,1,2,Medium,Medium,Public,Positive,1,0,College,Far,1,63,2
9,70,-1.0,1,1,8,70,0,1,1,Medium,Medium,Public,Positive,3,0,College,Near,1,63,2
26,81,-1.0,0,0,8,60,2,1,2,Low,High,Public,Positive,5,0,Postgraduate,Near,0,71,0
22,83,-1.0,2,1,8,53,1,0,0,Low,Low,Public,Negative,2,0,Postgraduate,Near,0,65,1
28,69,-1.0,2,0,7,88,0,1,2,Low,Medium,Public,Neutral,2,0,High School,Moderate,1,68,2
23,90,-1.0,2,1,5,78,2,0,1,Medium,Medium,Private,Neutral,3,0,High School,Moderate,1,70,1
27,72,-1.0,2,1,8,53,1,1,3,Medium,Low,Public,Neutral,3,0,High School,Far,0,68,0
23,97,-1.0,2,0,7,73,1,0,3,Low,Medium,Private,Negative,1,0,High School,Moderate,1,69,1
28,86,-1.0,1,1,7,52,1,1,0,Medium,Medium,Public,Positive,5,0,College,Near,1,70,1
23,77,-1.0,1,0,5,68,0,1,0,High,High,Private,Positive,3,1,High School,Near,1,67,2
19,92,-1.0,2,1,6,68,1,1,2,Medium,Medium,Public,Neutral,2,0,High School,Near,0,69,1
34,93,-1.0,1,0,6,91,0,1,2,High,Medium,Public,Neutral,3,0,High School,Moderate,0,73,1
25,72,-1.0,1,1,8,87,0,1,3,Medium,Low,Public,Positive,3,0,Postgraduate,Moderate,1,68,2
23,74,-1.0,1,0,8,95,1,1,2,Low,Medium,Public,Negative,2,0,College,Far,0,67,0
12,97,-1.0,2,1,7,57,0,1,0,Low,Medium,Private,Positive,4,0,College,Moderate,0,67,1
12,67,-1.0,2,1,8,77,1,1,2,Low,High,Private,Positive,3,0,College,Near,1,64,0
22,62,-1.0,1,0,9,51,1,1,2,Low,Medium,Public,Neutral,2,0,High School,Near,1,63,0
21,78,-1.0,2,0,8,91,1,0,1,Medium,Low,Private,Negative,5,0,Postgraduate,Near,0,67,0
16,92,-1.0,2,1,8,68,1,1,1,Medium,High,Public,Positive,2,0,High School,Near,1,70,1
21,91,-1.0,1,1,6,53,2,1,1,Medium,Medium,Public,Positive,3,0,Postgraduate,Near,0,71,1
30,97,-1.0,2,1,6,66,2,1,1,Medium,Medium,Private,Neutral,2,0,College,Near,1,74,1
24,81,-1.0,2,1,9,64,2,1,2,High,Low,Public,Positive,3,0,High School,Near,1,70,0
13,64,-1.0,0,0,6,88,1,1,1,Medium,Medium,Public,Neutral,2,0,College,Moderate,0,59,0
19,84,-1.0,1,1,8,56,1,1,0,Low,Medium,Private,Neutral,3,1,High School,Near,1,64,2
15,91,-1.0,1,0,10,78,0,1,2,Medium,High,Public,Neutral,3,0,High School,Near,0,67,1
18,64,-1.0,1,1,8,90,1,1,1,Low,Medium,Public,Neutral,3,0,High School,Near,1,63,0
18,67,-1.0,2,1,7,87,1,1,5,Low,Low,Public,Positive,2,0,College,Near,1,66,0
17,60,-1.0,1,1,5,97,1,1,1,Medium,Medium,Private,Negative,4,0,College,Far,1,62,0
12,84,-1.0,1,0,7,50,1,1,3,High,High,Public,Neutral,3,0,High School,Near,1,65,1
19,95,-1.0,2,1,9,68,1,1,3,High,Medium,Public,Positive,4,0,College,Far,1,73,1
17,87,-1.0,2,1,7,68,2,1,1,Medium,High,Public,Positive,2,0,High School,Near,1,70,1
2,99,-1.0,0,1,9,52,0,1,0,Medium,Medium,Public,Neutral,4,0,High School,Near,1,62,1
32,63,-1.0,2,0,8,91,1,0,2,High,Low,Public,Positive,5,1,High School,Near,0,68,2
27,96,-1.0,0,1,7,84,1,1,1,High,Medium,Public,Neutral,3,0,College,Near,1,74,1
18,93,-1.0,1,0,7,76,0,1,2,Medium,Medium,Private,Neutral,4,0,High School,Near,0,96,1
20,73,-1.0,2,0,5,70,2,1,1,Low,High,Public,Negative,2,0,High School,Moderate,1,66,0
13,99,-1.0,2,1,6,95,1,0,0,Low,Medium,Public,Positive,4,0,Postgraduate,Near,1,69,1
30,72,-1.0,2,1,6,63,1,1,1,Low,Medium,Public,Neutral,3,0,Postgraduate,Near,0,70,0
31,96,-1.0,0,1,8,67,1,1,2,Medium,Medium,Private,Neutral,3,0,College,Near,1,73,1
21,95,-1.0,0,0,7,98,0,1,1,Low,High,Public,Positive,2,0,High School,Near,1,69,1
26,90,-1.0,2,1,9,53,1,1,1,Low,Medium,Private,Neutral,4,0,High School,Far,1,71,1
21,83,-1.0,0,1,7,89,0,0,0,Low,Low,Public,Neutral,2,0,College,Moderate,0,65,2
12,65,-1.0,0,1,6,86,1,1,1,Medium,Medium,Public,Positive,3,0,Postgraduate,Near,0,62,0
18,81,-1.0,2,0,6,95,0,1,1,Medium,Medium,Public,Positive,3,0,High School,Near,1,69,2
21,74,-1.0,1,0,6,55,2,1,3,Low,Medium,Public,Positive,2,0,College,Near,1,65,0
17,92,-1.0,1,0,7,99,1,1,1,Medium,Medium,Public,Neutral,2,0,College,Far,0,68,1
19,90,-1.0,0,1,6,51,2,1,1,Low,Medium,Public,Negative,3,1,Postgraduate,Near,1,65,1
19,96,-1.0,2,1,5,67,1,1,4,High,Medium,Private,Neutral,1,0,High School,Moderate,1,72,1
20,61,-1.0,2,1,9,54,1,1,2,High,Medium,Private,Positive,4,0,Postgraduate,Near,1,67,0
20,92,-1.0,0,0,7,53,1,1,2,Medium,High,Private,Positive,2,0,College,Far,1,68,1
14,98,-1.0,1,0,7,98,1,0,0,Medium,High,Public,Positive,3,0,High School,Near,1,68,1
16,92,-1.0,1,0,6,86,0,0,2,Medium,Medium,Private,Neutral,3,1,College,Near,0,66,2
12,65,-1.0,2,1,5,75,2,1,0,High,Medium,Private,Negative,2,0,High School,Moderate,1,62,0
26,63,-1.0,1,1,7,55,1,1,2,Medium,High,Public,Neutral,4,0,High School,Far,1,65,0
7,61,-1.0,2,1,4,76,2,1,1,Medium,Medium,Private,Positive,5,0,High School,Far,0,60,0
27,85,-1.0,1,1,8,66,1,1,2,Low,High,Private,Neutral,4,1,High School,Moderate,1,70,2
28,85,-1.0,1,1,6,64,0,1,1,Low,Medium,Public,Neutral,1,0,High School,Moderate,1,68,1
18,99,-1.0,2,1,7,81,0,1,1,Medium,Medium,Public,Neutral,3,0,Postgraduate,Near,1,72,1
4,76,-1.0,1,1,8,90,1,1,2,High,Medium,Public,Positive,2,0,High School,Moderate,0,63,0
18,73,-1.0,2,1,7,72,0,1,1,Medium,Medium,Private,Neutral,1,1,High School,Moderate,1,63,2
20,85,-1.0,1,1,5,75,0,1,1,Medium,Medium,Public,Neutral,2,0,College,Near,1,67,1
14,93,-1.0,0,1,9,83,0,1,4,Medium,Medium,Public,Neutral,2,0,Postgraduate,Near,0,68,1
17,97,-1.0,1,0,5,56,0,1,2,High,Medium,Public,Positive,3,0,High School,Near,0,69,1
29,92,-1.0,1,1,4,91,0,1,1,High,High,Public,Neutral,4,0,High School,Near,0,75,1
24,77,-1.0,1,0,8,92,2,1,0,High,Medium,Public,Neutral,3,0,High School,Moderate,1,67,0
14,85,-1.0,2,1,5,77,1,1,2,Low,High,Public,Positive,3,0,High School,Near,1,69,1
10,94,-1.0,1,0,9,59,0,1,0,Medium,Medium,Public,Positive,2,0,Postgraduate,Near,1,65,1
18,80,-1.0,2,1,8,75,1,0,2,Medium,Medium,Public,Negative,4,0,High School,Near,1,65,0
19,69,-1.0,1,1,7,55,0,1,1,Low,Medium,Public,Positive,4,0,College,Near,0,63,2
23,67,-1.0,1,0,6,88,1,1,2,Medium,Medium,Private,Neutral,4,0,High School,Near,1,65,0
17,60,-1.0,0,0,6,66,1,1,0,Low,Medium,Public,Positive,2,0,High School,Far,0,58,0
23,89,-1.0,2,1,6,66,0,1,0,Low,High,Private,Positive,3,0,High School,Moderate,1,70,1
32,64,-1.0,0,1,6,97,1,1,1,Medium,Low,Public,Neutral,5,0,College,Moderate,1,66,0
25,70,-1.0,0,0,9,71,1,0,2,Low,Medium,Public,Negative,2,0,College,Near,0,63,0
20,72,-1.0,0,1,6,89,0,1,1,Low,Medium,Private,Negative,3,0,High School,Far,1,62,2
19,82,-1.0,1,1,8,82,2,1,2,Medium,Medium,Private,Positive,3,0,College,Moderate,0,69,0
18,76,-1.0,1,0,9,66,2,1,1,High,High,Public,Positive,3,0,High School,Near,0,66,0
27,87,-1.0,0,0,6,56,1,1,0,Low,High,Public,Neutral,2,0,High School,Moderate,1,68,1
16,62,-1.0,1,1,8,90,0,1,2,High,Medium,Public,Neutral,2,0,Postgraduate,Far,1,62,2
20,65,-1.0,1,0,6,88,1,1,0,Medium,High,Public,Negative,4,1,High School,Near,1,64,2
20,80,-1.0,2,1,7,58,0,0,0,Medium,Medium,Public,Neutral,2,0,College,Near,0,65,2
17,73,-1.0,2,1,6,62,0,1,2,Low,Medium,Private,Negative,3,0,College,Far,1,64,2
12,72,-1.0,1,0,6,88,2,1,2,High,Medium,Public,Positive,3,0,High School,Near,0,65,0
22,63,-1.0,1,1,7,99,0,1,3,Medium,Medium,Private,Neutral,4,0,High School,Moderate,1,65,2
20,96,-1.0,1,1,5,92,1,1,0,Medium,Medium,Public,Neutral,3,0,College,Near,0,70,1
23,88,-1.0,2,0,8,84,2,1,2,Medium,Medium,Private,Positive,3,1,Postgraduate,Near,0,71,0
17,65,-1.0,1,1,5,96,0,1,2,Medium,High,Public,Positive,3,0,College,Moderate,1,65,2
27,63,-1.0,1,0,5,64,1,0,1,High,High,Public,Positive,4,0,Postgraduate,Near,1,67,0
15,99,-1.0,2,1,7,50,2,0,4,Low,Medium,Public,Positive,2,0,High School,Moderate,1,68,1
30,87,-1.0,2,1,6,66,0,1,1,Medium,Medium,Public,Neutral,4,0,High School,Near,1,73,1
10,77,-1.0,2,0,8,99,1,1,0,Medium,High,Public,Neutral,4,1,High School,Near,1,64,2
23,88,-1.0,2,0,7,94,0,0,3,Low,Medium,Private,Positive,1,0,High School,Near,1,71,1
23,90,-1.0,2,0,5,53,1,1,2,Medium,High,Private,Positive,2,0,High School,Near,0,70,1
15,91,-1.0,2,0,8,75,1,1,4,Medium,Medium,Public,Neutral,1,0,High School,Near,0,68,1
23,79,-1.0,1,1,7,54,1,1,2,Low,Medium,Private,Neutral,4,0,College,Moderate,0,68,0
28,77,-1.0,2,1,7,89,1,1,3,Low,Medium,Public,Positive,3,1,High School,Far,1,68,2
7,60,-1.0,2,1,10,69,0,1,0,Low,Medium,Private,Positive,3,0,College,Moderate,0,59,2
23,97,-1.0,1,1,9,96,1,1,2,Medium,High,Private,Neutral,4,0,College,Near,1,74,1
5,84,-1.0,1,1,7,53,0,0,1,Low,High,Public,Positive,3,0,Postgraduate,Moderate,1,62,2
14,68,-1.0,0,1,5,87,2,1,2,Medium,Medium,Public,Positive,3,0,High School,Far,1,64,0
30,97,-1.0,2,0,5,70,1,1,0,High,Medium,Public,Positive,2,0,Postgraduate,Near,1,76,1
17,97,-1.0,1,1,9,63,1,1,2,Low,Medium,Public,Positive,2,0,High School,Near,1,70,1
13,100,-1.0,1,0,6,76,1,0,0,Low,Low,Public,Positive,5,0,Postgraduate,Near,1,69,1
19,95,-1.0,1,1,7,74,2,0,0,Low,High,Public,Positive,2,0,Postgraduate,Near,0,69,1
32,100,-1.0,2,1,5,67,1,0,4,Medium,Medium,Public,Positive,3,0,High School,Far,1,74,1
9,70,-1.0,1,0,8,82,0,0,2,High,High,Public,Negative,2,0,High School,Near,0,62,2
14,94,-1.0,1,0,9,83,2,1,2,Low,High,Public,Positive,3,0,Postgraduate,Moderate,1,70,1
29,93,-1.0,1,1,9,54,1,0,4,Low,High,Public,Positive,3,0,High School,Near,1,71,1
31,69,-1.0,0,1,6,80,0,1,4,Medium,Medium,Public,Negative,2,0,College,Near,1,68,2
19,64,-1.0,0,1,8,86,0,1,3,High,Medium,Private,Neutral,3,0,Postgraduate,Near,0,66,2
13,99,-1.0,1,0,7,54,2,1,3,High,Medium,Public,Negative,3,0,High School,Far,1,67,1
33,72,-1.0,1,0,8,83,0,1,3,Low,High,Private,Neutral,4,0,High School,Near,1,71,2
30,95,-1.0,1,1,7,90,1,1,3,Medium,Medium,Public,Neutral,1,0,High School,Moderate,1,74,1
24,60,-1.0,1,1,6,92,0,1,3,Medium,Medium,Public,Positive,2,0,College,Near,1,65,2
15,61,-1.0,0,1,9,52,1,1,1,Medium,Medium,Private,Neutral,3,0,High School,Moderate,0,60,0
20,79,-1.0,2,1,7,85,0,1,2,Medium,Medium,Public,Neutral,2,0,College,Moderate,1,69,2
19,70,-1.0,1,1,6,90,0,1,2,Low,Medium,Private,Positive,3,0,High School,Moderate,1,65,2
22,88,-1.0,0,1,7,70,1,1,3,Low,Medium,Public,Positive,2,0,High School,Near,0,69,1
29,83,-1.0,0,1,6,77,2,1,1,Medium,Medium,Public,Neutral,4,0,High School,Near,1,70,0
25,63,-1.0,0,1,8,63,1,1,0,Medium,High,Private,Positive,1,1,Postgraduate,Near,0,65,2
14,67,-1.0,0,1,7,66,0,1,0,Low,Medium,Public,Neutral,4,0,High School,Far,0,57,2
28,76,-1.0,1,1,6,75,0,1,0,Medium,High,Public,Positive,2,0,High School,Near,0,68,2
22,67,-1.0,2,0,10,58,1,1,2,High,Low,Public,Neutral,3,0,Postgraduate,Near,1,67,0
24,92,-1.0,1,0,5,69,1,1,2,Medium,Medium,Private,Negative,4,0,High School,Near,0,70,1
29,77,-1.0,1,1,8,65,1,1,1,Medium,Medium,Public,Neutral,3,0,High School,Near,1,68,0
13,64,-1.0,2,1,7,62,1,1,1,Low,Medium,Public,Neutral,1,0,College,Moderate,0,62,0
20,79,-1.0,1,1,5,74,1,1,1,Low,Medium,Public,Neutral,5,0,High School,Far,1,67,0
17,64,-1.0,2,1,6,92,1,1,0,Medium,Medium,Private,Positive,1,0,Postgraduate,Near,1,66,0
11,65,-1.0,0,1,5,62,1,1,2,Medium,High,Public,Neutral,2,0,College,Far,0,60,0
22,70,-1.0,0,0,10,83,0,1,0,Medium,High,Public,Positive,2,0,College,Moderate,1,65,2
35,94,-1.0,1,1,7,63,1,1,1,Low,High,Public,Positive,2,0,College,Near,0,75,1
9,97,-1.0,1,1,7,57,1,1,4,Medium,High,Public,Neutral,5,0,High School,Far,0,67,1
20,93,-1.0,2,0,10,97,1,1,1,Low,Medium,Public,Neutral,2,0,Postgraduate,Moderate,1,71,1
24,73,-1.0,0,1,6,82,1,1,0,Medium,Medium,Public,Negative,2,1,High School,Near,1,63,2
21,71,-1.0,1,1,9,55,0,1,2,High,High,Public,Positive,1,0,Postgraduate,Moderate,1,67,2
19,82,-1.0,1,0,8,82,0,1,2,Low,Medium,Private,Negative,4,0,Postgraduate,Near,0,68,2
12,89,-1.0,0,1,4,59,0,1,2,Low,High,Public,Negative,4,0,High School,Near,1,65,1
21,100,-1.0,2,0,6,94,1,0,1,High,Medium,Public,Positive,3,0,College,Moderate,0,72,1
15,65,-1.0,1,0,8,62,1,1,1,Medium,Medium,Public,Neutral,4,0,High School,Moderate,0,61,0
7,62,-1.0,2,0,7,90,1,1,1,Medium,Low,Public,Neutral,5,0,College,Moderate,0,60,0
27,88,-1.0,2,1,7,60,1,1,2,Low,Medium,Public,Positive,2,0,High School,Near,0,72,1
26,93,-1.0,1,1,6,78,1,1,2,Medium,Medium,Public,Neutral,3,0,Postgraduate,Far,0,72,1
20,94,-1.0,1,1,6,96,1,1,2,Medium,Medium,Private,Negative,3,0,College,Near,1,70,1
21,87,-1.0,1,0,7,65,2,1,2,Medium,Medium,Public,Negative,3,1,College,Near,1,67,0
26,98,-1.0,1,0,10,54,1,1,0,Low,High,Private,Neutral,1,0,Postgraduate,Near,1,71,1
21,80,-1.0,0,1,6,78,1,1,0,Medium,Medium,Private,Negative,2,0,Postgraduate,Near,0,66,1
25,97,-1.0,2,0,6,59,0,1,0,Low,High,Public,Positive,2,0,High School,Near,0,72,1
18,99,-1.0,1,1,7,86,1,0,1,High,Medium,Public,Neutral,4,0,High School,Moderate,0,70,1
28,94,-1.0,0,1,5,80,1,1,2,High,Medium,Public,Negative,2,0,High School,Moderate,0,71,1
22,72,-1.0,0,1,8,67,2,1,2,Medium,Medium,Public,Negative,4,0,College,Far,1,64,0
21,68,-1.0,1,1,5,85,1,0,3,High,Medium,Public,Positive,2,0,College,Moderate,1,66,0
12,82,-1.0,0,0,5,62,0,1,2,Medium,Medium,Public,Positive,4,0,High School,Near,1,64,2
22,78,-1.0,1,1,5,96,1,1,0,Low,Medium,Public,Neutral,3,0,High School,Moderate,1,67,0
15,95,-1.0,0,0,5,67,2,1,3,Medium,Medium,Public,Positive,3,0,High School,Moderate,0,67,1
16,64,-1.0,0,0,9,88,1,1,1,Medium,High,Public,Positive,3,0,High School,Near,1,64,0
15,70,-1.0,1,0,8,63,0,1,0,Medium,Medium,Private,Positive,4,0,High School,Moderate,0,61,2
14,90,-1.0,2,1,8,86,1,1,4,Medium,Medium,Private,Negative,2,0,High School,Near,0,99,1
33,64,-1.0,1,0,8,52,0,0,3,High,Medium,Public,Positive,4,0,High School,Near,1,67,2
28,73,-1.0,2,1,7,65,2,1,3,High,High,Public,Positive,3,0,Postgraduate,Near,1,72,0
32,75,-1.0,0,0,7,55,1,1,1,Medium,Medium,Public,Neutral,4,0,High School,Moderate,1,66,0
13,85,-1.0,2,1,9,73,2,1,3,Medium,High,Public,Positive,2,0,Postgraduate,Moderate,1,68,0
20,66,-1.0,0,0,9,72,0,1,1,Medium,High,Public,Positive,1,0,College,Near,0,64,2
12,94,-1.0,2,0,5,68,2,1,1,High,Medium,Public,Neutral,2,0,High School,Near,1,69,1
16,78,-1.0,2,0,10,99,0,1,0,Low,Medium,Public,Positive,4,0,High School,Far,0,65,2
14,97,-1.0,2,0,5,62,1,0,1,Medium,Medium,Public,Neutral,4,1,Postgraduate,Far,0,66,2
27,79,-1.0,2,1,6,90,0,1,3,Medium,High,Public,Positive,4,0,High School,Near,1,73,2
18,71,-1.0,1,1,7,72,0,1,0,Low,Medium,Public,Neutral,4,0,High School,Near,0,63,2
26,66,-1.0,1,1,7,67,2,1,3,Medium,Medium,Public,Negative,4,0,High School,Moderate,0,66,0
24,60,-1.0,1,1,10,60,0,1,3,Low,High,Private,Neutral,2,0,Postgraduate,Near,0,65,2
34,81,-1.0,1,1,9,82,0,1,1,Medium,High,Public,Negative,2,0,High School,Near,1,71,2
11,64,-1.0,0,1,8,67,2,0,1,Medium,Medium,Public,Neutral,2,1,College,Near,1,58,0
28,76,-1.0,1,0,9,91,1,1,0,Low,High,Private,Neutral,3,0,High School,Moderate,1,68,0
27,84,-1.0,1,0,8,98,1,1,0,Low,Medium,Public,Neutral,4,0,High School,Moderate,1,69,1
14,71,-1.0,0,1,6,61,0,1,0,Low,Medium,Public,Positive,3,0,Postgraduate,Near,0,63,2
26,67,-1.0,1,1,8,56,1,1,1,Medium,Medium,Public,Negative,5,0,College,Near,0,66,0
22,91,-1.0,1,1,7,66,1,0,0,High,High,Public,Negative,3,0,College,Near,0,69,1
19,98,-1.0,0,1,6,73,1,1,3,Low,Medium,Private,Negative,3,0,College,Near,1,69,1
15,64,-1.0,1,0,9,65,1,1,2,Medium,Medium,Public,Neutral,2,0,High School,Near,1,63,0
16,66,-1.0,2,1,7,99,1,1,1,Low,Medium,Public,Positive,3,0,College,Near,0,65,0
32,98,-1.0,2,0,5,89,1,1,2,High,Low,Private,Positive,3,0,College,Near,1,76,1
20,62,-1.0,1,1,6,98,2,1,0,High,High,Public,Neutral,3,0,Postgraduate,Near,1,67,0
25,99,-1.0,1,0,8,69,1,0,1,Low,High,Public,Positive,3,0,Postgraduate,Moderate,1,70,1
15,60,-1.0,0,0,9,65,1,1,1,Medium,High,Public,Negative,5,0,College,Moderate,1,60,0
15,95,-1.0,0,0,8,70,1,1,2,High,High,Public,Neutral,3,1,High School,Near,0,68,2
26,72,-1.0,1,1,8,76,1,1,1,Medium,Medium,Public,Negative,3,0,Postgraduate,Near,1,68,0
12,98,-1.0,2,1,6,87,1,1,2,Low,Medium,Private,Neutral,3,0,Postgraduate,Near,0,70,1
18,73,-1.0,2,1,7,94,2,1,1,High,Medium,Private,Neutral,3,0,Postgraduate,Moderate,0,68,0
20,86,-1.0,2,0,7,73,1,1,3,Low,Low,Public,Neutral,3,1,High School,Near,1,69,2
21,63,-1.0,1,1,7,64,1,1,0,Low,Medium,Public,Negative,3,0,High School,Near,0,62,0
19,70,-1.0,0,0,7,66,1,1,1,High,Low,Private,Neutral,4,0,College,Moderate,1,64,0
22,91,-1.0,1,0,6,85,0,1,2,Medium,Medium,Private,Positive,2,0,High School,Moderate,0,71,1
24,81,-1.0,1,1,8,78,1,1,1,Low,Medium,Public,Positive,2,0,High School,Near,1,68,1
24,97,-1.0,1,0,5,74,2,1,0,Medium,Low,Public,Neutral,5,0,High School,Near,0,72,1
14,77,-1.0,1,1,5,60,0,1,1,High,High,Private,Negative,3,0,Postgraduate,Far,1,64,2
18,95,-1.0,2,1,6,94,1,1,6,Low,High,Public,Neutral,3,0,High School,Far,0,73,1
27,78,-1.0,2,0,8,89,0,1,0,Low,Medium,Public,Neutral,3,0,Postgraduate,Near,0,69,2
25,99,-1.0,1,0,8,57,1,1,1,Medium,Low,Private,Positive,3,0,Postgraduate,Moderate,1,70,1
12,98,-1.0,2,0,4,68,1,1,3,Low,High,Public,Neutral,2,0,High School,Near,0,69,1
22,73,-1.0,0,0,8,77,1,1,1,High,Medium,Public,Neutral,3,0,High School,Far,1,64,0
8,95,-1.0,1,0,7,73,0,1,2,Medium,Medium,Private,Neutral,2,0,College,Near,1,66,1
20,94,-1.0,1,1,6,70,2,1,1,Medium,Medium,Public,Neutral,2,0,High School,Moderate,0,69,1
31,68,-1.0,1,0,7,86,0,1,1,Low,Medium,Private,Positive,3,0,High School,Moderate,0,68,2
14,85,-1.0,0,1,5,53,1,1,4,Medium,Medium,Public,Neutral,3,0,High School,Near,1,65,1
15,63,-1.0,0,1,7,74,1,1,4,Low,Medium,Public,Negative,2,0,High School,Moderate,1,62,0
25,93,-1.0,2,1,5,63,1,1,2,High,Medium,Public,Positive,2,0,Postgraduate,Near,0,75,1
11,67,-1.0,1,1,6,54,0,1,0,Low,Medium,Public,Positive,3,0,High School,Near,0,60,2
16,63,-1.0,2,1,6,73,1,1,0,Medium,Medium,Public,Neutral,4,0,College,Near,1,63,0
24,76,-1.0,0,1,8,59,1,1,2,Medium,Medium,Public,Positive,4,0,College,Far,1,66,0
16,83,-1.0,1,1,7,63,1,1,0,Medium,Medium,Public,Neutral,3,0,Postgraduate,Near,0,67,1
19,94,-1.0,1,1,8,75,1,1,1,Medium,Medium,Public,Negative,3,0,College,Moderate,0,68,1
24,99,-1.0,1,1,5,99,1,1,0,Low,Medium,Public,Positive,3,0,High School,Moderate,0,72,1
23,78,-1.0,1,0,7,84,2,1,0,Low,Medium,Private,Neutral,3,0,College,Near,1,66,0
22,62,-1.0,1,1,8,64,1,1,0,Low,Medium,Public,Neutral,3,0,Postgraduate,Near,0,63,0
18,90,-1.0,2,1,9,69,1,1,1,High,High,Private,Positive,3,0,College,Moderate,0,71,1
22,83,-1.0,1,1,5,70,2,1,2,Low,Medium,Public,Positive,3,0,College,Far,1,67,0
19,78,-1.0,1,1,6,58,1,1,1,Low,Medium,Public,Neutral,3,0,Postgraduate,Near,1,66,0
23,72,-1.0,1,0,8,58,1,0,2,Low,High,Private,Positive,2,0,College,Near,0,66,0
17,80,-1.0,2,0,9,57,1,1,4,Low,Medium,Public,Positive,2,0,College,Near,1,68,1
19,74,-1.0,1,0,7,76,2,1,1,High,Medium,Public,Neutral,3,0,College,Near,0,66,0
14,90,-1.0,1,1,5,84,1,1,0,Low,Medium,Public,Negative,3,0,Postgraduate,Near,0,68,1
20,82,-1.0,1,1,5,80,1,1,3,Low,Medium,Public,Neutral,1,1,College,Near,0,68,2
15,95,-1.0,1,1,7,99,0,1,0,High,High,Public,Neutral,2,0,High School,Near,0,68,1
13,82,-1.0,2,0,8,56,0,1,2,Low,High,Private,Neutral,3,0,Postgraduate,Near,1,66,2
22,70,-1.0,0,0,7,99,1,1,1,Low,High,Private,Positive,2,0,High School,Moderate,1,66,0
21,94,-1.0,2,0,5,73,0,1,0,Medium,High,Public,Neutral,3,0,Postgraduate,Far,0,70,1
25,82,-1.0,1,1,9,61,0,1,1,High,Medium,Public,Negative,2,0,High School,Near,1,68,2
17,68,-1.0,1,1,6,97,2,1,2,High,Low,Public,Negative,3,0,High School,Moderate,1,65,0
22,85,-1.0,2,1,8,73,2,1,1,Medium,Medium,Private,Positive,3,0,College,Near,1,70,0
23,74,-1.0,1,0,4,67,1,1,3,High,Medium,Private,Negative,5,0,High School,Far,1,66,0
23,94,-1.0,2,1,9,61,1,0,0,Medium,Medium,Public,Negative,1,1,Postgraduate,Moderate,0,68,2
15,78,-1.0,1,1,6,63,2,1,1,Medium,Medium,Private,Neutral,2,1,College,Moderate,1,64,0
21,89,-1.0,1,0,9,99,1,1,0,Medium,Medium,Private,Negative,3,0,High School,Near,1,69,1
22,64,-1.0,1,0,8,65,0,1,2,Medium,Medium,Private,Neutral,4,0,Postgraduate,Near,0,65,2
20,76,-1.0,2,1,5,99,0,0,3,Medium,High,Public,Negative,3,0,Postgraduate,Near,0,69,2
7,99,-1.0,2,1,7,67,0,0,1,High,High,Private,Neutral,4,0,High School,Near,0,66,1
21,92,-1.0,0,0,9,62,1,1,1,Medium,Low,Public,Positive,2,0,High School,Near,0,68,1
33,66,-1.0,1,1,6,59,1,1,3,High,Medium,Public,Positive,2,0,Postgraduate,Near,0,70,0
18,71,-1.0,1,0,9,71,1,1,1,Medium,High,Public,Positive,3,0,High School,Moderate,0,65,0
16,73,-1.0,1,1,8,62,1,1,0,High,High,Private,Neutral,2,0,High School,Near,0,65,0
22,86,-1.0,0,0,9,85,1,1,1,Medium,Medium,Public,Negative,3,0,Postgraduate,Near,0,68,1
22,90,-1.0,1,0,7,62,0,1,0,Medium,Medium,Public,Positive,3,0,College,Near,1,67,1
27,90,-1.0,2,0,7,92,1,1,0,Low,Medium,Private,Neutral,3,0,High School,Near,0,72,1
12,80,-1.0,2,1,10,92,2,1,1,High,High,Public,Positive,3,0,Postgraduate,Moderate,1,70,0
24,92,-1.0,2,1,8,64,2,1,1,High,High,Private,Neutral,3,0,College,Near,1,72,1
24,77,-1.0,2,1,7,88,0,1,1,High,Medium,Public,Negative,5,0,College,Near,1,71,2
19,65,-1.0,1,0,8,93,0,1,1,Medium,High,Private,Neutral,4,0,College,Near,1,64,2
22,83,-1.0,2,1,6,80,1,1,2,Medium,Medium,Public,Positive,5,0,High School,Moderate,0,69,1
26,98,-1.0,1,1,7,68,1,1,4,Low,Medium,Public,Positive,1,0,High School,Near,0,73,1
25,92,-1.0,2,1,9,72,1,1,1,Low,Medium,Public,Negative,5,0,Postgraduate,Far,0,70,1
13,83,-1.0,1,0,7,89,1,1,1,Low,Medium,Public,Neutral,4,0,Postgraduate,Near,0,68,1
25,86,-1.0,1,0,6,65,1,1,2,Medium,High,Public,Positive,5,0,High School,Moderate,1,71,1
20,97,-1.0,2,0,6,67,0,1,1,Low,High,Private,Positive,3,0,Postgraduate,Near,0,71,1
20,77,-1.0,2,1,7,58,2,1,0,High,Medium,Public,Neutral,3,0,High School,Near,1,66,0
20,73,-1.0,2,0,6,70,0,1,3,High,High,Public,Neutral,4,0,High School,Near,0,68,2
19,99,-1.0,2,1,5,54,0,1,0,Medium,Medium,Public,Neutral,2,0,Postgraduate,Near,1,70,1
27,95,-1.0,1,0,5,66,0,1,3,Medium,Medium,Public,Neutral,4,0,High School,Near,1,72,1
19,73,-1.0,2,1,9,69,2,1,1,Low,Low,Public,Positive,4,0,Postgraduate,Near,0,66,0
13,79,-1.0,2,1,7,63,0,0,3,High,Medium,Private,Neutral,2,0,High School,Near,0,65,2
18,77,-1.0,2,1,7,55,2,0,3,High,Medium,Private,Neutral,3,1,High School,Near,0,66,0
21,66,-1.0,1,1,6,76,0,1,3,Low,Medium,Private,Neutral,1,0,High School,Moderate,0,65,2
27,98,-1.0,0,1,6,93,0,1,0,Low,Medium,Private,Neutral,4,0,High School,Moderate,1,72,1
24,76,-1.0,1,1,6,67,1,1,2,High,Medium,Public,Negative,3,0,College,Near,0,68,0
15,95,-1.0,1,1,7,62,2,1,0,High,Medium,Public,Negative,3,0,College,Near,0,68,1
35,68,-1.0,2,1,5,64,1,1,0,High,Low,Public,Positive,4,1,High School,Near,1,67,2
22,82,-1.0,1,1,9,93,0,1,2,Low,Medium,Public,Neutral,2,0,High School,Near,1,68,2
28,61,-1.0,1,0,7,76,2,1,1,Medium,High,Public,Positive,4,0,High School,Moderate,1,67,0
19,91,-1.0,2,0,7,57,0,1,3,High,High,Public,Negative,3,0,High School,Moderate,0,69,1
23,83,-1.0,0,0,8,85,1,1,2,Low,Medium,Private,Neutral,2,1,High School,Near,1,65,2
25,85,-1.0,1,0,8,58,1,1,2,Medium,High,Public,Neutral,4,0,College,Near,1,70,1
27,62,-1.0,1,0,6,53,0,1,1,Medium,Medium,Public,Positive,2,0,High School,Moderate,1,64,2
26,68,-1.0,1,0,8,63,1,1,2,Low,High,Public,Positive,3,0,High School,Near,1,66,0
25,63,-1.0,1,0,8,58,1,1,1,High,Medium,Public,Positive,1,0,College,Near,0,64,0
18,72,-1.0,2,1,7,80,2,1,1,High,High,Public,Negative,2,1,High School,Moderate,0,66,0
17,85,-1.0,1,1,9,74,1,1,1,Medium,Medium,Private,Neutral,2,0,High School,Near,1,67,1
22,83,-1.0,0,1,8,86,1,1,3,Medium,Low,Public,Negative,4,0,High School,Near,1,68,1
26,84,-1.0,1,0,8,76,1,1,5,Medium,High,Public,Neutral,2,0,High School,Moderate,1,71,1
19,82,-1.0,0,0,9,71,1,1,1,Low,High,Private,Neutral,3,0,College,Near,0,67,1
26,71,-1.0,1,1,7,76,1,1,3,Low,Medium,Public,Positive,2,0,Postgraduate,Moderate,1,69,0
29,70,-1.0,0,1,7,72,0,1,1,Medium,Medium,Public,Positive,4,0,College,Near,1,67,2
15,65,-1.0,2,1,8,52,1,1,4,Low,Medium,Private,Neutral,3,1,High School,Moderate,0,61,2
15,94,-1.0,1,0,7,84,1,1,0,Medium,High,Public,Positive,2,0,High School,Moderate,1,68,1
19,85,-1.0,0,1,8,98,1,1,2,Medium,Low,Private,Neutral,4,0,High School,Near,0,67,1
22,67,-1.0,1,1,6,71,0,1,1,Medium,High,Public,Neutral,4,0,College,Moderate,1,64,2
17,67,-1.0,1,1,4,71,1,1,3,Medium,High,Public,Negative,2,0,High School,Moderate,0,63,0
28,95,-1.0,1,0,8,52,2,1,3,High,High,Public,Negative,4,0,College,Near,1,72,1
23,90,-1.0,1,0,5,95,0,1,2,Low,Medium,Public,Negative,2,0,High School,Moderate,1,69,1
20,86,-1.0,2,0,6,96,1,1,1,High,Low,Public,Neutral,2,1,High School,Far,1,66,2
11,76,-1.0,1,1,8,91,0,1,1,High,High,Private,Neutral,3,1,College,Near,0,64,2
12,70,-1.0,1,1,8,55,1,1,2,Medium,High,Public,Negative,4,0,High School,Near,0,61,0
22,99,-1.0,2,1,9,95,1,1,2,Low,Low,Public,Negative,4,1,High School,Near,1,71,2
7,92,-1.0,1,1,4,51,1,1,0,High,Medium,Public,Positive,1,0,High School,Near,0,63,1
26,72,-1.0,0,0,7,72,0,1,2,Medium,Low,Public,Neutral,4,0,High School,Near,0,65,2
19,94,-1.0,0,1,7,75,1,1,2,High,Medium,Public,Negative,5,0,College,Near,0,71,1
39,90,-1.0,2,0,8,92,2,1,2,Medium,High,Private,Neutral,1,0,High School,Near,0,78,1
34,72,-1.0,2,1,9,88,0,1,1,High,Medium,Private,Positive,3,0,Postgraduate,Near,1,73,2
19,77,-1.0,1,0,5,90,0,1,1,Low,High,Private,Neutral,3,0,College,Near,0,65,2
19,67,-1.0,1,1,7,93,2,1,0,Medium,Medium,Public,Positive,4,0,Postgraduate,Near,1,66,0
26,64,-1.0,0,1,8,74,0,1,3,Medium,High,Public,Neutral,2,0,High School,Near,1,66,2
30,89,-1.0,1,0,6,89,1,1,3,High,Medium,Public,Neutral,3,0,Postgraduate,Moderate,1,74,1
10,71,-1.0,0,0,10,53,0,1,4,High,Medium,Private,Positive,3,0,High School,Near,0,62,2
9,93,-1.0,0,1,6,72,0,1,1,Medium,Medium,Public,Positive,2,0,College,Near,0,66,1
16,100,-1.0,2,0,7,52,1,1,4,Low,Medium,Public,Negative,4,0,High School,Near,0,71,1
23,63,-1.0,1,1,5,96,1,1,2,High,Medium,Public,Neutral,2,0,High School,Near,0,67,0
23,79,-1.0,0,1,7,98,0,1,0,Medium,High,Public,Neutral,4,0,College,Near,0,69,2
26,92,-1.0,2,0,4,54,1,1,2,High,Medium,Public,Positive,4,0,High School,Moderate,1,72,1
13,92,-1.0,2,1,7,77,1,1,2,High,Medium,Public,Positive,4,0,Postgraduate,Near,1,72,1
6,90,-1.0,1,1,9,66,1,1,2,Medium,High,Public,Positive,2,0,High School,Far,1,65,1
25,74,-1.0,2,0,5,67,2,1,1,Medium,Medium,Public,Positive,5,0,Postgraduate,Near,1,71,0
15,78,-1.0,1,0,5,73,1,1,0,High,High,Private,Positive,1,1,College,Near,1,64,2
8,84,-1.0,0,1,9,56,0,1,1,Low,Medium,Public,Positive,2,0,High School,Moderate,1,61,2
21,99,-1.0,0,1,9,59,0,1,1,High,High,Public,Negative,2,0,College,Moderate,0,69,1
25,73,-1.0,1,1,5,79,1,1,1,Low,Medium,Private,Neutral,5,0,High School,Moderate,0,65,0
19,97,-1.0,0,1,10,51,2,1,3,Low,High,Public,Neutral,4,0,College,Far,0,69,1
17,71,-1.0,1,0,8,80,0,1,2,High,Low,Public,Neutral,3,0,High School,Near,0,64,2
19,100,-1.0,0,1,9,66,2,1,1,High,Medium,Public,Negative,4,1,Postgraduate,Moderate,1,69,1
18,87,-1.0,1,1,6,92,0,1,1,Low,Medium,Private,Neutral,4,0,High School,Near,0,68,1
12,79,-1.0,0,0,9,80,0,1,1,High,Medium,Public,Positive,2,0,College,Moderate,1,63,2
16,85,-1.0,1,0,7,85,2,1,1,Medium,High,Public,Neutral,2,0,High School,Near,1,66,0
23,71,-1.0,1,0,7,56,0,1,1,Medium,High,Private,Positive,4,0,High School,Near,0,65,2
22,71,-1.0,1,1,8,63,1,1,2,Medium,High,Public,Negative,2,0,High School,Moderate,1,66,0
21,65,-1.0,1,0,6,100,1,1,3,Medium,Medium,Public,Neutral,4,0,Postgraduate,Near,1,67,0
14,65,-1.0,2,1,5,72,0,1,3,Low,High,Private,Negative,2,0,High School,Near,1,62,2
19,74,-1.0,2,1,7,68,1,1,2,Low,High,Public,Negative,2,0,High School,Near,0,66,0
7,91,-1.0,1,0,7,94,2,0,3,High,Medium,Public,Neutral,3,0,Postgraduate,Moderate,0,68,1
21,84,-1.0,1,1,6,52,1,1,2,High,High,Public,Negative,5,0,High School,Moderate,1,68,1
29,64,-1.0,1,0,9,77,1,1,0,Low,High,Public,Negative,2,0,High School,Moderate,0,63,0
11,94,-1.0,0,1,10,61,1,1,1,Medium,Low,Public,Neutral,3,0,College,Moderate,1,66,1
16,84,-1.0,0,0,6,68,0,0,3,Medium,Medium,Private,Neutral,3,0,College,Near,1,65,1
22,98,-1.0,1,1,7,60,1,1,1,High,Medium,Public,Positive,1,0,High School,Near,1,72,1
28,87,-1.0,1,0,6,52,1,1,4,Low,Low,Private,Neutral,3,0,Postgraduate,Near,0,70,1
17,67,-1.0,0,0,10,71,1,1,1,Medium,Medium,Public,Positive,3,0,High School,Near,1,63,0
16,79,-1.0,1,0,8,89,1,1,0,Low,High,Private,Neutral,4,0,High School,Near,1,65,0
8,86,-1.0,0,1,8,98,0,1,1,Low,Medium,Private,Neutral,1,0,College,Near,1,65,1
21,61,-1.0,2,0,9,81,1,1,1,Medium,Medium,Private,Neutral,3,0,Postgraduate,Near,1,66,0
32,61,-1.0,1,1,7,69,2,1,0,High,Medium,Public,Positive,3,0,High School,Moderate,0,68,0
22,65,-1.0,0,1,7,88,0,0,2,Medium,Medium,Public,Positive,4,0,College,Near,1,64,2
20,70,-1.0,1,0,9,75,0,1,3,Medium,Medium,Public,Neutral,4,0,College,Moderate,1,66,2
22,77,-1.0,1,1,8,68,1,1,3,High,High,Public,Positive,4,0,High School,Moderate,1,68,0
20,79,-1.0,1,1,6,59,1,1,0,Low,Medium,Public,Positive,2,0,High School,Moderate,1,64,0
15,66,-1.0,1,0,6,90,0,1,2,Medium,Medium,Public,Negative,3,0,College,Far,0,62,2
25,87,-1.0,1,1,6,75,1,0,0,Low,Medium,Private,Neutral,2,1,High School,Near,1,67,2
21,84,-1.0,2,0,9,98,1,1,1,Low,Medium,Public,Negative,3,0,High School,Moderate,1,67,1
20,72,-1.0,1,0,9,90,0,1,1,Medium,Medium,Private,Neutral,2,0,Postgraduate,Moderate,1,65,2
14,61,-1.0,1,1,10,71,1,0,2,Low,Medium,Public,Neutral,4,0,High School,Near,1,59,0
28,63,-1.0,2,1,6,87,0,1,0,Low,Medium,Public,Positive,2,0,High School,Moderate,0,66,2
24,76,-1.0,0,0,7,73,1,1,4,Medium,Medium,Public,Neutral,2,0,High School,Near,0,68,0
17,66,-1.0,1,0,6,54,1,1,2,High,Low,Public,Positive,3,1,High School,Near,0,63,2
26,75,-1.0,0,1,7,76,1,1,2,Medium,Medium,Public,Neutral,3,0,College,Near,1,68,0
17,85,-1.0,0,1,8,93,0,1,2,Medium,High,Public,Positive,3,0,College,Far,0,68,2
15,82,-1.0,1,1,7,93,1,1,3,Low,High,Public,Negative,2,0,High School,Moderate,0,66,1
15,69,-1.0,0,0,9,79,0,1,1,Medium,High,Private,Positive,2,0,High School,Moderate,0,63,2
9,74,-1.0,0,0,6,69,0,1,3,Low,Medium,Private,Positive,2,0,High School,Moderate,0,61,2
23,85,-1.0,1,1,8,51,0,1,0,High,Low,Public,Negative,4,0,College,Near,0,68,2
9,94,-1.0,0,0,6,66,0,1,0,Low,High,Public,Positive,3,0,College,Near,1,66,1
13,90,-1.0,2,0,4,99,2,1,1,High,Medium,Public,Neutral,4,1,College,Moderate,1,69,1
8,82,-1.0,2,1,5,86,1,0,0,Low,Medium,Public,Negative,3,0,Postgraduate,Near,0,64,1
19,74,-1.0,1,0,7,86,2,1,1,High,Medium,Private,Positive,3,0,Postgraduate,Near,1,68,0
19,75,-1.0,2,0,10,88,0,1,0,Low,High,Public,Positive,2,0,High School,Near,0,66,2
18,95,-1.0,1,0,6,81,1,1,0,Low,Medium,Public,Positive,3,1,High School,Near,0,68,2
14,62,-1.0,2,1,7,79,0,1,2,Medium,Medium,Private,Positive,2,0,High School,Moderate,0,62,2
13,100,-1.0,0,1,8,73,0,1,1,Low,Medium,Public,Neutral,3,0,Postgraduate,Near,1,68,1
23,87,-1.0,2,0,6,72,1,1,1,Low,High,Private,Negative,3,0,College,Moderate,1,69,1
17,87,-1.0,2,1,6,94,1,1,2,Low,Medium,Private,Neutral,3,0,High School,Moderate,1,70,1
22,62,-1.0,1,1,7,70,0,1,4,Low,Medium,Public,Negative,2,0,College,Near,0,65,2
15,84,-1.0,1,1,6,92,1,1,3,Medium,Medium,Public,Positive,3,0,College,Near,0,68,1
21,79,-1.0,2,0,4,92,0,1,0,Low,Medium,Public,Negative,2,0,Postgraduate,Near,0,67,2
28,64,-1.0,1,1,6,89,1,1,0,Low,Low,Public,Neutral,4,0,College,Far,1,64,0
24,71,-1.0,1,0,8,52,1,0,2,Medium,Medium,Public,Negative,3,0,College,Far,0,63,0
18,96,-1.0,0,1,8,57,1,1,1,Medium,Medium,Public,Negative,2,0,High School,Near,0,67,1
22,82,-1.0,0,0,9,66,1,1,1,Low,High,Private,Negative,3,0,High School,Moderate,1,66,0
19,77,-1.0,0,1,9,92,1,1,2,Low,Medium,Public,Positive,4,0,High School,Near,0,67,0
20,63,-1.0,1,1,6,94,1,0,2,Medium,Medium,Public,Neutral,3,0,High School,Far,0,63,0
18,89,-1.0,1,1,6,52,1,1,3,High,High,Public,Positive,3,0,High School,Moderate,0,69,1
19,88,-1.0,2,0,6,66,1,1,3,Medium,Medium,Public,Positive,2,0,High School,Near,0,70,1
21,85,-1.0,1,1,7,93,1,1,0,High,Medium,Public,Neutral,4,0,High School,Moderate,1,70,1
14,80,-1.0,1,0,6,62,1,1,0,High,Medium,Private,Negative,2,0,Postgraduate,Near,1,65,1
14,77,-1.0,0,0,7,99,0,1,2,Medium,Medium,Public,Positive,2,0,Postgraduate,Moderate,0,64,2
12,84,-1.0,2,1,6,74,2,1,1,Medium,High,Public,Negative,3,0,College,Moderate,0,67,0
10,69,-1.0,1,0,8,97,1,1,1,Medium,Medium,Private,Negative,3,0,High School,Near,0,61,0
13,98,-1.0,2,1,6,71,1,1,1,Low,High,Private,Positive,1,0,College,Near,0,70,1
21,84,-1.0,0,0,6,66,2,1,2,High,Medium,Private,Positive,4,1,College,Far,1,68,0
15,72,-1.0,1,1,8,68,2,1,0,Medium,Medium,Public,Positive,2,0,High School,Near,0,64,0
23,78,-1.0,1,0,8,94,1,1,1,High,Medium,Private,Neutral,2,1,High School,Moderate,1,68,2
20,92,-1.0,0,0,7,67,0,1,1,Medium,Medium,Public,Positive,5,0,High School,Near,1,68,1
8,66,-1.0,2,1,8,83,1,1,0,Low,Medium,Private,Positive,4,0,College,Near,1,63,0
24,72,-1.0,1,1,8,73,0,1,1,Low,Medium,Public,Positive,2,0,College,Moderate,0,65,2
25,87,-1.0,1,1,10,97,1,1,4,Low,Low,Private,Neutral,3,1,High School,Near,0,69,2
14,73,-1.0,2,0,8,58,1,1,2,Low,High,Public,Negative,2,0,College,Moderate,1,63,0
23,92,-1.0,1,1,10,71,1,1,1,Low,Medium,Public,Neutral,3,0,College,Near,1,69,1
15,65,-1.0,0,1,7,56,1,0,3,High,Medium,Private,Positive,3,1,High School,Near,0,61,2
21,91,-1.0,2,1,9,79,1,1,2,Low,Medium,Private,Neutral,3,0,College,Far,0,69,1
12,63,-1.0,1,0,9,70,0,1,1,High,Low,Public,Positive,3,0,College,Near,0,62,2
9,61,-1.0,2,1,7,53,1,1,0,Medium,Medium,Public,Positive,2,1,Postgraduate,Far,1,58,2
18,96,-1.0,2,1,6,92,1,1,2,Medium,Medium,Public,Positive,3,0,High School,Far,1,71,1
19,83,-1.0,0,0,6,69,1,1,5,Medium,Medium,Private,Positive,2,0,Postgraduate,Far,1,69,1
18,74,-1.0,1,0,8,75,2,1,1,High,High,Public,Positive,3,0,Postgraduate,Moderate,1,68,0
13,69,-1.0,0,0,5,70,1,1,0,Medium,High,Private,Negative,2,0,College,Near,1,61,0
18,85,-1.0,1,1,6,74,1,1,3,Low,Medium,Private,Negative,2,0,College,Far,1,67,1
22,80,-1.0,2,1,9,51,1,1,2,Medium,Medium,Public,Negative,3,0,Postgraduate,Near,1,68,0
20,100,-1.0,1,1,8,91,1,1,3,Low,Medium,Public,Positive,3,0,High School,Near,1,72,1
21,99,-1.0,0,1,4,67,1,1,1,Medium,Medium,Private,Negative,4,0,College,Near,0,71,1
16,85,-1.0,1,1,5,86,0,0,3,Medium,Medium,Public,Positive,2,0,High School,Near,1,67,1
27,78,-1.0,1,0,10,53,1,1,3,Medium,Medium,Private,Neutral,4,1,Postgraduate,Moderate,1,68,2
13,80,-1.0,1,0,9,76,1,1,0,High,Medium,Public,Neutral,2,0,High School,Near,0,64,0
23,87,-1.0,2,0,6,95,2,1,3,High,Medium,Private,Positive,0,0,High School,Near,0,73,1
27,64,-1.0,1,1,5,70,1,1,0,Low,High,Public,Positive,4,0,High School,Near,0,65,0
23,73,-1.0,2,0,5,60,2,1,1,Medium,Medium,Private,Positive,2,0,Postgraduate,Near,0,67,0
19,63,-1.0,1,1,8,55,0,1,0,Medium,Medium,Private,Positive,4,0,College,Moderate,0,63,2
17,63,-1.0,1,1,10,93,1,1,0,Low,Medium,Public,Positive,2,1,Postgraduate,Near,0,63,2
26,68,-1.0,1,1,10,62,2,1,4,Medium,Medium,Public,Neutral,2,0,Postgraduate,Near,0,69,0
11,79,-1.0,2,1,5,99,1,1,1,High,Low,Public,Positive,3,0,High School,Near,0,68,1
14,91,-1.0,1,1,7,62,1,1,2,Low,High,Public,Neutral,2,0,College,Near,1,68,1
18,79,-1.0,2,1,6,74,1,1,3,Low,Medium,Public,Positive,4,0,High School,Near,1,69,0
27,73,-1.0,2,1,7,73,2,1,5,High,High,Public,Negative,3,0,High School,Near,0,73,0
22,63,-1.0,2,1,5,53,2,1,3,Low,High,Public,Negative,2,0,High School,Near,1,66,0
14,82,-1.0,1,1,6,77,1,1,3,Medium,Medium,Public,Positive,3,0,College,Near,0,68,1
18,71,-1.0,1,0,6,84,1,1,2,Medium,Low,Public,Neutral,2,0,Postgraduate,Near,1,65,0
16,85,-1.0,1,0,8,87,2,1,4,Low,Medium,Private,Negative,3,0,High School,Far,1,67,0
16,99,-1.0,1,0,6,76,0,1,2,Medium,Medium,Private,Positive,4,0,College,Near,0,70,1
26,64,-1.0,2,0,6,91,1,1,1,Low,Medium,Private,Neutral,4,0,High School,Moderate,1,66,0
12,68,-1.0,2,0,8,88,2,1,3,Low,Medium,Public,Negative,3,0,Postgraduate,Moderate,0,64,0
30,79,-1.0,2,0,9,60,1,1,1,Low,Medium,Public,Neutral,3,0,High School,Near,0,69,0
25,99,-1.0,1,0,10,70,1,1,1,Medium,Medium,Public,Positive,5,0,College,Far,0,71,1
27,91,-1.0,0,0,8,57,1,1,0,Low,Low,Private,Neutral,4,0,Postgraduate,Moderate,1,68,1
17,96,-1.0,1,0,7,57,0,1,2,Medium,Medium,Private,Negative,3,0,College,Moderate,0,68,1
19,73,-1.0,1,1,9,86,2,1,0,Medium,High,Public,Positive,3,0,College,Near,0,66,0
11,100,-1.0,2,0,9,77,1,1,2,Medium,High,Public,Positive,3,0,Postgraduate,Near,0,70,1
17,64,-1.0,2,0,8,80,1,1,0,High,High,Public,Positive,2,0,Postgraduate,Near,0,65,0
23,62,-1.0,0,1,5,87,1,1,1,Medium,Medium,Public,Negative,4,0,High School,Near,0,63,0
28,94,-1.0,1,1,9,64,1,1,0,Medium,Medium,Public,Neutral,3,0,High School,Moderate,0,70,1
13,97,-1.0,1,1,8,70,1,1,0,High,Medium,Private,Neutral,2,0,Postgraduate,Moderate,0,67,1
18,64,-1.0,1,0,6,80,1,1,1,Medium,Medium,Public,Positive,5,1,High School,Near,1,63,2
19,65,-1.0,1,0,6,55,1,1,1,Low,High,Public,Positive,3,0,Postgraduate,Moderate,1,64,0
12,61,-1.0,1,1,8,92,1,1,2,High,Medium,Public,Neutral,4,1,High School,Moderate,1,60,2
24,64,-1.0,1,1,4,67,0,1,0,Low,Medium,Public,Neutral,1,0,High School,Near,1,62,2
16,68,-1.0,2,0,7,83,2,1,2,Low,High,Public,Positive,2,0,High School,Near,0,65,0
19,99,-1.0,0,0,6,100,1,1,0,High,Low,Private,Negative,3,0,Postgraduate,Near,1,69,1
17,87,-1.0,2,1,6,74,0,1,1,Low,High,Private,Neutral,3,0,College,Moderate,0,68,1
15,91,-1.0,1,0,6,61,1,0,1,Medium,High,Public,Positive,2,0,High School,Moderate,1,66,1
20,91,-1.0,2,1,5,61,0,1,4,Low,Medium,Public,Positive,2,0,Postgraduate,Near,1,72,1
19,81,-1.0,2,1,9,53,1,1,2,High,Medium,Public,Positive,3,0,High School,Near,1,68,0
18,92,-1.0,1,0,4,88,1,1,3,High,Medium,Public,Neutral,2,0,High School,Moderate,1,69,1
16,84,-1.0,1,0,7,65,0,1,1,High,High,Public,Negative,3,0,High School,Moderate,1,65,2
22,73,-1.0,1,1,6,59,0,1,0,Low,Medium,Public,Positive,1,0,High School,Near,1,65,2
30,82,-1.0,1,1,10,86,0,1,2,Low,High,Public,Neutral,4,0,High School,Near,0,70,2
21,81,-1.0,0,1,7,65,2,1,1,Medium,Medium,Public,Positive,2,0,College,Moderate,1,67,0
26,93,-1.0,1,0,4,80,1,1,4,Low,Medium,Private,Positive,3,1,College,Near,1,73,2
12,99,-1.0,2,0,8,71,1,1,2,Medium,Low,Public,Neutral,2,0,College,Near,0,70,1
21,76,-1.0,1,1,5,67,1,1,1,High,Low,Private,Positive,3,0,High School,Moderate,1,66,0
13,91,-1.0,1,1,8,74,1,1,1,Low,Medium,Private,Positive,1,0,Postgraduate,Near,1,68,1
11,64,-1.0,1,1,8,66,1,1,2,Low,Medium,Public,Positive,2,0,College,Moderate,1,61,0
16,91,-1.0,2,0,9,94,0,1,0,High,Medium,Public,Positive,3,0,Postgraduate,Near,1,70,1
27,75,-1.0,0,1,7,54,0,1,2,Medium,Medium,Public,Negative,3,0,Postgraduate,Near,0,66,2
26,62,-1.0,1,1,8,52,1,1,4,Low,Medium,Public,Neutral,5,0,College,Near,1,67,0
21,75,-1.0,2,0,7,70,2,1,1,Medium,High,Private,Neutral,3,0,Postgraduate,Near,0,69,0
11,84,-1.0,0,1,6,59,0,1,2,Medium,Medium,Public,Positive,3,0,High School,Near,0,64,1
19,65,-1.0,1,1,9,87,0,1,0,High,High,Public,Positive,2,0,College,Moderate,1,65,2
22,97,-1.0,1,1,5,68,0,1,7,Medium,High,Private,Negative,5,0,College,Near,0,75,1
21,63,-1.0,1,0,7,63,1,1,2,Medium,Medium,Public,Neutral,2,0,High School,Far,1,63,0
9,97,-1.0,1,0,6,68,0,1,5,Medium,Medium,Private,Neutral,3,0,College,Near,1,69,1
15,88,-1.0,2,1,8,61,0,1,2,Medium,High,Public,Positive,4,1,High School,Near,1,68,2
20,73,-1.0,0,1,6,65,1,1,2,High,High,Private,Positive,2,0,College,Near,1,66,0
23,76,-1.0,1,1,6,78,0,1,2,High,Medium,Public,Positive,2,0,High School,Moderate,0,66,2
7,90,-1.0,1,1,7,93,0,1,4,Medium,Medium,Public,Neutral,3,0,College,Near,1,66,1
19,84,-1.0,1,1,9,69,1,1,2,Medium,Low,Public,Neutral,4,0,College,Near,0,68,1
21,87,-1.0,1,1,6,66,1,1,1,Low,Low,Public,Negative,2,0,High School,Moderate,0,65,1
25,76,-1.0,2,0,6,89,2,1,3,Low,Medium,Public,Neutral,3,0,College,Near,1,70,0
24,80,-1.0,2,0,5,51,1,1,3,High,Low,Public,Positive,2,0,High School,Near,0,68,1
23,100,-1.0,1,0,6,65,0,1,1,Medium,High,Public,Neutral,2,1,High School,Near,0,70,2
15,69,-1.0,1,0,8,73,1,1,2,Medium,Medium,Public,Neutral,2,0,High School,Moderate,1,61,0
9,77,-1.0,0,0,7,80,1,1,3,Medium,Medium,Public,Positive,3,1,High School,Near,1,61,2
18,72,-1.0,2,0,7,58,0,1,6,Low,Medium,Public,Positive,0,0,High School,Moderate,1,64,2
26,91,-1.0,1,0,10,72,0,1,4,High,Medium,Public,Neutral,3,0,College,Moderate,1,71,1
28,91,-1.0,1,1,4,78,0,1,1,Medium,Low,Public,Positive,3,0,High School,Moderate,1,72,1
24,72,-1.0,2,1,10,76,2,0,1,Low,Medium,Public,Negative,3,0,High School,Near,1,66,0
23,63,-1.0,1,1,9,79,2,1,0,Low,Medium,Private,Negative,4,0,High School,Far,0,63,0
22,60,-1.0,0,0,7,83,1,0,3,Medium,Medium,Public,Positive,1,0,College,Near,0,62,0
17,77,-1.0,1,1,8,69,0,1,3,High,Medium,Public,Neutral,3,1,College,Near,1,65,2
19,76,-1.0,1,1,6,53,1,1,2,Medium,Medium,Public,Positive,5,0,High School,Near,1,66,0
30,100,-1.0,2,0,7,53,1,1,2,Low,High,Private,Neutral,3,0,High School,Moderate,1,72,1
14,79,-1.0,1,1,10,93,1,1,2,Medium,Medium,Public,Neutral,3,0,College,Near,1,68,0
30,70,-1.0,0,0,6,84,2,1,2,Medium,Medium,Public,Positive,3,0,Postgraduate,Near,1,70,0
18,96,-1.0,1,1,7,88,1,1,1,Medium,High,Private,Negative,3,0,High School,Moderate,0,70,1
28,80,-1.0,2,0,6,96,2,1,2,Low,Medium,Public,Positive,6,0,High School,Near,1,73,0
12,84,-1.0,2,0,6,88,2,0,2,High,High,Public,Positive,2,0,High School,Near,1,67,0
24,64,-1.0,0,0,6,85,1,1,3,Medium,Medium,Public,Positive,2,0,Postgraduate,Moderate,1,65,0
16,75,-1.0,0,1,5,83,1,1,1,Medium,High,Private,Negative,3,0,College,Moderate,0,65,0
12,98,-1.0,1,0,7,63,1,1,0,High,Medium,Private,Neutral,3,1,High School,Near,0,65,2
21,84,-1.0,1,1,7,98,1,1,0,Medium,Medium,Public,Neutral,4,0,College,Near,1,70,1
26,74,-1.0,0,1,6,77,1,1,3,Medium,Medium,Private,Negative,2,0,High School,Far,1,66,0
15,85,-1.0,1,1,4,61,1,1,0,Medium,Low,Public,Neutral,1,0,College,Near,1,65,1
11,96,-1.0,2,0,7,60,1,1,2,Low,Medium,Public,Neutral,1,0,High School,Near,1,68,1
19,71,-1.0,1,1,7,91,1,1,3,High,Medium,Public,Negative,1,0,High School,Moderate,0,66,0
19,80,-1.0,1,1,10,63,2,0,1,Medium,Medium,Public,Neutral,2,0,College,Near,0,65,0
23,98,-1.0,2,1,7,52,0,1,2,Low,High,Private,Positive,4,1,High School,Near,0,71,2
26,67,-1.0,1,1,8,71,1,1,2,High,Medium,Private,Negative,3,0,High School,Near,1,65,0
20,89,-1.0,1,1,6,91,2,1,0,Medium,Medium,Private,Positive,4,0,College,Near,1,70,1
31,85,-1.0,1,1,9,71,0,1,0,Medium,High,Public,Negative,2,1,College,Moderate,0,69,2
21,87,-1.0,1,0,6,90,2,1,3,High,Medium,Public,Negative,4,0,High School,Near,1,71,1
18,74,-1.0,2,1,8,91,1,1,0,Medium,High,Private,Positive,2,0,High School,Near,0,67,0
10,73,-1.0,1,1,8,93,2,1,3,Low,Medium,Public,Positive,2,1,High School,Moderate,1,64,0
18,87,-1.0,0,0,8,79,2,1,1,Low,High,Public,Negative,4,0,College,Near,1,82,0
18,69,-1.0,2,1,10,85,1,1,2,High,Medium,Private,Positive,0,0,College,Moderate,0,66,0
26,77,-1.0,1,1,6,63,0,1,1,Low,High,Public,Negative,4,0,High School,Near,1,66,2
23,68,-1.0,1,1,9,55,1,1,1,Medium,Medium,Public,Positive,3,0,High School,Moderate,1,65,0
13,60,-1.0,1,0,9,77,0,1,2,Medium,High,Private,Positive,5,1,High School,Near,1,61,2
21,99,-1.0,2,0,7,51,2,1,2,Medium,Low,Private,Neutral,2,0,Postgraduate,Near,0,72,1
24,77,-1.0,1,1,10,73,1,1,3,Medium,Medium,Public,Positive,3,0,High School,Near,1,70,0
29,99,-1.0,1,1,7,55,0,1,0,Medium,Medium,Private,Positive,3,0,High School,Moderate,1,71,1
25,66,-1.0,1,1,7,55,1,1,4,Medium,Medium,Public,Neutral,2,1,High School,Moderate,0,84,2
25,83,-1.0,2,1,7,94,0,1,2,Low,High,Public,Positive,3,1,College,Moderate,1,72,2
20,68,-1.0,2,1,5,82,1,0,1,Low,High,Public,Positive,3,0,Postgraduate,Near,0,67,0
22,92,-1.0,0,0,8,82,1,1,2,Medium,Medium,Private,Neutral,5,0,Postgraduate,Near,1,72,1
27,91,-1.0,2,1,8,70,0,1,1,Medium,Low,Public,Neutral,6,0,High School,Moderate,0,70,1
12,65,-1.0,2,0,7,71,1,1,1,Low,High,Public,Neutral,4,0,High School,Moderate,1,62,0
18,96,-1.0,1,1,10,65,0,1,3,Medium,Medium,Public,Positive,2,0,College,Moderate,0,71,1
15,68,-1.0,1,0,6,72,0,1,3,High,Low,Public,Neutral,3,0,High School,Near,0,62,2
22,85,-1.0,1,1,4,79,0,1,1,Low,Low,Public,Positive,3,0,High School,Near,0,68,1
27,99,-1.0,1,0,10,59,2,1,2,Low,Medium,Public,Positive,3,0,High School,Near,1,74,1
16,95,-1.0,2,0,9,63,1,0,0,Medium,Low,Private,Positive,3,0,High School,Near,1,68,1
6,98,-1.0,0,0,8,75,1,1,1,High,Medium,Public,Neutral,3,1,Postgraduate,Far,0,64,2
18,74,-1.0,1,1,6,69,1,1,0,Low,Medium,Public,Positive,4,0,High School,Moderate,1,65,0
25,64,-1.0,0,1,8,91,1,1,1,Low,Low,Public,Positive,5,0,College,Near,1,66,0
23,68,-1.0,2,0,5,91,0,1,5,Low,Medium,Public,Neutral,1,0,College,Near,0,68,2
23,80,-1.0,1,0,7,67,0,1,2,Low,High,Public,Neutral,4,0,High School,Near,1,67,2
18,92,-1.0,1,1,6,73,0,1,1,Medium,High,Public,Neutral,5,1,High School,Moderate,0,67,2
12,66,-1.0,2,1,7,99,0,1,2,Medium,Low,Public,Neutral,3,0,High School,Moderate,1,63,2
23,86,-1.0,2,1,8,91,1,1,2,Low,Medium,Public,Negative,1,0,College,Near,0,71,1
15,73,-1.0,2,0,5,61,0,0,1,Low,High,Private,Positive,2,0,Postgraduate,Moderate,1,63,2
33,74,-1.0,0,0,8,64,1,1,0,Medium,Medium,Public,Negative,3,1,High School,Near,1,66,2
23,86,-1.0,1,0,7,54,0,1,2,Medium,Medium,Public,Negative,2,1,High School,Near,0,67,2
17,79,-1.0,2,1,8,84,1,1,0,Medium,Medium,Public,Neutral,2,0,High School,Moderate,1,66,0
16,92,-1.0,1,1,7,66,2,1,2,Medium,Medium,Public,Positive,4,0,Postgraduate,Moderate,0,70,1
19,66,-1.0,1,0,8,77,0,0,3,Medium,Medium,Public,Negative,4,0,College,Moderate,0,64,2
19,92,-1.0,1,1,6,88,0,1,1,High,Medium,Public,Positive,2,0,Postgraduate,Near,1,71,1
27,63,-1.0,2,1,4,92,1,1,0,Low,Medium,Public,Neutral,3,0,College,Near,0,68,0
21,68,-1.0,1,1,5,66,0,1,2,High,Medium,Private,Neutral,3,0,High School,Near,1,64,2
16,86,-1.0,1,1,6,62,0,1,1,Low,High,Public,Positive,4,0,High School,Near,0,66,1
31,94,-1.0,1,0,5,92,0,1,1,High,Low,Private,Neutral,4,0,High School,Near,1,72,1
20,70,-1.0,1,1,9,69,2,1,2,Medium,High,Public,Neutral,3,0,Postgraduate,Near,0,66,0
25,73,-1.0,2,1,7,91,1,1,0,Medium,High,Public,Neutral,4,0,Postgraduate,Near,0,70,0
16,81,-1.0,1,1,8,57,2,1,1,Medium,Medium,Private,Positive,2,0,High School,Near,1,66,0
22,68,-1.0,1,0,8,96,1,1,1,Medium,Medium,Public,Positive,3,0,Postgraduate,Moderate,0,68,0
22,92,-1.0,0,1,7,74,2,1,2,Medium,Low,Public,Positive,4,0,College,Moderate,1,70,1
9,91,-1.0,1,0,10,59,2,1,0,Low,Medium,Private,Positive,2,0,College,Moderate,1,64,1
32,66,-1.0,2,1,10,77,2,1,3,Medium,Medium,Public,Neutral,1,0,College,Near,1,71,0
28,79,-1.0,2,1,9,94,0,1,2,Low,Medium,Private,Positive,5,0,College,Near,1,72,2
18,91,-1.0,1,1,6,69,1,1,5,Low,High,Public,Positive,2,0,High School,Near,1,71,1
13,73,-1.0,0,0,9,59,1,1,0,Medium,High,Public,Neutral,4,0,Postgraduate,Near,1,63,0
22,85,-1.0,1,1,4,79,1,1,1,High,Low,Public,Positive,2,0,College,Near,1,68,1
21,62,-1.0,1,0,9,92,1,1,1,Medium,Medium,Private,Positive,4,1,High School,Near,1,63,2
22,84,-1.0,1,0,4,56,1,1,0,High,Low,Private,Positive,2,0,High School,Moderate,1,66,1
21,66,-1.0,1,1,7,52,2,1,1,Medium,Medium,Public,Neutral,3,0,High School,Far,0,63,0
23,93,-1.0,2,0,9,53,2,1,1,Low,Medium,Private,Neutral,4,0,College,Near,0,72,1
29,74,-1.0,2,1,8,62,2,1,3,Low,High,Public,Positive,3,1,Postgraduate,Moderate,1,70,0
23,71,-1.0,1,1,5,50,1,1,1,Low,High,Public,Positive,1,0,College,Near,0,65,0
14,94,-1.0,2,1,7,71,1,1,0,Medium,Medium,Private,Negative,3,1,College,Moderate,0,67,2
28,62,-1.0,2,0,8,85,1,1,2,Low,High,Public,Positive,3,0,High School,Moderate,0,66,0
30,76,-1.0,1,1,7,86,1,1,1,Medium,High,Public,Neutral,2,1,Postgraduate,Far,1,69,2
39,75,-1.0,2,1,6,82,2,1,1,High,Low,Public,Negative,3,0,College,Near,1,73,0
13,71,-1.0,2,1,8,65,2,1,2,Medium,Medium,Public,Neutral,4,0,Postgraduate,Near,0,66,0
21,96,-1.0,1,1,9,87,1,1,0,Medium,Medium,Public,Neutral,6,1,High School,Near,0,70,2
8,90,-1.0,2,0,7,79,2,1,2,Low,Medium,Public,Negative,4,0,College,Near,1,68,1
23,63,-1.0,1,1,9,93,1,1,2,Medium,High,Private,Positive,2,0,High School,Far,1,65,0
17,89,-1.0,1,0,7,74,1,1,1,Low,Medium,Private,Positive,2,0,Postgraduate,Moderate,0,67,1
32,81,-1.0,1,0,6,59,2,1,2,High,Medium,Public,Neutral,2,0,High School,Moderate,0,71,0
15,96,-1.0,2,0,9,82,1,1,2,Low,Low,Private,Neutral,3,0,High School,Near,0,70,1
10,73,-1.0,0,1,9,58,0,1,5,Low,Medium,Private,Negative,3,0,High School,Moderate,1,61,2
17,83,-1.0,1,1,6,98,1,1,0,Medium,Medium,Public,Positive,3,0,High School,Near,1,69,1
8,80,-1.0,1,1,6,85,1,1,1,Low,High,Public,Negative,3,0,Postgraduate,Near,1,63,1
25,80,-1.0,1,1,10,88,0,1,0,Low,High,Private,Negative,2,0,College,Moderate,1,67,2
8,78,-1.0,1,1,7,84,1,1,0,Medium,Medium,Public,Positive,2,0,College,Near,1,65,0
20,68,-1.0,1,1,7,55,2,1,0,Low,Low,Public,Positive,3,1,High School,Near,0,63,0
8,90,-1.0,1,0,7,73,2,1,3,High,Low,Private,Negative,4,0,Postgraduate,Near,1,67,1
18,78,-1.0,2,1,9,83,1,1,2,Low,Medium,Private,Negative,2,0,Postgraduate,Moderate,0,66,0
30,98,-1.0,1,1,10,61,1,1,0,Low,Medium,Public,Positive,3,0,Postgraduate,Moderate,1,72,1
22,70,-1.0,2,0,7,84,0,1,3,Low,High,Public,Positive,5,0,High School,Near,1,68,2
15,87,-1.0,1,1,10,91,1,1,1,Low,Low,Public,Neutral,4,0,High School,Moderate,1,67,1
20,98,-1.0,1,1,6,64,1,1,1,High,High,Private,Positive,3,0,Postgraduate,Moderate,1,72,1
20,87,-1.0,2,1,7,60,1,1,0,Low,Medium,Public,Positive,2,1,High School,Far,0,66,2
23,95,-1.0,1,1,8,94,1,1,1,Medium,Medium,Public,Positive,4,0,High School,Near,1,73,1
12,93,-1.0,2,1,6,50,0,1,4,High,High,Public,Positive,3,0,Postgraduate,Moderate,1,71,1
24,74,-1.0,0,1,8,63,2,1,1,Low,High,Public,Positive,3,0,High School,Moderate,1,65,0
4,84,-1.0,1,1,6,70,1,1,5,Medium,High,Private,Neutral,4,0,High School,Near,1,65,1
16,66,-1.0,1,1,5,84,1,1,2,Medium,Medium,Private,Neutral,3,0,High School,Near,0,65,0
17,81,-1.0,1,1,4,100,0,1,2,Medium,High,Private,Neutral,2,0,College,Near,1,68,1
24,69,-1.0,1,0,7,69,1,0,7,High,Medium,Public,Positive,3,0,College,Near,0,70,0
20,90,-1.0,0,1,8,97,0,1,1,Medium,Low,Private,Neutral,2,0,High School,Near,0,68,1
12,81,-1.0,1,1,5,68,2,1,0,Low,High,Private,Negative,2,0,High School,Near,1,62,0
14,76,-1.0,1,0,7,85,2,1,3,Low,Medium,Private,Neutral,3,0,College,Near,1,66,0
21,71,-1.0,1,0,7,58,0,1,3,Low,Medium,Public,Negative,5,0,College,Near,0,65,2
20,100,-1.0,1,1,7,73,1,1,1,Low,Medium,Public,Neutral,4,0,College,Near,0,71,1
17,63,-1.0,1,0,6,94,0,1,0,Medium,Medium,Public,Negative,2,0,High School,Moderate,1,61,2
17,62,-1.0,1,0,7,66,2,1,2,High,Medium,Public,Neutral,4,0,High School,Moderate,1,63,0
24,69,-1.0,2,1,7,55,0,1,3,Medium,High,Public,Neutral,4,0,High School,Near,1,67,2
17,99,-1.0,1,0,8,76,0,0,2,High,Medium,Public,Positive,4,0,Postgraduate,Near,1,70,1
19,99,-1.0,1,1,5,72,0,1,3,Medium,High,Private,Neutral,4,0,Postgraduate,Near,1,73,1
33,86,-1.0,1,0,7,61,1,1,1,High,High,Public,Positive,3,0,High School,Near,1,72,1
11,95,-1.0,1,1,5,95,0,1,1,Low,High,Public,Positive,3,0,Postgraduate,Near,1,69,1
9,69,-1.0,1,1,7,80,1,1,1,Medium,Medium,Private,Neutral,3,0,College,Moderate,1,61,0
25,99,-1.0,1,0,5,67,1,1,1,Low,High,Public,Neutral,3,0,College,Near,1,71,1
16,66,-1.0,1,1,6,100,1,1,1,Medium,Medium,Public,Neutral,3,0,High School,Moderate,0,64,0
18,64,-1.0,1,1,7,57,1,1,1,High,Medium,Public,Neutral,3,0,High School,Moderate,1,61,0
15,64,-1.0,1,0,6,92,0,1,3,Low,Medium,Public,Negative,4,0,College,Near,0,63,2
18,83,-1.0,0,1,9,62,2,1,2,Low,Medium,Public,Negative,2,0,High School,Near,1,65,0
30,91,-1.0,1,0,9,62,0,1,3,Low,High,Public,Negative,4,0,Postgraduate,Near,0,73,1
25,75,-1.0,0,1,8,75,2,1,2,High,High,Private,Negative,4,1,Postgraduate,Near,1,68,0
25,99,-1.0,1,0,8,83,1,1,1,Medium,Medium,Public,Neutral,2,0,College,Near,0,72,1
12,77,-1.0,0,1,7,85,1,1,1,Medium,Medium,Public,Positive,3,0,College,Far,1,62,0
13,66,-1.0,1,1,9,51,0,1,3,Medium,Medium,Private,Positive,2,0,Postgraduate,Moderate,1,63,2
3,79,-1.0,1,1,7,64,0,1,0,Medium,Medium,Public,Negative,3,0,Postgraduate,Far,0,58,2
15,87,-1.0,1,0,10,83,1,1,1,High,High,Private,Positive,3,0,High School,Near,1,68,1
26,93,-1.0,2,1,6,94,0,1,1,Medium,High,Public,Negative,2,0,High School,Near,0,74,1
23,78,-1.0,1,1,5,83,1,1,1,Medium,Medium,Public,Positive,3,0,High School,Near,1,68,0
19,84,-1.0,1,1,5,63,1,1,1,High,Medium,Private,Positive,2,0,High School,Near,1,67,1
20,71,-1.0,1,1,5,75,0,1,0,Medium,Medium,Private,Positive,4,0,High School,Near,1,65,2
16,86,-1.0,0,1,5,82,0,1,0,Low,Medium,Public,Neutral,4,0,High School,Moderate,0,63,1
21,99,-1.0,0,0,7,57,2,1,2,Medium,Medium,Public,Neutral,2,0,Postgraduate,Near,1,71,1
25,62,-1.0,0,1,8,77,1,1,0,Medium,Low,Public,Negative,4,0,College,Far,0,62,0
10,95,-1.0,0,1,7,74,2,1,2,Low,Medium,Public,Negative,3,0,High School,Far,1,66,1
22,82,-1.0,1,0,5,67,0,1,1,Low,High,Private,Neutral,1,1,Postgraduate,Near,0,65,2
26,70,-1.0,1,0,6,81,0,1,0,Low,High,Public,Neutral,3,0,High School,Moderate,1,66,2
18,98,-1.0,0,0,8,82,1,1,3,Medium,High,Public,Negative,3,0,College,Near,1,71,1
24,79,-1.0,2,0,6,99,2,0,2,Low,High,Public,Negative,3,0,High School,Near,1,68,0
37,73,-1.0,2,1,6,71,1,1,0,High,High,Public,Positive,5,0,High School,Moderate,1,72,0
19,67,-1.0,2,0,5,77,1,1,1,Medium,High,Private,Negative,4,0,Postgraduate,Near,1,66,0
22,70,-1.0,0,1,6,58,0,1,4,High,Medium,Public,Positive,2,0,Postgraduate,Moderate,1,66,2
16,93,-1.0,2,0,6,77,2,1,2,Low,Medium,Public,Negative,1,0,High School,Moderate,1,67,1
21,85,-1.0,2,1,7,52,1,1,5,High,High,Public,Positive,3,0,Postgraduate,Moderate,1,71,1
23,97,-1.0,2,1,8,57,0,0,2,High,Medium,Public,Positive,1,0,Postgraduate,Far,1,72,1
21,69,-1.0,1,0,7,59,1,1,3,Low,Medium,Public,Neutral,3,0,Postgraduate,Near,1,64,0
14,65,-1.0,2,0,7,82,0,1,1,Low,Low,Public,Negative,3,0,High School,Near,1,60,2
21,60,-1.0,0,0,8,78,1,1,2,Medium,High,Public,Positive,2,0,High School,Near,0,64,0
29,80,-1.0,0,1,5,90,1,1,2,Medium,Low,Public,Positive,1,0,College,Near,0,70,1
23,100,-1.0,0,1,10,73,1,1,3,Medium,Medium,Private,Neutral,2,0,College,Near,1,72,1
26,88,-1.0,2,0,6,74,1,1,0,Low,Medium,Public,Negative,2,0,High School,Moderate,0,68,1
19,72,-1.0,0,1,8,58,1,1,0,Medium,Low,Public,Neutral,3,0,High School,Near,0,62,0
24,95,-1.0,0,0,5,87,1,1,0,Low,Medium,Public,Neutral,2,0,High School,Far,1,68,1
22,91,-1.0,2,1,7,50,1,1,2,Low,Medium,Public,Positive,5,0,Postgraduate,Moderate,1,72,1
14,61,-1.0,0,1,7,71,1,1,0,Medium,Low,Private,Neutral,1,0,Postgraduate,Near,0,60,0
22,93,-1.0,2,0,9,59,0,1,3,Low,High,Public,Positive,4,0,Postgraduate,Near,0,72,1
14,72,-1.0,2,0,7,89,1,1,2,Medium,Medium,Public,Positive,3,0,High School,Near,0,65,0
16,66,-1.0,0,0,9,84,2,1,3,Low,Low,Public,Positive,4,0,High School,Near,0,63,0
21,69,-1.0,0,1,7,85,1,1,2,Medium,Medium,Private,Positive,0,0,Postgraduate,Near,1,66,0
22,79,-1.0,1,0,10,57,0,1,1,Medium,High,Public,Positive,2,0,High School,Near,1,65,2
13,77,-1.0,2,0,4,83,1,1,1,Medium,High,Public,Negative,2,0,Postgraduate,Moderate,1,65,0
26,72,-1.0,2,0,8,85,1,1,2,Low,Medium,Public,Negative,3,0,High School,Near,1,67,0
23,67,-1.0,1,0,4,50,0,1,4,Low,Medium,Private,Positive,3,0,College,Moderate,1,65,2
16,90,-1.0,1,0,7,66,1,1,0,High,High,Public,Negative,3,0,High School,Moderate,1,67,1
11,100,-1.0,1,1,9,54,0,1,1,Low,Medium,Public,Negative,3,0,Postgraduate,Near,1,66,1
19,91,-1.0,2,1,9,84,2,1,2,High,High,Public,Positive,3,1,High School,Near,1,71,1
17,72,-1.0,1,0,8,61,1,1,1,Medium,Medium,Public,Neutral,4,0,Postgraduate,Moderate,1,64,0
21,70,-1.0,0,0,7,63,1,1,0,Medium,Medium,Public,Positive,2,0,High School,Far,1,61,0
18,69,-1.0,2,1,8,54,0,1,1,High,High,Private,Neutral,2,0,High School,Near,1,65,2
8,65,-1.0,1,0,10,74,1,1,1,Medium,High,Private,Positive,5,0,High School,Near,1,61,0
18,82,-1.0,0,0,7,52,0,1,1,Low,Medium,Public,Negative,4,0,High School,Near,0,64,2
18,84,-1.0,2,1,8,92,0,1,0,Low,High,Public,Negative,3,0,College,Near,0,69,2
24,88,-1.0,1,1,6,51,2,1,4,Medium,Low,Public,Positive,4,0,High School,Near,1,71,1
16,87,-1.0,1,0,9,53,2,1,3,Medium,High,Private,Neutral,5,0,College,Near,1,70,0
30,72,-1.0,1,1,8,82,2,1,1,Low,Medium,Public,Positive,1,0,College,Moderate,0,70,0
9,73,-1.0,1,1,6,96,0,1,0,Low,High,Public,Positive,2,0,High School,Near,1,62,2
28,87,-1.0,1,0,8,95,1,1,2,Medium,Low,Private,Positive,3,0,Postgraduate,Near,0,73,1
19,74,-1.0,2,0,8,54,2,1,0,Medium,Medium,Public,Positive,3,0,College,Near,1,66,0
25,69,-1.0,1,1,8,64,1,1,1,High,Low,Public,Negative,3,0,Postgraduate,Moderate,0,66,0
20,75,-1.0,1,0,7,76,1,1,3,High,High,Private,Negative,3,0,College,Near,0,66,0
27,71,-1.0,1,1,9,51,1,0,3,High,Medium,Public,Neutral,1,0,College,Far,0,66,0
18,64,-1.0,1,1,6,76,1,1,2,Medium,High,Public,Positive,4,0,High School,Near,1,65,0
13,93,-1.0,0,0,7,72,2,1,2,Medium,Medium,Private,Positive,2,0,Postgraduate,Near,0,67,1
29,94,-1.0,1,0,7,79,1,1,6,Low,High,Private,Neutral,4,0,College,Near,0,76,1
19,69,-1.0,1,1,9,96,1,1,0,High,High,Private,Positive,3,0,High School,Moderate,0,66,0
21,63,-1.0,1,1,6,64,0,1,1,High,High,Public,Negative,3,0,High School,Near,1,63,2
27,90,-1.0,1,0,7,82,1,1,0,Medium,Medium,Public,Positive,3,0,College,Moderate,0,71,1
14,68,-1.0,2,0,6,71,0,1,1,Medium,Medium,Public,Positive,3,0,College,Moderate,1,63,2
24,76,-1.0,0,1,7,72,0,1,1,High,Medium,Public,Positive,2,0,College,Moderate,1,67,2
16,63,-1.0,1,1,8,82,1,1,0,High,Medium,Public,Neutral,3,0,High School,Near,1,63,0
19,69,-1.0,1,1,5,98,1,1,0,High,Medium,Public,Neutral,4,0,High School,Moderate,1,66,0
20,92,-1.0,1,1,9,93,0,1,3,High,Medium,Public,Positive,2,0,College,Near,0,72,1
11,92,-1.0,1,1,8,82,2,1,4,Medium,Medium,Private,Negative,2,0,Postgraduate,Near,0,70,1
15,68,-1.0,0,1,6,73,1,0,0,Medium,Medium,Public,Positive,3,0,College,Near,1,62,0
28,73,-1.0,1,1,6,71,1,1,0,Medium,High,Private,Positive,2,0,College,Moderate,0,69,0
25,65,-1.0,1,1,9,89,1,1,2,Medium,High,Public,Neutral,3,0,High School,Near,0,66,0
20,63,-1.0,1,1,8,61,1,1,2,High,Medium,Public,Neutral,3,0,High School,Near,1,64,0
21,100,-1.0,1,1,6,79,1,1,2,Low,Medium,Public,Neutral,1,0,High School,Near,0,70,1
18,86,-1.0,1,0,6,75,2,1,0,Low,High,Public,Neutral,4,0,High School,Near,1,67,0
28,82,-1.0,2,1,8,82,0,1,1,Medium,Medium,Private,Negative,2,0,Postgraduate,Near,1,71,2
19,91,-1.0,1,0,8,59,2,1,1,High,Medium,Public,Neutral,2,0,Postgraduate,Near,1,69,1
21,94,-1.0,0,0,8,85,1,1,1,Medium,Medium,Public,Negative,4,0,College,Near,1,70,1
27,92,-1.0,1,1,7,81,1,1,0,Low,Medium,Public,Negative,1,0,College,Near,1,70,1
15,61,-1.0,0,1,8,59,1,1,1,Medium,Medium,Public,Neutral,2,0,Postgraduate,Moderate,0,61,0
29,67,-1.0,2,0,7,72,1,0,0,Medium,High,Public,Neutral,3,0,High School,Near,0,65,0
11,86,-1.0,2,1,6,84,1,1,0,High,High,Private,Neutral,3,0,High School,Near,1,67,1
30,75,-1.0,0,1,9,95,0,1,1,High,Medium,Public,Negative,5,0,Postgraduate,Near,1,70,2
18,99,-1.0,1,0,8,56,1,0,2,Low,High,Private,Negative,3,0,High School,Near,1,67,1
19,87,-1.0,2,1,6,50,1,1,3,Low,Medium,Public,Neutral,2,0,Postgraduate,Near,1,68,1
9,98,-1.0,2,0,7,58,1,1,2,Medium,Medium,Public,Negative,4,0,College,Near,1,69,1
17,68,-1.0,1,0,7,99,1,1,1,Medium,Low,Private,Neutral,1,0,Postgraduate,Near,1,65,0
14,95,-1.0,1,1,6,88,1,1,2,Low,Low,Public,Neutral,2,0,High School,Far,1,68,1
16,73,-1.0,1,1,7,81,1,1,1,High,High,Public,Negative,4,0,Postgraduate,Near,1,67,0
19,100,-1.0,2,1,6,57,1,1,1,High,Medium,Private,Positive,2,1,High School,Near,1,70,1
26,66,-1.0,2,0,8,71,2,1,2,Medium,Medium,Public,Neutral,3,0,High School,Near,0,68,0
21,81,-1.0,1,1,7,86,1,1,1,Low,Medium,Public,Neutral,4,0,College,Near,1,69,0
22,92,-1.0,0,1,5,95,0,1,0,Low,Low,Public,Positive,3,0,Postgraduate,Near,1,70,1
13,77,-1.0,2,1,7,69,1,1,2,Low,High,Private,Neutral,5,0,College,Moderate,1,67,0
15,79,-1.0,2,1,6,100,1,1,4,Low,Medium,Public,Neutral,3,0,College,Near,0,70,1
31,99,-1.0,0,1,4,57,2,1,1,High,High,Public,Neutral,2,0,Postgraduate,Moderate,0,74,1
16,77,-1.0,0,1,7,69,0,1,1,Low,High,Public,Neutral,4,0,High School,Near,0,63,2
30,84,-1.0,1,1,9,94,1,1,1,Low,High,Private,Positive,2,1,High School,Near,0,72,2
19,62,-1.0,1,0,7,82,0,1,0,Low,Low,Private,Neutral,5,1,Postgraduate,Near,1,62,2
20,94,-1.0,1,0,8,91,1,1,1,Low,Medium,Public,Positive,2,0,Postgraduate,Near,0,71,1
26,86,-1.0,0,0,7,95,1,1,0,Low,High,Public,Negative,5,0,High School,Moderate,1,68,1
28,76,-1.0,2,1,6,75,2,1,3,High,Medium,Public,Positive,3,0,High School,Near,1,72,0
19,61,-1.0,2,1,6,62,2,1,1,High,Medium,Public,Neutral,2,0,Postgraduate,Moderate,0,64,0
18,84,-1.0,0,0,5,85,1,1,0,Medium,Medium,Public,Neutral,4,0,High School,Moderate,1,64,1
20,61,-1.0,2,1,8,78,1,1,0,Low,Medium,Private,Positive,5,0,High School,Near,0,63,0
22,60,-1.0,1,1,8,89,1,1,2,Medium,High,Private,Neutral,4,0,College,Moderate,1,66,0
25,85,-1.0,1,1,7,76,1,1,2,High,Medium,Public,Positive,2,0,College,Near,0,71,1
20,68,-1.0,2,1,4,91,2,1,4,High,Medium,Private,Positive,4,0,College,Near,1,70,0
24,68,-1.0,1,1,8,95,0,1,3,Medium,Medium,Public,Positive,0,0,High School,Moderate,1,67,2
30,86,-1.0,2,1,6,87,1,1,0,Low,Low,Private,Positive,4,0,College,Near,0,73,1
22,62,-1.0,1,1,7,87,1,1,2,High,Low,Public,Neutral,3,0,High School,Near,0,64,0
22,73,-1.0,1,0,5,79,1,1,4,Medium,Low,Public,Negative,1,0,Postgraduate,Moderate,0,65,0
11,66,-1.0,1,1,7,74,1,1,3,Medium,High,Private,Neutral,3,0,High School,Far,0,62,0
4,83,-1.0,1,0,7,99,0,1,1,Low,Low,Private,Neutral,3,0,College,Near,0,64,2
22,86,-1.0,1,0,4,82,0,1,1,Low,Low,Private,Positive,5,0,College,Moderate,1,67,1
19,89,-1.0,2,0,9,92,2,1,5,Medium,Medium,Private,Positive,3,0,Postgraduate,Near,1,74,1
17,70,-1.0,1,0,7,75,1,1,1,Low,Medium,Private,Neutral,4,1,College,Far,1,63,2
21,64,-1.0,0,1,7,78,0,1,1,Medium,Medium,Public,Positive,4,0,High School,Near,1,64,2
20,63,-1.0,0,0,8,83,0,1,4,Medium,Medium,Public,Neutral,3,0,Postgraduate,Moderate,0,64,2
27,77,-1.0,2,0,7,86,2,1,1,High,High,Public,Negative,3,0,College,Near,1,70,0
21,98,-1.0,1,1,8,72,1,1,3,Low,Low,Public,Positive,3,0,High School,Moderate,0,71,1
16,69,-1.0,1,1,5,68,1,1,0,Medium,High,Public,Neutral,4,0,College,Moderate,1,63,0
26,70,-1.0,2,1,7,62,1,1,0,Low,High,Private,Negative,1,0,College,Near,0,66,0
19,64,-1.0,2,1,4,71,1,1,1,High,Medium,Public,Neutral,3,0,High School,Near,1,65,0
23,84,-1.0,2,0,7,61,1,1,2,Medium,High,Public,Neutral,5,0,College,Moderate,1,70,1
17,87,-1.0,0,1,9,71,1,1,2,Low,Medium,Public,Neutral,3,0,College,Moderate,0,65,1
16,86,-1.0,1,1,5,94,2,1,0,Medium,Medium,Public,Negative,2,0,High School,Near,1,68,1
21,94,-1.0,2,0,6,99,1,1,1,Medium,High,Private,Neutral,2,0,High School,Near,1,72,1
20,79,-1.0,2,1,4,79,0,1,0,Medium,High,Private,Neutral,4,0,High School,Moderate,1,67,2
23,65,-1.0,2,0,7,57,0,0,1,High,Medium,Public,Neutral,4,0,High School,Near,1,65,2
18,72,-1.0,1,0,8,71,0,1,2,High,Medium,Public,Positive,4,0,Postgraduate,Near,1,66,2
9,86,-1.0,2,0,8,80,1,1,1,Low,Medium,Public,Positive,5,0,College,Far,0,67,1
17,85,-1.0,0,0,6,69,1,1,1,Medium,Medium,Private,Neutral,3,1,Postgraduate,Near,1,65,2
25,81,-1.0,1,0,4,60,1,1,2,Medium,Medium,Private,Neutral,3,0,High School,Near,1,68,1
18,87,-1.0,1,0,5,61,2,1,2,Medium,Medium,Public,Positive,1,0,High School,Near,1,68,1
19,85,-1.0,2,1,9,74,1,1,1,High,Medium,Public,Neutral,3,0,College,Moderate,0,69,1
26,95,-1.0,0,1,8,61,1,1,2,Medium,Medium,Private,Neutral,2,0,Postgraduate,Near,0,71,1
16,83,-1.0,1,1,7,62,1,1,0,Low,Medium,Private,Neutral,1,1,Postgraduate,Moderate,1,64,2
11,91,-1.0,2,0,7,94,1,1,1,Medium,Medium,Public,Neutral,3,1,Postgraduate,Moderate,1,65,2
19,70,-1.0,1,0,5,89,1,1,1,Low,High,Private,Neutral,2,0,High School,Near,1,64,0
17,87,-1.0,1,1,9,53,0,1,3,Low,Medium,Public,Positive,3,0,Postgraduate,Moderate,0,67,1
14,96,-1.0,2,0,6,66,1,1,3,Medium,Medium,Public,Positive,2,0,College,Near,0,70,1
19,75,-1.0,2,0,8,77,1,1,1,Low,Low,Public,Positive,4,0,High School,Moderate,0,66,0
23,91,-1.0,1,0,5,53,0,1,3,Medium,High,Private,Negative,3,0,High School,Near,1,70,1
20,89,-1.0,2,1,7,84,0,1,1,High,High,Public,Neutral,4,0,High School,Moderate,1,70,1
22,62,-1.0,1,1,9,69,0,1,1,High,Low,Private,Negative,3,0,College,Near,1,64,2
31,83,-1.0,2,1,6,70,1,1,3,Low,Medium,Private,Negative,3,0,College,Near,1,71,1
18,65,-1.0,2,1,8,63,1,1,1,Medium,Medium,Public,Positive,3,0,High School,Far,1,63,0
22,99,-1.0,1,1,5,67,2,1,1,Medium,High,Private,Negative,3,0,College,Near,1,72,1
17,92,-1.0,2,0,6,93,1,1,4,Medium,Low,Private,Neutral,4,0,College,Moderate,0,72,1
15,64,-1.0,0,1,7,89,0,1,0,Low,Medium,Public,Negative,2,0,High School,Near,1,61,2
16,65,-1.0,0,1,8,97,2,1,2,Low,Medium,Public,Negative,4,1,High School,Near,0,63,0
17,84,-1.0,2,0,7,85,2,1,0,Medium,Medium,Private,Positive,2,0,College,Moderate,1,67,0
22,74,-1.0,0,1,8,79,0,1,3,Medium,Medium,Public,Neutral,1,0,High School,Near,0,67,2
34,61,-1.0,0,0,9,63,0,1,2,Medium,Medium,Public,Neutral,5,0,High School,Moderate,0,65,2
16,82,-1.0,1,0,6,83,1,1,0,Medium,Medium,Public,Negative,2,0,High School,Near,0,64,1
18,76,-1.0,0,0,5,95,2,1,2,High,High,Public,Positive,6,0,Postgraduate,Near,0,69,0
20,64,-1.0,2,0,6,53,2,0,4,High,Medium,Private,Neutral,4,0,College,Moderate,0,65,0
22,92,-1.0,2,0,9,72,0,1,1,Low,High,Public,Neutral,4,1,Postgraduate,Near,1,71,2
22,97,-1.0,1,1,6,57,1,1,0,Medium,High,Private,Positive,2,0,High School,Near,1,70,1
28,90,-1.0,1,1,9,91,1,1,0,Medium,Medium,Public,Positive,2,0,College,Moderate,0,98,1
5,93,-1.0,1,1,7,81,1,0,1,Low,High,Public,Neutral,2,0,College,Near,0,65,1
6,69,-1.0,1,1,10,94,1,0,1,Medium,Medium,Private,Neutral,4,0,Postgraduate,Near,0,63,0
17,71,-1.0,1,1,10,53,0,1,0,Low,Low,Public,Positive,3,0,High School,Moderate,1,61,2
27,68,-1.0,0,1,9,95,1,1,1,Low,Medium,Public,Positive,3,0,College,Moderate,1,67,0
11,91,-1.0,1,0,5,53,1,1,0,Low,Medium,Private,Neutral,2,0,Postgraduate,Near,0,64,1
2,98,-1.0,1,0,4,64,1,1,1,Low,High,Private,Neutral,2,0,High School,Near,0,65,1
23,89,-1.0,2,1,7,58,1,1,2,Medium,High,Private,Positive,3,0,Postgraduate,Moderate,1,73,1
21,95,-1.0,2,1,8,57,0,0,1,Low,Medium,Public,Positive,3,0,High School,Near,1,69,1
13,86,-1.0,2,0,8,59,1,1,3,Medium,Medium,Public,Neutral,3,0,High School,Near,1,67,1
14,76,-1.0,1,0,6,74,0,1,0,High,Medium,Private,Positive,2,1,College,Far,1,63,2
14,77,-1.0,2,1,5,89,0,1,0,Medium,Medium,Private,Positive,2,0,College,Near,1,67,2
21,63,-1.0,2,1,8,95,1,1,2,High,Medium,Public,Neutral,5,0,High School,Near,1,66,0
16,61,-1.0,2,1,10,78,1,1,2,Low,High,Public,Positive,2,0,College,Moderate,0,64,0
23,88,-1.0,0,1,6,58,1,1,2,Low,Medium,Public,Neutral,2,0,High School,Moderate,1,68,1
3,78,-1.0,1,0,8,54,2,1,2,High,Medium,Public,Positive,4,0,High School,Moderate,1,61,0
15,82,-1.0,1,1,10,75,1,1,1,High,Medium,Public,Negative,1,0,College,Near,0,66,1
13,82,-1.0,1,1,7,88,1,1,0,Low,Medium,Public,Neutral,2,0,High School,Near,0,65,1
18,71,-1.0,2,1,7,81,1,1,0,Medium,Medium,Public,Negative,4,0,College,Moderate,0,65,0
17,79,-1.0,1,0,8,79,1,1,3,Medium,High,Private,Neutral,5,1,Postgraduate,Near,1,67,2
25,79,-1.0,1,1,7,52,1,1,1,Medium,Medium,Public,Negative,2,0,Postgraduate,Moderate,0,68,0
9,76,-1.0,1,1,9,71,1,1,1,Medium,High,Public,Neutral,3,0,College,Near,1,63,0
20,93,-1.0,1,0,6,78,0,1,1,Low,Medium,Public,Positive,3,0,College,Moderate,0,70,1
23,78,-1.0,2,0,7,80,1,1,0,Low,Medium,Private,Neutral,2,0,High School,Near,0,68,0
31,84,-1.0,1,0,5,50,1,0,2,Low,High,Private,Positive,3,0,High School,Near,1,69,1
17,96,-1.0,1,1,7,60,0,1,0,Low,Medium,Private,Neutral,2,1,College,Near,1,67,2
22,95,-1.0,1,0,5,97,1,1,0,Low,Low,Public,Neutral,3,0,High School,Moderate,1,69,1
9,96,-1.0,0,1,8,75,0,1,1,Low,High,Private,Positive,4,1,High School,Near,0,65,2
6,71,-1.0,2,1,5,85,1,1,1,Low,Medium,Public,Positive,2,0,High School,Moderate,1,61,0
25,61,-1.0,2,1,8,65,0,1,3,Low,Low,Public,Neutral,3,0,College,Near,0,65,2
20,70,-1.0,1,1,6,79,0,1,4,Medium,Medium,Public,Positive,4,0,Postgraduate,Near,1,67,2
27,71,-1.0,2,1,10,68,1,1,1,Low,Medium,Public,Negative,2,0,High School,Moderate,1,66,0
12,96,-1.0,1,0,9,65,1,1,2,High,High,Private,Neutral,4,1,Postgraduate,Near,0,69,2
23,86,-1.0,1,1,8,71,2,1,3,Medium,Medium,Public,Neutral,4,0,College,Near,0,71,0
31,63,-1.0,2,0,5,73,1,1,1,High,Low,Public,Positive,2,0,High School,Near,0,68,0
23,65,-1.0,1,0,6,67,2,0,3,Medium,Medium,Private,Negative,5,0,High School,Moderate,1,65,0
22,66,-1.0,1,0,6,63,2,1,1,Low,Medium,Private,Neutral,5,0,Postgraduate,Far,1,64,0
20,85,-1.0,0,0,6,81,0,1,1,High,High,Private,Positive,3,0,College,Near,1,68,1
11,89,-1.0,2,0,9,69,0,1,1,Low,Low,Public,Neutral,3,0,High School,Near,1,64,1
28,94,-1.0,2,0,7,60,0,1,1,Low,Medium,Public,Positive,3,0,High School,Near,1,71,1
16,98,-1.0,1,0,6,88,1,1,1,Low,Medium,Public,Neutral,3,0,Postgraduate,Moderate,0,70,1
23,68,-1.0,1,1,6,86,1,1,0,Medium,Medium,Public,Positive,2,0,Postgraduate,Near,1,68,0
11,72,-1.0,1,1,6,94,0,1,2,Medium,Medium,Public,Positive,3,0,High School,Moderate,1,63,2
13,70,-1.0,2,1,8,78,1,1,0,Low,Medium,Private,Negative,3,1,High School,Near,1,61,2
29,74,-1.0,0,0,5,64,1,1,2,Medium,Medium,Public,Neutral,1,0,College,Moderate,1,66,0
18,97,-1.0,2,1,7,93,1,1,5,High,Medium,Public,Positive,4,0,College,Near,0,75,1
29,83,-1.0,2,1,8,64,1,1,2,Medium,High,Public,Neutral,1,0,High School,Far,1,71,1
20,90,-1.0,1,1,4,83,2,1,1,Low,Low,Public,Positive,3,0,College,Near,1,69,1
9,80,-1.0,0,0,5,60,1,1,2,Low,Medium,Private,Neutral,3,0,High School,Near,1,62,1
25,61,-1.0,1,0,7,81,2,1,0,Medium,Medium,Public,Positive,4,0,High School,Moderate,0,65,0
16,63,-1.0,0,0,9,92,1,1,0,Low,Medium,Private,Positive,3,0,College,Moderate,0,61,0
24,82,-1.0,1,0,9,77,1,1,3,Medium,Medium,Public,Positive,2,0,High School,Near,0,69,1
20,89,-1.0,0,1,6,74,0,1,1,Medium,Low,Private,Positive,3,0,Postgraduate,Far,1,66,1
11,69,-1.0,1,1,9,100,0,1,1,Low,Medium,Public,Neutral,5,0,High School,Near,1,64,2
21,89,-1.0,1,1,7,51,0,1,1,Medium,Medium,Public,Positive,4,0,High School,Near,0,69,1
33,92,-1.0,2,1,7,67,0,1,6,High,Medium,Public,Positive,5,0,High School,Near,0,78,1
23,76,-1.0,2,1,7,96,0,1,2,Medium,Medium,Private,Neutral,4,0,High School,Near,0,68,2
20,90,-1.0,2,0,8,82,1,1,2,High,Medium,Private,Negative,4,1,High School,Moderate,0,70,2
26,76,-1.0,1,1,6,77,1,1,1,Medium,Medium,Private,Neutral,5,0,High School,Near,1,68,0
21,87,-1.0,0,1,6,82,1,1,0,Medium,High,Public,Neutral,5,0,Postgraduate,Near,0,68,1
21,91,-1.0,1,0,5,66,0,1,1,High,Medium,Public,Positive,3,0,College,Near,0,69,1
13,100,-1.0,0,1,8,54,1,1,0,Medium,High,Public,Positive,3,0,College,Near,0,68,1
21,74,-1.0,0,1,8,64,1,1,3,Low,Low,Public,Neutral,1,0,College,Far,1,80,0
26,76,-1.0,1,1,8,67,2,1,1,Low,Medium,Public,Negative,3,0,High School,Moderate,1,67,0
15,67,-1.0,1,1,5,74,1,1,1,High,High,Public,Positive,2,0,Postgraduate,Near,1,64,0
29,68,-1.0,0,0,6,70,0,1,0,Medium,Medium,Public,Negative,2,0,Postgraduate,Near,1,64,2
19,88,-1.0,1,1,9,76,0,1,1,Medium,High,Public,Positive,3,0,High School,Far,1,68,1
15,97,-1.0,1,0,7,60,0,1,4,Medium,Medium,Public,Negative,3,0,High School,Near,0,67,1
26,76,-1.0,1,0,7,59,0,1,0,Medium,Medium,Public,Neutral,1,1,Postgraduate,Near,1,65,2
18,67,-1.0,2,1,7,68,1,1,0,Medium,Medium,Public,Positive,4,0,High School,Near,1,66,0
25,71,-1.0,0,1,8,74,0,1,4,Medium,Medium,Public,Positive,4,1,Postgraduate,Near,1,67,2
18,78,-1.0,1,0,7,67,0,0,0,High,Medium,Public,Negative,3,0,College,Moderate,1,64,2
20,72,-1.0,0,1,6,79,1,1,1,Low,Medium,Private,Positive,4,0,Postgraduate,Near,0,66,0
23,69,-1.0,0,1,8,66,0,0,1,Medium,Medium,Public,Positive,3,0,College,Far,1,63,2
22,89,-1.0,2,0,5,59,2,1,5,Medium,Medium,Private,Positive,4,1,High School,Near,1,71,1
8,60,-1.0,1,1,9,93,2,1,0,Low,High,Public,Neutral,3,0,Postgraduate,Near,0,62,0
13,82,-1.0,2,0,6,60,1,1,1,Low,Low,Public,Positive,4,0,College,Far,0,64,1
26,92,-1.0,1,1,8,98,1,1,2,Medium,Medium,Public,Neutral,3,0,Postgraduate,Moderate,1,72,1
19,71,-1.0,1,1,7,99,0,1,0,Low,High,Public,Negative,4,0,High School,Moderate,0,65,2
17,84,-1.0,2,0,6,85,1,1,1,Medium,Low,Public,Positive,2,0,College,Near,0,67,1
12,87,-1.0,2,1,9,75,1,0,1,Low,Medium,Private,Neutral,3,1,College,Moderate,0,65,2
14,86,-1.0,0,1,8,90,0,1,0,Low,Medium,Private,Neutral,1,0,High School,Near,1,63,1
8,78,-1.0,2,0,7,94,0,1,1,High,High,Public,Neutral,3,1,High School,Near,0,65,2
19,74,-1.0,1,1,10,85,1,1,1,Low,Medium,Public,Positive,5,0,Postgraduate,Moderate,1,67,0
16,93,-1.0,1,1,8,55,0,1,0,High,Medium,Public,Neutral,4,0,High School,Moderate,1,67,1
14,90,-1.0,1,1,6,50,1,1,0,Medium,High,Private,Positive,3,0,College,Moderate,1,65,1
20,73,-1.0,2,1,4,60,1,1,1,Low,Medium,Private,Positive,3,1,High School,Moderate,1,64,2
22,64,-1.0,0,0,7,59,2,1,0,Medium,High,Private,Positive,5,1,High School,Near,0,64,0
33,63,-1.0,2,1,9,59,1,1,1,Medium,Medium,Public,Positive,4,0,High School,Near,1,69,0
11,64,-1.0,1,0,8,75,0,1,1,High,Medium,Private,Positive,3,0,High School,Moderate,1,60,2
27,83,-1.0,1,1,9,76,1,1,1,Low,High,Public,Positive,4,0,High School,Near,1,70,0
26,62,-1.0,2,0,6,86,1,1,2,Medium,Medium,Public,Positive,3,0,High School,Near,1,66,0
15,73,-1.0,1,1,7,60,2,1,3,Medium,Medium,Public,Neutral,4,0,College,Near,0,66,0
21,90,-1.0,0,0,7,55,1,1,2,Medium,Medium,Public,Neutral,2,0,College,Near,0,68,1
17,72,-1.0,1,0,7,83,0,1,3,Medium,High,Public,Negative,3,1,College,Far,0,62,2
21,91,-1.0,2,1,8,74,0,1,0,Medium,Medium,Public,Negative,2,0,Postgraduate,Near,0,70,1
29,90,-1.0,1,1,9,83,1,1,0,Medium,High,Private,Positive,3,0,High School,Near,0,72,1
24,70,-1.0,0,1,10,69,2,1,1,High,Medium,Public,Negative,2,0,High School,Moderate,0,64,0
23,89,-1.0,1,0,9,88,2,1,1,High,Medium,Public,Neutral,5,0,Postgraduate,Moderate,1,71,0
17,90,-1.0,2,0,8,84,1,1,1,Low,Low,Public,Negative,4,0,High School,Far,0,67,1
11,76,-1.0,1,0,6,83,2,1,3,Medium,Medium,Public,Positive,1,0,High School,Near,0,64,0
19,68,-1.0,2,0,7,51,1,0,1,High,Medium,Public,Positive,1,0,High School,Moderate,0,64,0
27,81,-1.0,2,1,8,93,1,1,0,High,High,Public,Neutral,3,0,College,Near,0,72,0
11,97,-1.0,0,1,7,69,1,1,3,Low,Medium,Public,Positive,2,0,High School,Near,0,66,1
14,86,-1.0,1,0,6,57,1,1,3,High,High,Private,Neutral,2,0,College,Near,0,68,1
21,67,-1.0,1,1,6,88,1,1,1,Low,Medium,Private,Positive,5,0,Postgraduate,Near,0,95,0
14,87,-1.0,0,1,8,74,1,1,0,Medium,High,Public,Neutral,3,1,College,Moderate,1,64,2
15,77,-1.0,1,1,7,52,1,1,1,Medium,Medium,Public,Neutral,2,0,College,Near,1,64,0
17,84,-1.0,2,1,7,89,1,1,2,High,Medium,Public,Positive,2,0,High School,Moderate,1,68,1
12,89,-1.0,0,1,7,72,1,1,1,High,High,Public,Neutral,5,0,College,Near,1,67,1
14,81,-1.0,1,0,6,88,1,1,1,High,Medium,Public,Positive,3,0,Postgraduate,Moderate,0,67,1
24,93,-1.0,1,1,7,88,0,1,1,Medium,High,Public,Negative,3,0,High School,Moderate,0,71,1
12,89,-1.0,0,1,6,55,0,1,1,Low,High,Public,Negative,3,0,High School,Near,0,63,1
10,85,-1.0,1,1,6,81,1,1,3,Low,Medium,Public,Neutral,3,0,High School,Near,0,66,1
16,66,-1.0,2,0,5,68,2,0,2,Low,Medium,Public,Positive,5,0,Postgraduate,Moderate,1,65,0
24,93,-1.0,0,1,7,77,1,1,0,Low,Medium,Private,Negative,3,0,High School,Near,0,68,1
19,97,-1.0,0,1,8,54,1,1,0,High,Medium,Public,Neutral,2,0,High School,Near,1,68,1
17,65,-1.0,2,0,9,79,1,1,0,Medium,Medium,Public,Positive,2,1,High School,Moderate,1,62,2
20,80,-1.0,1,1,5,89,1,1,0,High,High,Public,Neutral,3,0,Postgraduate,Far,1,67,1
10,70,-1.0,2,1,9,99,1,1,1,Medium,Medium,Public,Neutral,4,0,High School,Moderate,0,65,0
23,90,-1.0,1,1,7,66,0,1,2,High,High,Public,Neutral,3,0,High School,Near,0,71,1
22,89,-1.0,2,1,5,58,1,1,4,High,High,Public,Neutral,2,1,College,Near,0,71,2
18,66,-1.0,1,1,6,68,0,0,1,Medium,High,Public,Positive,3,1,High School,Far,1,61,2
26,95,-1.0,1,0,4,51,1,1,1,Low,Medium,Public,Positive,2,0,High School,Near,1,70,1
13,67,-1.0,0,1,5,70,1,1,0,Low,High,Private,Negative,2,0,High School,Near,1,60,0
27,92,-1.0,1,0,10,96,1,1,0,Low,Medium,Public,Neutral,2,0,Postgraduate,Far,1,70,1
21,78,-1.0,2,0,6,60,2,1,1,Low,High,Private,Neutral,2,0,College,Near,0,67,0
18,73,-1.0,1,1,8,74,0,0,3,Medium,High,Private,Neutral,2,0,Postgraduate,Near,1,66,2
20,66,-1.0,0,1,7,79,1,1,2,Medium,Medium,Private,Positive,2,0,High School,Moderate,0,63,0
19,67,-1.0,1,0,7,59,0,1,3,Low,High,Private,Positive,3,0,Postgraduate,Near,0,65,2
27,86,-1.0,1,1,8,67,2,1,5,High,High,Public,Positive,2,1,Postgraduate,Near,0,75,0
14,82,-1.0,1,0,4,96,0,1,2,High,Medium,Private,Negative,4,1,High School,Near,1,66,2
15,65,-1.0,1,0,9,65,1,1,1,Low,Medium,Public,Neutral,2,0,College,Near,0,61,0
26,65,-1.0,1,1,7,82,0,1,1,Low,Medium,Public,Positive,1,0,Postgraduate,Far,1,65,2
16,63,-1.0,1,1,6,57,1,1,2,Low,Low,Public,Neutral,3,0,Postgraduate,Near,1,61,0
25,90,-1.0,2,1,8,83,1,1,2,Medium,Medium,Public,Negative,3,0,College,Near,1,73,1
30,88,-1.0,1,1,6,64,1,1,1,High,Medium,Public,Neutral,2,0,College,Near,0,73,1
18,62,-1.0,1,1,7,62,1,1,1,Medium,Medium,Public,Positive,5,0,College,Moderate,1,63,0
24,82,-1.0,1,0,7,56,1,1,1,Medium,Medium,Public,Positive,3,0,Postgraduate,Moderate,1,67,1
13,63,-1.0,2,1,8,52,1,1,2,Low,Medium,Public,Positive,4,0,High School,Near,1,62,0
25,96,-1.0,0,0,7,98,1,1,1,Medium,Medium,Private,Neutral,3,0,College,Near,1,71,1
21,96,-1.0,1,1,5,71,1,1,2,Low,High,Public,Negative,4,0,High School,Moderate,1,70,1
23,88,-1.0,1,0,8,89,1,1,0,Medium,High,Private,Positive,5,0,High School,Near,0,70,1
16,97,-1.0,1,0,7,96,0,0,4,Low,High,Private,Neutral,2,0,High School,Near,0,69,1
10,92,-1.0,1,0,4,60,2,1,3,Low,Low,Public,Positive,2,0,College,Near,0,66,1
23,93,-1.0,2,1,7,93,2,1,1,Medium,High,Public,Negative,3,0,High School,Near,0,72,1
8,83,-1.0,0,1,6,85,0,1,1,Low,High,Public,Neutral,3,0,High School,Far,0,63,2
18,72,-1.0,1,1,8,79,1,1,1,Medium,High,Public,Positive,4,0,High School,Moderate,1,65,0
26,69,-1.0,2,1,6,90,1,1,3,Medium,Medium,Public,Positive,3,0,College,Moderate,0,71,0
21,73,-1.0,1,0,5,56,1,1,5,High,Medium,Private,Neutral,3,0,High School,Moderate,1,66,0
32,85,-1.0,0,1,9,63,0,0,2,High,Medium,Public,Neutral,3,0,High School,Moderate,1,69,2
26,67,-1.0,1,0,8,57,1,1,0,Medium,Medium,Public,Negative,4,0,College,Far,0,62,0
16,70,-1.0,2,0,7,95,2,0,1,Medium,Medium,Public,Neutral,3,0,High School,Near,0,66,0
20,79,-1.0,0,1,8,55,0,1,3,Low,Medium,Private,Positive,4,0,High School,Near,0,66,2
20,69,-1.0,0,1,8,99,2,1,1,Medium,High,Public,Negative,3,1,High School,Moderate,0,64,0
11,84,-1.0,1,1,7,55,2,1,0,Medium,High,Public,Negative,3,0,High School,Near,1,63,0
14,97,-1.0,1,1,5,83,1,1,0,Low,Medium,Public,Positive,2,0,High School,Near,0,68,1
17,90,-1.0,1,0,7,83,0,1,5,Medium,High,Public,Negative,3,1,High School,Near,1,68,2
8,87,-1.0,2,0,9,97,0,1,2,Low,Medium,Public,Positive,3,0,High School,Near,1,67,1
20,83,-1.0,0,1,8,66,1,1,1,High,Medium,Private,Neutral,3,1,College,Near,0,67,2
19,80,-1.0,2,1,7,67,1,1,2,Low,High,Public,Neutral,2,1,Postgraduate,Near,0,68,2
10,67,-1.0,1,1,8,92,1,1,1,Medium,High,Public,Negative,4,0,Postgraduate,Near,1,65,0
22,96,-1.0,2,1,7,99,2,1,4,Low,Medium,Public,Positive,4,0,College,Moderate,1,74,1
24,70,-1.0,2,1,9,52,2,1,1,Low,Medium,Public,Positive,2,0,Postgraduate,Moderate,1,85,0
21,64,-1.0,1,0,9,82,1,1,2,Low,Medium,Public,Neutral,3,0,College,Moderate,1,64,0
18,90,-1.0,1,1,5,62,2,1,3,Medium,Medium,Private,Neutral,2,0,High School,Moderate,0,67,1
24,67,-1.0,2,1,9,86,1,1,2,Medium,Medium,Public,Negative,2,0,College,Near,0,68,0
24,75,-1.0,1,1,10,89,0,1,0,Medium,High,Private,Positive,3,0,College,Near,0,67,2
22,61,-1.0,1,0,8,88,0,1,1,Medium,High,Public,Neutral,4,0,High School,Near,0,65,2
15,65,-1.0,2,1,8,72,0,1,2,Low,Medium,Private,Neutral,2,1,Postgraduate,Far,1,63,2
22,67,-1.0,1,1,6,58,1,1,1,Low,Medium,Public,Neutral,2,0,Postgraduate,Near,1,64,0
27,62,-1.0,0,1,6,79,1,1,0,Low,Medium,Private,Negative,3,0,College,Moderate,1,62,0
16,86,-1.0,2,1,7,89,0,1,1,Medium,Low,Public,Positive,2,0,Postgraduate,Near,0,68,1
33,93,-1.0,1,1,6,96,2,1,0,Low,Medium,Private,Positive,4,0,Postgraduate,Far,0,75,1
17,75,-1.0,0,0,5,73,2,1,0,Low,Medium,Private,Neutral,4,0,High School,Near,0,63,0
20,95,-1.0,0,1,7,62,0,1,2,Low,Medium,Public,Neutral,4,0,College,Moderate,1,68,1
16,69,-1.0,1,0,8,56,0,1,2,Medium,Medium,Private,Neutral,3,0,Postgraduate,Near,1,63,2
21,73,-1.0,2,0,5,90,1,1,0,Medium,Medium,Public,Neutral,2,0,College,Near,0,68,0
10,66,-1.0,2,0,7,77,1,1,0,Medium,High,Public,Positive,2,0,High School,Near,1,62,0
17,85,-1.0,1,1,7,84,1,1,3,Medium,Medium,Public,Positive,2,0,College,Far,0,67,1
13,77,-1.0,2,0,7,58,1,1,2,Low,Medium,Public,Positive,3,0,High School,Near,1,66,0
21,85,-1.0,1,0,8,50,0,1,1,Medium,High,Private,Neutral,2,0,High School,Far,1,65,1
26,90,-1.0,1,1,8,98,1,1,0,Low,Low,Private,Negative,3,1,Postgraduate,Moderate,0,69,2
24,82,-1.0,1,0,6,91,1,1,2,High,Medium,Public,Positive,1,0,High School,Moderate,1,70,1
6,85,-1.0,1,1,9,70,2,1,0,Low,Medium,Public,Positive,3,1,Postgraduate,Near,0,64,0
32,97,-1.0,1,1,8,73,1,1,0,High,Medium,Public,Negative,3,0,College,Near,0,75,1
22,72,-1.0,0,1,9,96,2,1,1,Low,Medium,Private,Positive,3,0,College,Near,1,66,0
15,74,-1.0,0,0,7,60,0,1,2,Medium,Medium,Public,Positive,3,0,High School,Far,0,62,2
21,89,-1.0,1,0,7,90,0,1,4,High,Medium,Public,Neutral,5,0,Postgraduate,Far,1,70,1
21,84,-1.0,2,0,7,51,1,1,0,Medium,Medium,Public,Positive,3,0,High School,Moderate,1,68,1
16,67,-1.0,2,1,9,94,2,1,1,Medium,Medium,Private,Neutral,2,0,Postgraduate,Near,0,66,0
21,75,-1.0,2,1,7,79,1,1,0,Low,Medium,Public,Neutral,2,0,High School,Near,1,65,0
16,79,-1.0,1,1,7,74,2,1,3,Medium,Medium,Private,Positive,2,0,Postgraduate,Far,1,68,0
18,77,-1.0,1,0,10,85,0,1,2,Medium,Medium,Public,Positive,3,0,Postgraduate,Near,0,68,2
16,67,-1.0,1,1,5,53,0,1,2,Medium,Medium,Private,Positive,3,0,High School,Moderate,1,62,2
11,97,-1.0,1,1,8,60,0,1,2,Low,Medium,Public,Positive,3,0,College,Near,0,66,1
21,90,-1.0,0,0,7,70,1,1,2,Low,Medium,Public,Negative,2,0,Postgraduate,Near,0,68,1
24,79,-1.0,1,0,7,81,2,1,0,High,Medium,Public,Positive,2,0,High School,Moderate,1,69,0
23,87,-1.0,0,0,6,57,1,1,2,High,Medium,Public,Positive,3,1,High School,Near,1,67,2
25,96,-1.0,2,1,6,69,0,1,3,High,Medium,Public,Positive,2,0,Postgraduate,Near,1,74,1
22,65,-1.0,1,0,6,63,1,0,2,Medium,Medium,Public,Neutral,3,0,High School,Far,1,61,0
17,70,-1.0,1,0,8,82,0,1,2,High,High,Public,Negative,2,1,High School,Moderate,0,64,2
25,82,-1.0,1,0,8,96,1,1,1,Low,Medium,Private,Positive,2,0,High School,Moderate,0,69,1
12,92,-1.0,1,0,4,58,0,1,2,Medium,Medium,Public,Positive,2,1,College,Moderate,1,66,2
15,61,-1.0,1,0,5,59,2,1,0,Low,High,Public,Neutral,4,0,High School,Near,0,61,0
14,99,-1.0,1,1,8,80,2,1,3,Medium,Low,Private,Neutral,4,0,College,Near,0,71,1
26,78,-1.0,2,1,8,73,1,0,2,Low,Medium,Private,Positive,4,0,College,Near,0,71,0
26,74,-1.0,1,0,5,86,0,1,2,Low,High,Public,Positive,4,0,College,Near,0,69,2
23,72,-1.0,1,1,8,64,0,1,1,Low,Medium,Public,Neutral,4,0,Postgraduate,Near,0,66,2
26,67,-1.0,1,1,7,77,0,1,2,Low,High,Private,Neutral,3,1,High School,Moderate,1,64,2
15,92,-1.0,1,0,8,69,1,1,1,High,Medium,Private,Neutral,4,0,Postgraduate,Near,1,68,1
22,98,-1.0,1,1,6,64,0,1,0,Medium,High,Public,Positive,3,0,High School,Moderate,0,71,1
19,77,-1.0,1,1,5,86,2,1,0,Medium,Low,Public,Negative,4,1,High School,Near,1,66,0
25,98,-1.0,1,1,7,90,2,1,1,High,Low,Public,Neutral,4,0,Postgraduate,Near,1,94,1
19,93,-1.0,2,1,7,66,0,1,1,Medium,Medium,Private,Neutral,3,0,High School,Near,0,68,1
18,79,-1.0,1,0,7,81,1,0,1,Medium,High,Private,Positive,4,0,College,Moderate,0,66,0
23,87,-1.0,0,0,6,59,1,1,4,Medium,High,Public,Neutral,2,0,High School,Near,1,70,1
25,77,-1.0,1,0,10,90,1,1,1,Low,Medium,Public,Neutral,3,0,High School,Near,1,68,0
16,82,-1.0,0,0,4,64,0,1,1,Medium,Medium,Private,Neutral,2,0,Postgraduate,Moderate,1,65,1
20,62,-1.0,1,1,6,59,0,1,3,Medium,Medium,Public,Positive,4,0,High School,Near,1,64,2
14,88,-1.0,1,1,6,97,1,1,0,Low,Medium,Public,Positive,3,0,College,Near,1,69,1
5,62,-1.0,2,0,7,71,0,1,1,Low,Medium,Private,Positive,4,0,College,Far,1,59,2
21,93,-1.0,1,0,8,82,1,1,2,Medium,High,Private,Neutral,4,0,College,Near,1,70,1
24,93,-1.0,0,1,8,90,2,1,0,High,Medium,Private,Negative,2,0,College,Near,1,72,1
22,69,-1.0,1,0,9,84,1,1,0,Medium,Medium,Public,Neutral,3,0,College,Moderate,1,64,0
8,73,-1.0,2,0,8,78,2,1,0,Medium,High,Private,Negative,3,0,High School,Near,1,63,0
18,79,-1.0,1,1,4,69,1,1,2,High,Low,Private,Positive,3,0,College,Near,1,67,1
7,84,-1.0,1,1,5,96,1,0,1,Low,Low,Public,Positive,3,1,High School,Near,1,62,2
28,71,-1.0,1,1,9,57,2,1,1,Low,High,Public,Neutral,4,0,Postgraduate,Near,0,69,0
13,84,-1.0,1,1,9,94,1,1,3,Medium,Medium,Public,Negative,2,1,High School,Near,1,66,2
28,72,-1.0,0,0,8,85,2,1,4,Low,Medium,Private,Negative,2,0,High School,Near,0,66,0
26,62,-1.0,1,0,6,79,1,1,1,Low,Medium,Public,Positive,3,1,College,Near,0,63,2
15,60,-1.0,1,0,7,66,2,1,2,High,Medium,Public,Neutral,4,0,High School,Near,1,62,0
13,64,-1.0,2,0,6,57,0,1,1,Low,Low,Public,Neutral,3,1,High School,Moderate,0,58,2
22,92,-1.0,0,0,5,72,0,1,0,Medium,Medium,Private,Negative,4,0,College,Moderate,1,67,1
15,98,-1.0,1,1,7,89,0,0,2,Low,Low,Public,Neutral,3,0,College,Moderate,1,68,1
21,77,-1.0,1,0,10,87,0,1,1,Low,Medium,Public,Neutral,3,0,College,Near,1,67,2
17,81,-1.0,1,0,6,82,1,1,3,Low,Medium,Private,Neutral,4,0,College,Near,1,67,1
9,66,-1.0,1,0,9,100,0,1,3,Medium,Medium,Public,Neutral,3,0,College,Near,1,62,2
7,82,-1.0,2,1,6,99,1,1,2,Medium,High,Public,Negative,2,0,Postgraduate,Moderate,1,66,1
21,66,-1.0,1,1,5,70,1,1,1,Low,High,Private,Positive,5,0,High School,Near,0,65,0
17,84,-1.0,2,1,8,60,1,1,0,Low,Low,Private,Positive,5,0,College,Near,0,67,1
17,97,-1.0,0,0,7,73,2,0,1,Medium,High,Private,Neutral,4,0,College,Near,1,69,1
24,68,-1.0,2,1,9,92,0,1,1,Low,High,Public,Positive,2,0,High School,Near,1,67,2
27,91,-1.0,1,1,9,73,0,1,0,Low,Medium,Private,Neutral,3,0,College,Near,1,69,1
18,61,-1.0,0,0,7,67,0,1,2,High,Medium,Public,Positive,4,0,High School,Near,1,62,2
18,75,-1.0,1,1,9,87,0,1,3,Low,Medium,Public,Negative,3,0,Postgraduate,Near,0,67,2
23,64,-1.0,0,1,6,83,1,1,0,Medium,Medium,Public,Neutral,3,0,High School,Moderate,1,63,0
12,74,-1.0,1,0,6,98,2,1,2,Low,Medium,Public,Neutral,3,0,College,Near,1,65,0
21,67,-1.0,1,1,9,77,1,1,3,High,Low,Public,Neutral,3,0,College,Moderate,0,66,0
23,75,-1.0,2,1,5,98,1,1,3,Medium,High,Public,Positive,1,0,College,Near,0,71,0
24,77,-1.0,2,1,7,65,2,1,1,Medium,High,Private,Positive,4,0,Postgraduate,Near,1,70,0
8,72,-1.0,2,1,9,93,2,1,4,Medium,Medium,Public,Positive,4,0,High School,Near,1,68,0
15,86,-1.0,1,1,9,68,2,1,0,Medium,Low,Public,Neutral,3,0,High School,Near,1,67,0
15,97,-1.0,2,0,6,90,2,1,2,High,High,Private,Neutral,0,0,High School,Near,1,71,1
21,76,-1.0,1,1,9,96,1,1,1,Low,Low,Public,Negative,5,0,High School,Near,1,65,0
23,68,-1.0,1,1,5,81,0,1,1,Low,Low,Public,Neutral,2,0,Postgraduate,Near,1,64,2
29,71,-1.0,1,1,6,86,1,1,1,Low,Medium,Public,Positive,2,0,College,Near,0,69,0
17,94,-1.0,0,1,7,98,0,1,1,Medium,High,Public,Negative,2,0,High School,Near,1,68,1
17,83,-1.0,0,1,8,69,0,1,4,Low,High,Public,Neutral,3,0,College,Near,1,67,2
27,78,-1.0,1,1,5,76,2,1,1,Medium,Medium,Private,Positive,4,0,Postgraduate,Near,1,71,0
22,66,-1.0,0,1,10,95,1,1,1,Medium,Medium,Private,Negative,3,0,High School,Near,1,64,0
28,78,-1.0,2,1,4,84,1,1,2,Low,Low,Public,Negative,3,0,College,Far,0,69,0
22,71,-1.0,2,1,7,94,1,1,1,Medium,Medium,Public,Neutral,4,0,High School,Near,1,68,0
13,98,-1.0,0,1,7,81,1,1,1,Medium,Low,Private,Negative,3,0,Postgraduate,Near,1,69,1
12,95,-1.0,1,0,4,87,1,1,0,Low,Medium,Public,Positive,3,0,High School,Moderate,1,67,1
11,63,-1.0,2,1,9,51,2,1,0,Low,Low,Public,Negative,3,1,College,Moderate,1,58,0
24,81,-1.0,1,1,6,67,2,1,0,Medium,High,Public,Negative,2,0,High School,Far,1,66,0
27,69,-1.0,2,1,7,89,0,1,2,High,High,Private,Neutral,1,0,High School,Moderate,1,69,2
31,76,-1.0,2,1,7,70,0,1,3,Low,Medium,Public,Neutral,3,0,College,Moderate,1,70,2
25,95,-1.0,0,1,5,68,1,1,1,Medium,High,Public,Positive,3,0,High School,Far,1,70,1
27,81,-1.0,0,1,5,98,1,1,0,High,Medium,Public,Positive,3,0,High School,Near,1,70,1
17,73,-1.0,2,0,9,78,1,1,0,Low,High,Public,Negative,3,0,Postgraduate,Moderate,0,66,0
13,68,-1.0,2,0,7,60,1,1,1,Medium,Low,Private,Positive,3,0,College,Moderate,0,61,0
25,92,-1.0,1,1,4,74,1,1,3,Low,High,Public,Positive,2,1,High School,Moderate,0,71,2
23,85,-1.0,0,1,7,76,2,1,2,Low,Medium,Public,Neutral,3,0,College,Moderate,0,69,0
21,79,-1.0,1,1,7,99,1,1,2,Low,Medium,Public,Positive,2,0,Postgraduate,Near,1,69,0
22,69,-1.0,1,0,7,86,0,1,0,Medium,Medium,Public,Neutral,1,0,High School,Near,0,65,2
22,73,-1.0,2,1,4,76,2,1,3,Medium,Medium,Public,Negative,4,0,College,Far,1,69,0
28,98,-1.0,2,1,7,72,1,1,1,Low,High,Private,Positive,2,0,College,Near,1,74,1
28,81,-1.0,1,1,6,96,2,1,2,Low,Medium,Private,Positive,5,0,High School,Moderate,1,71,0
23,76,-1.0,1,0,7,82,2,1,0,Medium,High,Private,Neutral,1,0,College,Near,1,68,0
25,81,-1.0,2,1,8,68,0,1,0,Low,High,Public,Neutral,3,0,College,Moderate,0,69,2
23,91,-1.0,1,1,8,73,1,0,3,Medium,Medium,Public,Negative,5,0,High School,Far,1,68,1
17,74,-1.0,0,0,9,64,1,1,2,Medium,Medium,Public,Neutral,3,0,High School,Near,1,63,0
25,67,-1.0,1,1,10,98,2,1,0,High,Medium,Public,Positive,2,0,High School,Near,1,68,0
12,83,-1.0,1,1,5,85,1,1,2,Low,High,Private,Negative,2,0,College,Near,1,67,1
26,87,-1.0,2,0,6,70,0,1,3,Medium,Medium,Public,Neutral,3,0,College,Moderate,1,71,1
13,89,-1.0,2,0,8,59,0,1,0,Low,High,Public,Neutral,2,0,Postgraduate,Moderate,1,66,1
22,95,-1.0,1,0,7,59,1,1,2,Low,Medium,Public,Negative,3,1,High School,Near,1,69,2
15,75,-1.0,1,1,4,74,1,1,3,Medium,High,Public,Positive,4,0,College,Near,0,68,0
23,63,-1.0,1,0,7,73,0,1,1,Low,Medium,Public,Neutral,3,0,College,Moderate,1,63,2
20,98,-1.0,1,0,9,71,1,1,0,Low,Medium,Public,Negative,4,0,College,Moderate,1,69,1
10,77,-1.0,2,1,5,93,1,1,3,Low,Medium,Public,Positive,3,0,College,Near,0,66,0
23,85,-1.0,1,1,7,99,2,1,1,Low,High,Public,Neutral,5,0,College,Near,0,71,0
17,87,-1.0,2,0,4,68,1,1,2,Low,Low,Public,Positive,4,0,Postgraduate,Moderate,1,68,1
25,82,-1.0,1,1,8,65,1,1,0,High,Medium,Private,Neutral,4,0,High School,Near,1,69,0
20,68,-1.0,1,1,7,89,1,1,0,Medium,High,Private,Positive,3,0,High School,Far,0,65,0
22,90,-1.0,0,1,6,72,1,1,0,Low,Medium,Public,Neutral,4,0,College,Near,1,68,1
14,92,-1.0,1,1,6,61,2,1,0,Low,Medium,Private,Neutral,2,0,College,Moderate,1,67,1
16,82,-1.0,1,0,5,59,1,1,1,Medium,Medium,Public,Positive,3,0,High School,Near,1,65,1
17,80,-1.0,1,1,9,64,1,1,1,Low,Medium,Private,Positive,4,0,Postgraduate,Far,0,65,0
25,65,-1.0,0,1,6,50,1,1,2,Low,Medium,Public,Positive,2,0,College,Near,0,64,0
30,63,-1.0,2,0,8,97,1,1,1,Low,High,Public,Neutral,3,0,High School,Near,0,69,0
15,74,-1.0,0,0,6,72,0,1,2,Low,Medium,Public,Positive,3,0,High School,Near,1,64,2
26,72,-1.0,1,0,10,54,1,0,2,High,High,Public,Neutral,2,0,College,Moderate,1,66,0
7,98,-1.0,0,1,9,58,1,1,2,Medium,Medium,Private,Neutral,5,1,College,Near,1,65,2
13,91,-1.0,1,1,10,66,1,1,2,Medium,Medium,Public,Positive,4,0,High School,Near,0,69,1
14,86,-1.0,1,1,10,78,1,1,3,Medium,High,Private,Negative,4,1,High School,Near,0,66,2
12,81,-1.0,1,1,6,85,2,1,0,Low,Medium,Private,Positive,2,1,High School,Near,1,64,0
10,67,-1.0,1,1,6,65,1,1,1,Medium,High,Public,Negative,4,0,High School,Near,0,61,0
22,99,-1.0,1,0,10,98,0,1,1,Medium,Medium,Private,Neutral,1,0,College,Near,1,72,1
19,75,-1.0,1,1,7,88,0,1,1,Medium,Medium,Private,Positive,3,0,Postgraduate,Moderate,1,67,2
22,64,-1.0,1,1,8,91,0,1,0,Low,Medium,Public,Neutral,4,0,College,Moderate,0,63,2
24,80,-1.0,2,0,6,66,2,1,1,Medium,Medium,Public,Neutral,3,0,College,Moderate,1,69,0
22,95,-1.0,2,1,6,69,2,1,3,Medium,Medium,Public,Neutral,2,1,Postgraduate,Far,1,70,1
24,95,-1.0,2,1,8,77,0,1,1,Low,Medium,Public,Positive,3,1,High School,Near,1,71,2
20,60,-1.0,0,1,4,73,1,1,0,Low,Low,Public,Neutral,1,0,Postgraduate,Moderate,0,60,0
13,95,-1.0,2,1,8,63,1,1,3,Medium,Medium,Private,Neutral,2,0,Postgraduate,Near,0,70,1
26,71,-1.0,2,0,8,100,0,1,1,Low,High,Private,Positive,4,0,College,Near,0,69,2
16,62,-1.0,2,0,6,92,1,0,0,Medium,Medium,Private,Positive,4,0,High School,Near,0,63,0
14,94,-1.0,1,1,7,62,2,1,2,Medium,High,Private,Negative,1,0,Postgraduate,Near,1,69,1
19,95,-1.0,1,1,7,95,2,1,0,Medium,High,Private,Negative,2,0,College,Near,1,71,1
15,84,-1.0,2,1,7,79,1,1,1,Medium,High,Public,Neutral,4,0,High School,Near,0,68,1
17,83,-1.0,2,0,8,51,0,1,0,Low,Medium,Public,Negative,4,0,High School,Moderate,1,64,2
22,93,-1.0,1,0,6,67,1,1,0,Medium,Medium,Public,Neutral,3,0,College,Near,0,68,1
22,91,-1.0,1,1,10,51,2,1,2,High,Medium,Public,Neutral,3,0,High School,Near,0,69,1
15,96,-1.0,0,0,7,54,0,1,0,Low,Medium,Public,Neutral,3,0,College,Near,0,65,1
17,82,-1.0,1,1,7,59,1,1,3,Medium,Medium,Public,Positive,4,0,College,Near,1,68,1
26,99,-1.0,2,1,10,74,1,1,1,Medium,Medium,Private,Neutral,2,0,College,Near,1,74,1
23,100,-1.0,0,1,4,69,0,1,0,Low,High,Public,Positive,4,0,Postgraduate,Near,0,72,1
32,65,-1.0,1,0,10,57,1,1,1,High,Medium,Private,Negative,2,0,High School,Near,0,67,0
27,94,-1.0,2,1,7,70,0,1,1,Medium,High,Public,Neutral,2,0,High School,Moderate,0,73,1
27,80,-1.0,1,0,6,65,2,0,1,High,Medium,Private,Neutral,4,0,College,Moderate,1,68,0
12,76,-1.0,0,1,5,71,0,1,0,Medium,Medium,Public,Negative,4,0,High School,Near,1,61,2
25,85,-1.0,2,0,5,59,1,1,3,Low,Medium,Public,Neutral,4,0,High School,Near,0,70,1
20,62,-1.0,0,1,6,80,2,0,1,Medium,High,Public,Neutral,3,0,College,Moderate,0,62,0
17,80,-1.0,1,1,7,52,2,1,2,Medium,Medium,Private,Neutral,3,0,Postgraduate,Near,0,67,0
21,95,-1.0,2,1,8,69,1,0,0,Low,High,Public,Negative,3,0,Postgraduate,Near,1,69,1
26,69,-1.0,2,0,7,95,0,0,0,Medium,Medium,Public,Negative,3,0,Postgraduate,Near,0,93,2
23,77,-1.0,2,0,6,71,0,1,3,Medium,Low,Private,Positive,4,0,High School,Moderate,1,68,2
15,98,-1.0,1,1,9,72,1,1,1,Low,High,Public,Neutral,2,0,College,Near,0,69,1
24,77,-1.0,1,1,10,53,2,1,2,High,Medium,Public,Neutral,4,0,College,Moderate,1,68,0
16,74,-1.0,2,0,9,80,0,1,0,Medium,Medium,Public,Negative,5,0,High School,Near,1,64,2
21,78,-1.0,1,1,6,97,1,1,0,Medium,Medium,Public,Positive,2,0,High School,Near,0,69,0
18,81,-1.0,1,0,8,65,0,1,2,Low,Medium,Public,Neutral,4,0,Postgraduate,Near,1,66,2
19,85,-1.0,1,0,8,70,0,1,4,High,Medium,Public,Neutral,3,0,High School,Moderate,1,68,2
25,92,-1.0,1,1,9,79,1,1,3,Medium,High,Public,Negative,4,0,College,Moderate,1,72,1
14,78,-1.0,1,0,6,55,0,1,2,Low,Medium,Private,Neutral,2,0,High School,Near,0,63,2
32,93,-1.0,1,0,6,98,1,1,0,Medium,Medium,Public,Neutral,4,1,High School,Near,1,73,2
9,81,-1.0,1,1,9,73,1,1,1,Medium,Medium,Public,Negative,1,0,Postgraduate,Near,1,65,1
16,74,-1.0,2,1,8,56,0,1,1,Low,Medium,Private,Positive,2,0,High School,Near,0,65,2
22,86,-1.0,1,1,5,67,1,1,0,High,Medium,Public,Positive,2,0,College,Near,1,68,1
24,89,-1.0,1,0,8,69,0,0,3,High,Medium,Public,Neutral,2,0,College,Near,1,70,1
19,82,-1.0,1,0,10,67,1,1,0,Low,Low,Public,Positive,2,0,Postgraduate,Far,1,65,0
20,62,-1.0,1,1,6,85,1,1,2,Medium,Medium,Public,Neutral,3,0,College,Near,0,66,0
22,67,-1.0,2,1,6,67,2,1,1,Low,Medium,Private,Neutral,1,0,College,Near,1,66,0
19,71,-1.0,2,1,7,66,0,1,2,Low,Medium,Public,Neutral,3,0,College,Near,0,65,2
28,71,-1.0,2,0,8,66,1,1,2,Low,Medium,Private,Positive,3,0,College,Near,1,69,0
25,87,-1.0,2,1,7,89,1,1,1,Low,Medium,Public,Neutral,4,1,High School,Near,0,69,2
25,61,-1.0,2,0,9,65,1,1,2,Medium,Medium,Private,Neutral,4,1,High School,Moderate,0,64,2
14,90,-1.0,1,1,7,51,1,1,1,Medium,Medium,Public,Positive,4,1,High School,Near,0,66,2
20,71,-1.0,1,1,9,68,1,1,1,Low,Medium,Private,Positive,3,0,High School,Far,1,63,0
18,72,-1.0,1,1,6,64,1,1,4,Low,Medium,Public,Positive,3,0,Postgraduate,Near,0,68,0
14,81,-1.0,1,1,5,95,0,1,2,Low,High,Public,Positive,3,0,High School,Near,1,68,2
22,69,-1.0,1,0,6,74,2,1,1,Medium,Low,Public,Negative,3,1,College,Near,0,65,0
17,95,-1.0,1,0,5,62,2,1,1,Medium,Medium,Private,Positive,3,0,High School,Moderate,1,69,1
24,63,-1.0,1,0,8,99,0,1,2,Low,High,Public,Neutral,1,0,Postgraduate,Near,0,66,2
14,78,-1.0,1,0,4,62,1,1,1,Low,Medium,Public,Neutral,4,0,College,Near,1,63,0
30,94,-1.0,1,1,6,88,0,1,2,Low,Medium,Private,Neutral,3,1,College,Near,0,72,2
15,85,-1.0,1,0,7,82,2,1,2,Medium,Medium,Public,Negative,4,0,High School,Far,1,67,0
21,72,-1.0,2,0,5,73,1,1,1,Medium,Medium,Public,Neutral,3,0,High School,Near,1,67,0
25,77,-1.0,1,1,7,70,1,1,0,Medium,Medium,Public,Neutral,5,0,High School,Near,1,68,0
17,88,-1.0,2,1,7,94,1,0,2,Medium,High,Public,Positive,3,0,High School,Near,1,71,1
25,99,-1.0,2,0,9,74,1,1,1,Medium,High,Private,Negative,3,0,High School,Near,1,73,1
13,96,-1.0,1,0,5,69,1,1,2,Medium,Low,Public,Positive,3,0,High School,Near,1,68,1
29,74,-1.0,1,0,8,68,1,1,0,Medium,High,Public,Positive,4,0,High School,Near,0,69,0
20,100,-1.0,1,1,8,64,1,1,0,Low,Medium,Public,Neutral,2,0,High School,Moderate,1,69,1
16,60,-1.0,2,0,7,70,0,1,3,High,High,Private,Negative,4,0,High School,Near,0,63,2
18,61,-1.0,1,1,6,56,1,1,3,Low,Medium,Public,Neutral,3,0,High School,Moderate,1,62,0
25,93,-1.0,1,1,5,53,1,1,0,High,Medium,Private,Neutral,5,0,College,Moderate,0,70,1
16,68,-1.0,1,0,10,77,1,1,1,High,Medium,Public,Positive,3,0,Postgraduate,Near,1,66,0
16,62,-1.0,1,0,7,73,0,1,3,High,Medium,Public,Negative,3,0,High School,Near,0,62,2
19,69,-1.0,2,1,7,59,0,1,2,Low,Low,Private,Neutral,2,0,Postgraduate,Moderate,0,64,2
13,77,-1.0,1,1,10,55,0,1,2,Low,Medium,Private,Positive,3,0,College,Moderate,1,63,2
31,89,-1.0,1,1,7,57,1,1,1,High,Low,Public,Positive,2,0,College,Moderate,0,71,1
17,85,-1.0,1,1,10,66,1,1,1,High,Medium,Public,Neutral,1,1,Postgraduate,Moderate,1,67,2
25,70,-1.0,2,1,5,73,1,1,2,Medium,Medium,Private,Neutral,1,0,Postgraduate,Near,1,67,0
21,80,-1.0,2,1,7,60,1,1,1,Medium,High,Public,Positive,2,0,College,Moderate,1,67,1
14,97,-1.0,1,1,5,88,1,1,2,High,Medium,Public,Positive,3,0,Postgraduate,Near,1,71,1
20,93,-1.0,1,0,7,60,2,1,0,Low,High,Public,Neutral,3,0,High School,Near,1,69,1
25,73,-1.0,1,1,7,56,1,1,2,High,Medium,Public,Neutral,4,0,High School,Near,0,93,0
19,99,-1.0,1,1,6,100,1,1,1,Low,Medium,Private,Positive,1,0,High School,Moderate,1,72,1
27,88,-1.0,2,0,7,72,1,1,1,Low,High,Public,Positive,1,0,High School,Near,0,71,1
26,62,-1.0,1,0,6,59,1,1,1,Medium,Medium,Public,Neutral,3,0,High School,Moderate,1,63,0
26,61,-1.0,0,1,7,95,0,0,0,Medium,High,Public,Neutral,3,0,Postgraduate,Moderate,1,65,2
17,67,-1.0,1,1,6,62,1,1,0,Medium,Medium,Public,Neutral,3,0,College,Moderate,0,61,0
14,89,-1.0,0,0,9,96,0,1,2,Low,High,Private,Neutral,3,0,College,Moderate,0,66,1
16,67,-1.0,1,1,5,56,0,1,1,Low,Medium,Public,Negative,2,0,College,Near,0,61,2
21,80,-1.0,1,0,7,92,0,1,1,Medium,Medium,Public,Positive,3,0,High School,Moderate,1,67,2
23,64,-1.0,0,1,5,59,1,1,3,Low,Medium,Public,Positive,5,0,High School,Moderate,0,64,0
7,97,-1.0,2,0,6,97,1,1,3,Medium,High,Private,Positive,2,0,College,Moderate,0,69,1
20,74,-1.0,1,0,6,79,1,1,1,High,High,Public,Neutral,2,1,College,Far,1,64,2
21,96,-1.0,1,1,7,59,0,1,2,High,Medium,Public,Negative,2,0,College,Near,1,70,1
18,98,-1.0,1,1,7,92,1,1,2,Low,High,Private,Neutral,4,0,High School,Near,1,73,1
28,60,-1.0,1,1,5,70,0,1,0,Low,Medium,Private,Neutral,5,0,High School,Near,1,63,2
23,79,-1.0,1,1,6,87,1,0,2,Low,High,Public,Neutral,4,0,College,Moderate,1,68,0
28,61,-1.0,0,1,6,82,0,1,0,Medium,High,Public,Positive,3,0,College,Near,0,64,2
19,96,-1.0,0,1,5,86,1,0,3,Medium,Medium,Public,Positive,3,0,High School,Moderate,1,69,1
26,81,-1.0,1,1,9,67,1,1,3,Low,Medium,Public,Neutral,2,0,College,Near,0,69,1
30,63,-1.0,0,0,5,97,2,1,2,Low,High,Public,Positive,2,1,College,Moderate,0,67,0
28,64,-1.0,0,1,7,78,1,1,3,Medium,High,Private,Positive,4,0,Postgraduate,Moderate,1,69,0
13,75,-1.0,2,0,10,54,1,1,1,Low,Medium,Private,Negative,3,1,College,Near,1,62,2
18,98,-1.0,1,0,9,53,1,1,0,High,Medium,Public,Neutral,1,0,High School,Moderate,1,66,1
18,88,-1.0,1,0,8,87,1,1,2,Medium,High,Public,Neutral,2,0,Postgraduate,Moderate,0,68,1
23,95,-1.0,0,0,7,92,2,1,1,Low,Medium,Public,Positive,1,0,High School,Near,0,71,1
24,75,-1.0,0,0,8,85,1,1,1,Low,Medium,Public,Positive,2,1,Postgraduate,Near,1,66,2
15,62,-1.0,2,0,8,64,2,1,2,Low,Medium,Public,Neutral,4,0,College,Near,0,62,0
20,99,-1.0,0,1,9,61,0,1,1,High,Medium,Private,Neutral,4,0,High School,Moderate,1,68,1
8,61,-1.0,0,1,7,78,1,1,0,Medium,Medium,Private,Positive,3,0,High School,Near,0,59,0
29,98,-1.0,1,1,9,60,0,1,0,Low,Medium,Private,Negative,4,0,High School,Near,0,70,1
17,75,-1.0,0,1,7,69,1,1,1,High,Medium,Public,Positive,4,0,High School,Near,1,66,0
20,60,-1.0,1,1,10,81,1,1,3,Low,Medium,Public,Positive,3,0,College,Near,1,65,0
18,88,-1.0,1,0,7,64,0,1,0,Medium,Low,Public,Positive,4,0,College,Moderate,1,66,1
27,99,-1.0,1,1,5,69,1,1,2,Medium,Low,Public,Positive,2,0,Postgraduate,Moderate,1,73,1
3,99,-1.0,0,1,7,68,1,1,2,High,Medium,Private,Neutral,3,0,High School,Near,0,65,1
20,66,-1.0,2,1,8,73,1,1,0,High,Low,Public,Positive,3,0,High School,Moderate,1,65,0
19,67,-1.0,1,0,9,84,0,1,0,Medium,Medium,Public,Positive,3,0,High School,Moderate,0,64,2
17,83,-1.0,1,1,6,89,2,1,0,Low,Medium,Public,Positive,4,0,Postgraduate,Near,1,69,0
30,85,-1.0,1,0,4,83,0,1,2,High,High,Public,Positive,3,0,Postgraduate,Near,0,74,1
15,90,-1.0,2,1,8,51,2,1,2,High,Medium,Public,Negative,2,0,High School,Moderate,0,68,1
25,67,-1.0,1,0,8,95,1,1,0,Medium,Medium,Public,Neutral,4,0,Postgraduate,Moderate,0,65,0
22,98,-1.0,2,1,5,79,1,0,2,High,Medium,Public,Neutral,5,0,High School,Moderate,1,72,1
28,86,-1.0,1,1,7,96,1,1,2,Medium,Low,Public,Neutral,4,0,High School,Near,1,71,1
16,94,-1.0,1,0,7,98,1,1,0,Low,Medium,Public,Neutral,4,0,High School,Moderate,0,69,1
16,82,-1.0,2,1,8,73,0,1,3,Low,High,Public,Positive,1,0,College,Near,1,67,2
27,77,-1.0,2,1,6,96,0,1,0,Medium,High,Public,Positive,3,0,Postgraduate,Moderate,1,71,2
23,99,-1.0,0,1,6,68,2,1,1,Medium,Medium,Public,Neutral,3,1,College,Far,1,68,1
11,83,-1.0,1,0,7,63,2,1,3,High,Medium,Public,Negative,2,0,College,Far,0,63,0
17,95,-1.0,1,0,5,54,0,1,2,High,High,Public,Neutral,2,0,College,Moderate,0,69,1
22,98,-1.0,0,0,10,73,1,1,1,Low,Low,Public,Negative,4,1,College,Near,0,68,2
25,87,-1.0,2,1,8,84,0,1,2,High,Medium,Public,Positive,4,0,College,Moderate,1,73,2
16,82,-1.0,1,1,6,99,1,1,3,High,Medium,Public,Positive,2,0,High School,Near,1,69,1
3,60,-1.0,1,1,5,76,1,1,0,Medium,High,Private,Neutral,4,0,High School,Moderate,0,58,0
23,62,-1.0,0,0,5,87,1,1,1,High,Low,Private,Positive,3,0,High School,Near,1,65,0
13,68,-1.0,1,1,8,95,1,1,2,Low,Low,Private,Positive,4,0,High School,Moderate,1,63,0
8,67,-1.0,0,0,5,77,0,1,1,Medium,High,Public,Positive,2,0,College,Moderate,1,59,2
3,70,-1.0,1,1,7,58,1,1,0,Medium,Medium,Private,Neutral,2,0,High School,Moderate,1,58,0
25,72,-1.0,1,1,4,92,2,1,1,Low,Medium,Private,Negative,2,1,High School,Near,1,66,0
21,74,-1.0,2,1,8,79,1,1,0,Low,High,Private,Positive,4,0,High School,Near,1,67,0
19,77,-1.0,1,1,8,88,1,0,3,Low,Medium,Public,Positive,3,0,College,Moderate,1,67,0
28,64,-1.0,1,0,7,83,0,1,2,High,Medium,Private,Neutral,4,0,High School,Moderate,1,67,2
24,62,-1.0,0,1,7,53,1,1,0,Medium,Medium,Public,Positive,6,0,Postgraduate,Near,0,65,0
30,87,-1.0,1,1,8,58,2,1,1,Low,Medium,Public,Negative,1,0,College,Near,1,71,1
12,81,-1.0,1,1,7,64,2,1,2,High,Medium,Public,Neutral,3,0,High School,Near,1,66,0
20,78,-1.0,2,1,8,64,1,1,2,High,Medium,Private,Positive,2,0,High School,Moderate,0,68,0
10,85,-1.0,2,1,5,92,1,1,0,Low,High,Private,Positive,4,1,High School,Far,0,65,2
19,93,-1.0,2,0,8,80,1,1,1,Medium,Medium,Private,Neutral,3,0,College,Moderate,1,71,1
19,77,-1.0,0,1,7,54,0,1,2,Low,Medium,Private,Positive,4,0,High School,Near,0,64,2
24,86,-1.0,2,1,9,69,2,1,1,Medium,High,Public,Neutral,3,0,Postgraduate,Near,1,72,0
20,98,-1.0,0,0,7,78,0,1,4,High,High,Public,Neutral,2,0,High School,Far,1,69,1
24,94,-1.0,1,0,7,63,1,1,1,Low,High,Public,Neutral,3,0,High School,Near,1,70,1
24,77,-1.0,1,1,6,52,1,1,0,Medium,Medium,Private,Negative,4,0,High School,Near,1,66,0
33,86,-1.0,1,0,9,69,1,0,0,Medium,Medium,Public,Neutral,3,0,College,Near,0,70,1
18,67,-1.0,0,0,4,73,0,1,0,Medium,Medium,Private,Neutral,2,0,Postgraduate,Moderate,1,62,2
14,82,-1.0,1,1,8,95,1,1,1,Low,Medium,Private,Neutral,3,0,Postgraduate,Moderate,1,66,1
21,99,-1.0,0,0,7,95,0,1,2,Low,Medium,Public,Negative,1,0,High School,Near,0,70,1
15,81,-1.0,0,1,7,75,0,1,1,Medium,High,Public,Negative,1,0,Postgraduate,Moderate,1,63,2
29,97,-1.0,1,1,7,74,1,1,1,Medium,Low,Public,Positive,4,1,High School,Near,0,73,2
18,76,-1.0,2,1,7,82,2,1,2,Medium,High,Public,Neutral,4,0,Postgraduate,Near,0,70,0
17,100,-1.0,2,0,8,63,0,1,1,Low,Medium,Private,Positive,5,0,High School,Near,1,71,1
17,83,-1.0,1,0,6,64,1,1,1,Medium,Medium,Private,Positive,4,0,High School,Near,0,65,1
24,62,-1.0,0,1,7,50,1,1,1,High,High,Private,Negative,2,0,Postgraduate,Near,1,64,0
19,83,-1.0,0,1,8,54,1,1,1,Low,Medium,Private,Positive,4,0,High School,Moderate,1,66,1
16,71,-1.0,0,1,6,59,2,1,1,Low,High,Public,Positive,3,0,Postgraduate,Near,1,82,0
30,61,-1.0,2,1,8,82,0,1,2,Low,High,Public,Neutral,3,0,Postgraduate,Near,0,68,2
15,93,-1.0,1,0,8,61,2,1,1,Medium,Medium,Public,Neutral,4,0,High School,Near,0,67,1
20,71,-1.0,2,1,6,56,2,1,5,Medium,Medium,Private,Positive,5,0,College,Near,1,68,0
24,92,-1.0,2,1,5,81,1,1,2,Low,Medium,Private,Negative,3,1,High School,Near,1,69,2
10,72,-1.0,1,1,6,83,1,1,0,Medium,Medium,Public,Positive,4,0,High School,Near,1,63,0
23,68,-1.0,2,0,7,53,2,1,3,High,Medium,Public,Neutral,3,0,High School,Moderate,0,66,0
14,99,-1.0,1,0,7,89,2,0,0,Medium,Medium,Private,Positive,2,0,Postgraduate,Far,0,68,1
25,74,-1.0,1,1,9,80,1,1,4,Medium,Medium,Public,Positive,3,0,College,Moderate,0,71,0
14,84,-1.0,2,1,6,70,2,1,2,High,Medium,Public,Positive,3,0,College,Near,0,69,0
24,84,-1.0,1,1,6,99,1,1,1,Medium,High,Public,Positive,2,0,Postgraduate,Far,0,70,1
27,82,-1.0,1,0,8,51,2,1,3,High,Medium,Public,Neutral,2,0,College,Near,1,70,0
25,97,-1.0,1,1,6,77,0,1,1,Low,High,Private,Positive,4,0,Postgraduate,Near,1,73,1
22,87,-1.0,2,1,6,58,1,1,0,Low,Medium,Private,Neutral,4,0,High School,Near,0,68,1
19,76,-1.0,0,1,6,66,1,1,1,High,Medium,Public,Positive,3,0,High School,Near,1,65,0
17,94,-1.0,2,1,4,57,1,1,4,Medium,High,Public,Neutral,4,0,High School,Moderate,1,72,1
29,67,-1.0,0,1,8,83,1,1,2,Low,Medium,Private,Positive,4,1,High School,Near,0,67,2
16,82,-1.0,1,1,8,70,2,1,4,Low,High,Public,Neutral,4,0,College,Near,0,68,0
14,98,-1.0,1,1,8,99,0,1,0,High,Medium,Public,Neutral,3,0,High School,Near,1,69,1
24,85,-1.0,1,1,10,83,0,1,1,Medium,High,Public,Positive,4,0,College,Moderate,0,70,2
15,93,-1.0,1,1,9,96,1,1,1,Medium,Medium,Public,Negative,2,0,High School,Moderate,0,69,1
14,86,-1.0,2,1,6,62,1,1,1,Medium,Medium,Private,Positive,2,0,High School,Near,1,68,1
11,94,-1.0,1,0,9,66,1,0,2,Low,High,Private,Positive,2,0,High School,Moderate,1,65,1
17,98,-1.0,2,1,7,68,1,1,1,Low,Medium,Public,Positive,4,0,College,Moderate,1,70,1
20,71,-1.0,0,1,6,92,2,1,1,Low,Medium,Private,Negative,4,0,College,Near,1,65,0
21,67,-1.0,0,0,6,61,1,1,0,Low,Medium,Private,Positive,3,0,High School,Moderate,0,61,0
26,79,-1.0,0,0,7,97,1,1,1,High,Medium,Private,Positive,2,0,High School,Near,1,69,0
23,88,-1.0,0,1,7,52,1,1,0,Medium,Low,Public,Neutral,4,0,High School,Near,1,67,1
19,69,-1.0,1,1,9,94,1,1,1,Low,High,Public,Positive,3,0,High School,Moderate,1,65,0
19,60,-1.0,1,0,8,73,2,1,3,Medium,Low,Private,Neutral,3,0,High School,Near,1,63,0
23,74,-1.0,2,1,6,76,1,1,0,Medium,High,Private,Negative,4,0,High School,Near,1,67,0
28,99,-1.0,0,0,5,100,1,1,6,Medium,Medium,Private,Neutral,5,0,High School,Moderate,0,76,1
21,88,-1.0,1,0,8,94,1,1,0,Medium,High,Public,Neutral,3,0,College,Near,1,70,1
17,76,-1.0,2,1,8,95,0,1,1,Low,Medium,Private,Neutral,4,0,Postgraduate,Near,0,67,2
14,68,-1.0,2,1,9,79,0,1,2,Low,Medium,Private,Positive,4,0,College,Near,0,66,2
11,74,-1.0,2,1,7,98,0,1,1,Low,Medium,Public,Positive,2,0,High School,Near,1,65,2
24,67,-1.0,2,0,8,84,2,1,0,Low,Medium,Public,Neutral,1,0,College,Near,0,65,0
23,64,-1.0,1,0,8,91,1,1,2,Low,Medium,Public,Negative,3,0,High School,Far,0,63,0
23,96,-1.0,2,1,5,86,1,1,3,Medium,High,Public,Neutral,3,1,High School,Near,1,74,2
19,100,-1.0,2,1,7,89,2,1,2,High,Low,Private,Neutral,3,0,College,Moderate,1,72,1
28,67,-1.0,2,0,8,82,0,1,1,High,Low,Public,Neutral,4,0,High School,Near,0,68,2
17,62,-1.0,0,0,8,86,2,1,2,Medium,Medium,Public,Neutral,4,0,High School,Moderate,0,62,0
26,73,-1.0,2,0,7,72,1,1,1,Low,Low,Private,Neutral,3,0,College,Far,1,65,0
20,78,-1.0,1,1,10,85,1,1,1,High,High,Private,Negative,3,0,High School,Near,1,69,0
16,68,-1.0,0,1,10,64,1,1,2,High,Low,Public,Negative,2,0,High School,Moderate,1,61,0
24,72,-1.0,1,1,7,82,2,1,2,Medium,Medium,Private,Positive,4,0,High School,Far,1,67,0
22,68,-1.0,2,0,7,76,1,1,1,Medium,Medium,Public,Positive,4,0,High School,Near,1,66,0
22,91,-1.0,1,1,8,95,1,1,1,Low,High,Private,Neutral,2,0,High School,Near,1,70,1
20,89,-1.0,2,0,7,84,0,1,5,High,Medium,Public,Neutral,3,0,Postgraduate,Moderate,1,72,1
20,85,-1.0,0,1,9,80,1,1,3,Low,Medium,Private,Neutral,3,0,Postgraduate,Moderate,1,69,1
34,75,-1.0,1,1,5,66,1,1,0,Low,Medium,Private,Positive,3,0,High School,Near,1,68,0
27,96,-1.0,1,0,7,93,1,1,2,Medium,Medium,Public,Neutral,2,0,College,Near,1,74,1
24,99,-1.0,1,0,8,53,2,1,1,Low,Medium,Private,Neutral,3,1,High School,Near,1,70,1
21,67,-1.0,1,1,9,95,2,1,1,Medium,Medium,Private,Positive,4,0,High School,Near,1,67,0
26,69,-1.0,1,1,5,83,1,1,4,Medium,High,Private,Neutral,2,0,High School,Moderate,0,68,0
23,81,-1.0,0,0,6,59,1,1,2,High,High,Private,Neutral,1,0,Postgraduate,Near,0,69,1
20,64,-1.0,0,0,4,95,1,1,4,Medium,Medium,Public,Neutral,4,0,High School,Near,1,66,0
18,77,-1.0,0,0,6,66,2,1,3,Medium,High,Public,Positive,3,0,College,Moderate,1,66,0
20,83,-1.0,2,1,5,58,1,1,1,Medium,Medium,Public,Neutral,3,0,High School,Near,1,68,1
1,81,-1.0,1,1,8,66,1,1,1,Low,Medium,Public,Negative,2,0,College,Near,1,60,1
21,73,-1.0,1,0,7,98,2,1,0,High,High,Public,Positive,4,1,Postgraduate,Near,1,69,0
17,82,-1.0,1,0,7,88,1,1,1,Medium,Medium,Public,Negative,1,1,High School,Near,1,66,2
30,98,-1.0,2,1,7,96,1,1,1,Medium,Medium,Private,Neutral,3,0,Postgraduate,Near,0,77,1
20,68,-1.0,0,0,9,65,0,1,1,High,Medium,Public,Negative,5,0,College,Near,1,63,2
13,86,-1.0,0,1,5,54,1,1,3,High,High,Public,Neutral,3,1,College,Near,1,66,2
20,62,-1.0,1,1,4,78,1,0,1,High,Medium,Private,Positive,4,0,High School,Moderate,0,64,0
14,63,-1.0,2,0,8,74,1,1,1,Low,Medium,Private,Neutral,4,0,Postgraduate,Moderate,0,63,0
23,82,-1.0,1,1,6,86,1,1,0,High,Medium,Public,Neutral,4,0,High School,Near,1,68,1
22,64,-1.0,1,0,5,77,1,1,1,High,Medium,Private,Negative,2,0,College,Near,1,65,0
26,61,-1.0,1,1,8,70,0,1,1,Medium,Medium,Private,Neutral,4,1,Postgraduate,Moderate,1,65,2
15,67,-1.0,2,1,4,50,0,1,0,Medium,Medium,Public,Positive,1,0,College,Near,1,64,2
20,83,-1.0,1,1,6,73,1,1,0,High,Medium,Public,Positive,3,0,College,Far,1,68,1
12,88,-1.0,1,1,4,56,1,1,0,Low,High,Private,Neutral,2,0,High School,Far,1,62,1
24,68,-1.0,1,1,7,96,1,1,1,Low,High,Public,Positive,3,0,High School,Near,1,67,0
23,87,-1.0,2,1,9,96,2,1,1,Medium,Medium,Private,Positive,1,0,College,Near,0,73,1
23,67,-1.0,2,1,6,90,1,1,2,High,Medium,Private,Positive,3,0,High School,Near,0,69,0
20,85,-1.0,1,0,6,58,0,1,0,Low,Medium,Private,Negative,2,0,Postgraduate,Near,1,65,1
22,76,-1.0,1,1,10,57,1,1,1,Medium,High,Private,Neutral,3,0,High School,Far,1,66,0
30,86,-1.0,1,0,8,78,1,1,4,Medium,Low,Public,Positive,2,0,College,Far,1,73,1
18,100,-1.0,1,1,10,86,1,1,1,Medium,Medium,Public,Neutral,3,0,High School,Near,1,72,1
21,98,-1.0,1,1,7,95,0,1,3,High,Low,Public,Neutral,1,0,High School,Near,1,72,1
13,60,-1.0,2,1,7,95,1,1,1,Low,Medium,Private,Positive,1,0,High School,Near,0,61,0
15,95,-1.0,1,1,9,58,0,1,2,Low,High,Private,Neutral,3,0,High School,Near,0,69,1
21,63,-1.0,1,0,7,100,1,1,1,High,Medium,Private,Neutral,2,0,Postgraduate,Moderate,0,66,0
27,98,-1.0,2,0,7,58,1,1,1,High,Medium,Public,Positive,3,0,Postgraduate,Far,0,74,1
18,71,-1.0,0,1,4,92,1,1,1,Low,Medium,Public,Negative,4,1,College,Near,0,64,2
19,75,-1.0,2,1,10,79,1,1,1,Medium,Medium,Public,Neutral,2,0,High School,Near,0,66,0
18,64,-1.0,1,1,8,84,1,0,2,Medium,Medium,Public,Neutral,3,0,College,Near,0,64,0
17,64,-1.0,2,0,7,80,0,1,3,Medium,Medium,Private,Positive,4,0,High School,Near,1,66,2
22,89,-1.0,2,0,8,93,1,1,2,High,Low,Private,Neutral,5,0,High School,Near,1,72,1
11,98,-1.0,2,1,5,82,2,1,1,Medium,Medium,Private,Neutral,2,0,Postgraduate,Near,1,71,1
28,84,-1.0,1,1,6,92,1,1,1,Medium,Medium,Public,Negative,3,1,High School,Near,0,70,2
16,89,-1.0,1,1,8,58,0,1,2,Low,Medium,Public,Neutral,3,0,College,Moderate,1,67,1
24,90,-1.0,2,0,7,93,0,1,1,Low,High,Public,Neutral,2,1,Postgraduate,Near,1,71,2
12,71,-1.0,0,0,8,100,1,1,2,High,Medium,Public,Neutral,3,1,College,Near,1,63,2
24,62,-1.0,2,0,7,83,0,1,1,Medium,Low,Public,Neutral,2,0,College,Moderate,0,64,2
24,60,-1.0,1,1,8,99,1,1,2,Low,Low,Public,Neutral,1,0,High School,Moderate,1,64,0
22,74,-1.0,0,0,5,61,1,1,1,Low,Medium,Public,Positive,3,0,Postgraduate,Near,0,65,0
14,70,-1.0,1,1,9,91,2,1,2,Medium,Medium,Public,Neutral,4,0,High School,Near,0,65,0
21,62,-1.0,0,0,6,58,1,1,2,Low,High,Private,Neutral,3,0,College,Moderate,0,62,0
13,67,-1.0,2,1,7,76,1,1,2,Low,Medium,Private,Neutral,5,0,High School,Near,1,65,0
18,65,-1.0,2,0,6,83,0,1,1,Medium,High,Private,Neutral,2,0,High School,Near,1,64,2
26,97,-1.0,1,1,7,83,0,1,2,Low,Medium,Public,Positive,3,0,Postgraduate,Near,1,74,1
25,66,-1.0,2,1,7,84,0,1,2,High,Medium,Public,Positive,1,0,High School,Near,1,67,2
20,82,-1.0,1,0,8,66,0,1,0,High,Medium,Public,Positive,2,0,Postgraduate,Near,1,66,2
14,84,-1.0,2,0,8,99,1,0,3,Medium,High,Public,Neutral,4,0,Postgraduate,Near,0,70,1
24,82,-1.0,2,0,8,50,1,1,0,Medium,Medium,Public,Positive,2,0,Postgraduate,Moderate,1,68,1
20,64,-1.0,1,0,6,81,1,1,0,High,High,Public,Positive,1,0,Postgraduate,Moderate,0,64,0
6,73,-1.0,1,0,8,93,0,1,0,Low,Medium,Private,Neutral,1,1,High School,Far,0,58,2
25,62,-1.0,1,1,7,95,0,1,1,High,Medium,Public,Neutral,4,1,College,Near,1,65,2
20,76,-1.0,2,1,7,86,1,1,2,Medium,Medium,Public,Negative,5,0,High School,Near,0,68,0
27,68,-1.0,1,0,8,79,1,1,2,Low,High,Private,Negative,1,1,Postgraduate,Moderate,0,64,2
13,82,-1.0,2,0,5,73,0,1,4,Low,Medium,Public,Negative,4,0,High School,Near,1,66,2
1,88,-1.0,2,1,4,72,2,1,3,Medium,Medium,Private,Negative,2,0,College,Near,1,92,1
22,81,-1.0,1,1,9,71,1,1,2,High,Low,Public,Negative,4,0,High School,Near,1,69,0
22,77,-1.0,2,0,7,85,0,1,2,Low,Medium,Public,Neutral,2,0,College,Near,1,68,2
10,75,-1.0,1,0,8,87,0,1,2,Medium,Medium,Public,Positive,4,1,High School,Near,0,63,2
14,94,-1.0,1,1,6,76,1,0,0,Low,Low,Public,Neutral,3,0,High School,Near,1,64,1
37,69,-1.0,2,1,9,87,1,0,1,Low,Medium,Public,Negative,2,0,College,Far,0,68,0
18,89,-1.0,0,0,8,76,2,1,0,Low,Medium,Public,Positive,2,0,High School,Near,1,67,1
24,90,-1.0,1,1,7,55,1,1,1,High,Medium,Public,Negative,2,0,Postgraduate,Far,1,68,1
16,77,-1.0,1,1,7,93,1,1,1,Low,Medium,Public,Positive,2,0,Postgraduate,Moderate,1,66,0
7,72,-1.0,1,1,4,94,1,1,4,Medium,Medium,Private,Positive,4,0,Postgraduate,Near,1,66,0
19,79,-1.0,2,1,8,63,1,1,4,Low,High,Public,Neutral,2,0,High School,Moderate,1,68,1
18,64,-1.0,2,1,9,89,0,1,1,Medium,High,Private,Neutral,3,0,High School,Moderate,1,64,2
18,62,-1.0,1,1,7,76,1,1,2,Medium,Medium,Private,Negative,3,1,College,Near,0,63,2
19,64,-1.0,1,1,7,56,1,1,0,Low,Medium,Private,Neutral,4,0,High School,Near,0,62,0
22,67,-1.0,2,0,7,70,2,1,2,Low,Medium,Private,Positive,2,0,High School,Near,1,66,0
19,80,-1.0,1,1,9,54,1,1,0,Low,Medium,Public,Negative,2,0,Postgraduate,Moderate,1,65,0
12,94,-1.0,0,1,9,89,1,1,1,Low,Low,Private,Negative,3,0,High School,Near,1,66,1
23,69,-1.0,2,1,6,60,1,1,2,Low,High,Private,Negative,4,0,High School,Near,1,66,0
8,97,-1.0,2,1,8,58,2,1,2,High,Medium,Public,Neutral,2,0,College,Near,0,69,1
8,98,-1.0,1,1,7,60,1,1,1,High,High,Private,Negative,3,0,Postgraduate,Near,0,67,1
24,98,-1.0,2,0,8,61,1,1,6,Medium,High,Private,Positive,3,0,High School,Near,0,75,1
23,94,-1.0,1,1,6,84,2,1,0,Low,High,Public,Neutral,3,0,Postgraduate,Near,1,73,1
20,75,-1.0,1,1,9,82,2,1,0,Low,Low,Public,Positive,5,0,College,Moderate,0,66,0
12,63,-1.0,1,0,8,56,0,1,4,Medium,Medium,Public,Positive,4,0,College,Moderate,1,61,2
16,83,-1.0,1,1,9,86,1,1,5,Low,High,Private,Negative,4,0,High School,Moderate,0,68,1
18,82,-1.0,1,1,5,67,2,0,1,Medium,High,Public,Neutral,4,0,College,Near,1,67,0
10,94,-1.0,2,0,5,73,1,1,1,Medium,Medium,Public,Negative,3,0,High School,Moderate,1,66,1
16,100,-1.0,2,0,10,56,1,1,1,High,Medium,Public,Neutral,2,0,High School,Near,0,69,1
24,80,-1.0,1,0,9,85,0,1,3,Low,Medium,Public,Positive,4,0,High School,Near,1,69,2
29,74,-1.0,2,1,6,69,1,1,1,Low,High,Private,Negative,1,0,College,Far,0,67,0
17,67,-1.0,1,0,8,82,1,1,0,Medium,Medium,Public,Positive,4,0,High School,Near,0,65,0
25,60,-1.0,0,0,6,71,0,1,2,High,Medium,Public,Positive,2,0,High School,Near,1,63,2
9,80,-1.0,0,1,4,52,0,1,1,High,Medium,Public,Positive,2,0,Postgraduate,Near,0,63,2
24,82,-1.0,1,0,4,85,0,0,1,Low,Medium,Public,Negative,2,0,High School,Near,1,66,1
15,93,-1.0,1,1,7,78,0,1,0,Medium,Medium,Public,Negative,4,0,High School,Moderate,1,66,1
22,80,-1.0,2,1,9,72,0,1,2,Medium,Medium,Public,Neutral,4,0,College,Near,0,69,2
19,97,-1.0,1,1,9,60,2,1,3,Medium,Medium,Public,Negative,4,0,Postgraduate,Moderate,0,72,1
28,85,-1.0,1,1,9,81,0,1,2,Low,Medium,Public,Neutral,3,0,High School,Near,1,70,2
15,94,-1.0,2,1,8,64,1,1,2,Low,Medium,Public,Negative,1,0,College,Near,1,68,1
24,66,-1.0,1,1,7,71,0,1,1,Low,High,Public,Neutral,3,0,High School,Near,1,66,2
18,94,-1.0,1,1,9,53,1,1,3,Low,Medium,Public,Negative,3,0,College,Moderate,0,67,1
19,87,-1.0,1,0,4,89,1,1,0,Low,Low,Public,Positive,5,1,Postgraduate,Moderate,0,68,2
19,67,-1.0,0,1,8,55,1,0,0,Medium,High,Private,Positive,4,0,High School,Near,1,62,0
15,68,-1.0,2,0,5,95,2,1,1,Medium,Medium,Private,Positive,2,1,College,Near,0,64,0
20,97,-1.0,0,1,6,93,0,1,1,High,High,Public,Positive,1,0,College,Far,1,71,1
20,61,-1.0,1,0,8,99,1,1,0,Medium,High,Public,Neutral,4,0,College,Near,1,65,0
21,79,-1.0,1,1,8,95,2,1,0,Medium,Medium,Public,Neutral,2,0,Postgraduate,Near,0,69,0
21,73,-1.0,1,0,6,99,1,0,1,Low,Medium,Public,Neutral,5,0,High School,Near,1,65,0
25,87,-1.0,1,0,8,94,2,1,0,Medium,High,Public,Positive,4,0,High School,Near,1,71,0
26,94,-1.0,1,0,8,56,0,1,1,High,Medium,Public,Negative,2,0,College,Near,0,69,1
14,74,-1.0,1,1,7,72,2,0,2,Medium,Medium,Private,Negative,3,0,College,Near,1,65,0
25,77,-1.0,1,1,7,54,1,1,2,Medium,Medium,Public,Neutral,1,0,College,Moderate,1,66,0
13,99,-1.0,1,1,10,77,0,1,0,Medium,High,Private,Negative,3,0,College,Moderate,0,68,1
24,91,-1.0,2,1,7,76,1,1,0,Medium,Medium,Private,Positive,2,0,High School,Moderate,0,72,1
24,96,-1.0,2,1,7,96,1,1,1,Medium,Medium,Public,Negative,3,0,High School,Near,0,74,1
9,78,-1.0,1,0,7,98,0,1,3,Low,Medium,Public,Positive,2,0,High School,Near,1,64,2
21,69,-1.0,0,1,7,63,1,1,0,Medium,Medium,Public,Positive,3,0,High School,Moderate,1,64,0
17,76,-1.0,1,1,8,79,0,0,1,Low,Medium,Public,Neutral,4,1,Postgraduate,Far,0,63,2
15,89,-1.0,0,0,9,73,2,1,2,Low,Low,Private,Neutral,2,0,High School,Near,1,66,1
28,64,-1.0,1,1,7,77,1,1,1,High,Medium,Public,Positive,2,0,High School,Near,1,67,0
16,71,-1.0,0,1,6,77,0,1,4,Medium,Medium,Public,Neutral,5,1,College,Moderate,1,64,2
15,62,-1.0,2,0,10,96,0,1,0,Medium,High,Private,Positive,4,0,High School,Far,1,62,2
20,77,-1.0,0,1,7,95,2,1,0,Medium,High,Public,Positive,1,0,High School,Far,1,66,0
24,93,-1.0,2,0,4,56,0,1,4,Low,High,Public,Negative,2,0,Postgraduate,Moderate,0,71,1
19,61,-1.0,0,1,10,67,0,0,1,Medium,Medium,Public,Positive,6,0,Postgraduate,Near,0,63,2
27,87,-1.0,1,1,9,88,1,1,1,Low,High,Public,Positive,4,1,College,Near,1,72,2
23,97,-1.0,2,0,9,84,0,1,1,High,Medium,Public,Positive,3,1,High School,Far,0,71,2
7,69,-1.0,1,0,9,82,0,1,1,Medium,High,Private,Positive,3,0,Postgraduate,Near,0,61,2
17,88,-1.0,2,1,10,100,1,1,1,Low,High,Public,Positive,2,0,Postgraduate,Near,0,71,1
17,99,-1.0,1,0,5,67,0,1,2,Medium,Medium,Private,Neutral,4,0,Postgraduate,Far,1,69,1
23,98,-1.0,2,1,6,76,0,1,3,Low,High,Public,Positive,3,0,Postgraduate,Near,1,74,1
4,69,-1.0,2,1,6,99,1,1,0,Medium,High,Public,Neutral,2,0,High School,Moderate,1,61,0
35,64,-1.0,0,0,6,85,2,1,2,Medium,High,Private,Neutral,2,0,High School,Moderate,1,68,0
23,66,-1.0,2,1,7,82,2,1,1,Medium,Medium,Public,Positive,2,0,High School,Near,1,67,0
21,88,-1.0,0,0,6,58,1,1,3,High,Medium,Private,Neutral,4,0,College,Near,1,70,1
27,89,-1.0,1,0,5,62,1,1,0,Low,Medium,Public,Neutral,3,0,High School,Near,1,69,1
34,87,-1.0,0,0,6,69,2,1,3,Low,Medium,Private,Neutral,2,0,College,Moderate,1,72,1
25,73,-1.0,0,1,7,73,1,1,1,Medium,Medium,Public,Positive,2,0,High School,Near,1,66,0
26,67,-1.0,1,0,9,75,1,1,2,Medium,Medium,Public,Positive,3,0,High School,Near,1,67,0
21,83,-1.0,1,0,6,95,2,1,4,High,High,Public,Neutral,2,0,High School,Far,0,70,0
19,79,-1.0,2,1,8,55,1,1,3,Medium,Medium,Private,Neutral,4,1,Postgraduate,Near,1,68,2
17,89,-1.0,1,1,5,62,2,1,2,Medium,Medium,Private,Positive,2,0,College,Near,0,68,1
15,78,-1.0,2,0,4,57,2,1,2,Medium,High,Public,Negative,2,0,High School,Near,0,65,0
16,74,-1.0,0,1,7,87,1,1,0,Low,Low,Public,Positive,3,0,College,Near,0,63,0
12,72,-1.0,0,1,6,99,2,1,0,Low,Medium,Public,Positive,4,0,College,Far,0,62,0
20,68,-1.0,2,1,6,95,1,1,0,Low,Medium,Public,Positive,4,0,High School,Near,0,66,0
10,71,-1.0,2,1,6,86,1,1,1,Medium,Low,Public,Negative,2,1,Postgraduate,Near,1,62,2
21,64,-1.0,2,1,6,51,0,1,0,High,Low,Public,Negative,3,0,College,Moderate,0,61,2
20,74,-1.0,1,1,6,67,2,1,0,Medium,Medium,Private,Negative,4,1,College,Moderate,0,63,0
21,61,-1.0,1,1,6,93,0,1,3,Medium,High,Private,Neutral,3,0,College,Near,0,65,2
17,67,-1.0,0,0,5,83,2,1,3,Low,Medium,Public,Positive,3,0,High School,Moderate,1,64,0
38,90,-1.0,1,1,4,60,0,1,2,Low,Medium,Public,Neutral,4,0,College,Moderate,1,74,1
28,73,-1.0,1,1,4,73,1,1,2,High,High,Public,Positive,2,0,Postgraduate,Near,0,70,0
13,87,-1.0,1,0,10,54,0,1,2,Low,Medium,Public,Positive,2,0,Postgraduate,Moderate,0,63,1
21,89,-1.0,1,0,7,76,1,1,3,High,Medium,Public,Positive,2,0,High School,Far,0,68,1
16,83,-1.0,2,1,9,95,1,1,2,Low,High,Public,Neutral,2,0,College,Near,1,69,1
14,98,-1.0,2,1,7,52,2,1,1,Medium,High,Private,Negative,4,0,College,Moderate,1,70,1
12,61,-1.0,1,1,7,81,1,1,2,High,Medium,Public,Neutral,3,0,College,Far,1,62,0
23,90,-1.0,1,1,7,62,1,1,3,Medium,Low,Private,Positive,2,0,Postgraduate,Moderate,1,71,1
16,98,-1.0,0,0,8,100,0,1,2,Low,Medium,Public,Neutral,1,0,Postgraduate,Near,1,69,1
26,94,-1.0,0,1,5,53,0,1,0,Low,High,Public,Neutral,2,0,High School,Near,1,69,1
26,67,-1.0,2,1,6,81,2,1,4,Low,High,Public,Neutral,3,1,College,Near,1,68,0
28,73,-1.0,1,1,7,63,0,1,0,Low,Medium,Public,Positive,2,0,High School,Near,1,65,2
15,67,-1.0,2,1,4,94,2,1,1,Medium,Medium,Private,Positive,5,0,High School,Far,1,65,0
23,84,-1.0,0,1,9,56,0,0,1,Medium,High,Public,Positive,4,0,High School,Near,0,65,2
24,88,-1.0,2,0,9,71,1,1,2,High,High,Public,Negative,3,0,High School,Near,0,72,1
17,73,-1.0,0,0,4,59,2,1,2,Low,High,Private,Negative,4,0,High School,Moderate,0,63,0
15,82,-1.0,2,1,6,90,2,0,2,High,Medium,Public,Positive,2,0,High School,Near,1,68,0
30,88,-1.0,1,1,7,68,0,1,1,Medium,High,Public,Positive,3,0,College,Near,0,72,1
21,77,-1.0,0,1,8,59,1,1,3,Low,Medium,Private,Positive,2,0,High School,Near,1,66,0
24,94,-1.0,1,0,9,86,2,1,2,Low,Medium,Public,Neutral,3,0,College,Near,0,71,1
15,91,-1.0,0,1,6,91,0,1,0,Medium,Medium,Public,Positive,3,0,College,Moderate,0,67,1
13,63,-1.0,1,0,10,73,0,1,2,Low,High,Public,Negative,3,0,Postgraduate,Moderate,1,61,2
17,85,-1.0,2,1,7,69,1,1,4,Low,High,Private,Neutral,2,0,High School,Near,0,70,1
19,69,-1.0,1,1,7,82,0,0,2,Low,High,Public,Neutral,3,0,College,Near,1,64,2
14,82,-1.0,1,1,8,83,1,1,0,Medium,Medium,Public,Negative,2,0,High School,Moderate,1,64,1
20,98,-1.0,2,1,7,83,1,0,0,Low,Medium,Public,Neutral,3,0,High School,Far,0,68,1
10,95,-1.0,1,0,7,64,2,1,4,Low,Medium,Private,Positive,3,0,Postgraduate,Near,1,70,1
13,76,-1.0,1,1,10,97,2,1,4,Low,Low,Public,Neutral,3,0,College,Moderate,1,65,0
24,72,-1.0,2,0,7,61,1,1,3,Low,Medium,Private,Neutral,2,0,High School,Near,0,67,0
24,69,-1.0,0,1,6,69,1,1,0,Low,High,Private,Neutral,4,0,College,Near,1,65,0
18,81,-1.0,1,1,6,64,1,1,1,Medium,Medium,Public,Positive,4,0,High School,Moderate,0,65,0
14,65,-1.0,2,1,9,97,0,1,3,Low,High,Public,Positive,4,0,High School,Near,0,65,2
14,82,-1.0,0,1,8,91,2,1,1,Low,Medium,Public,Negative,2,0,High School,Near,1,66,0
18,60,-1.0,2,0,5,91,0,1,2,Low,Medium,Public,Negative,4,1,High School,Near,1,62,2
24,73,-1.0,1,1,5,50,0,1,1,Low,Medium,Public,Negative,2,0,High School,Near,1,63,2
26,69,-1.0,0,1,7,84,1,1,0,Medium,Medium,Private,Neutral,3,1,High School,Moderate,1,63,2
17,99,-1.0,1,1,8,62,1,1,3,Medium,Medium,Private,Neutral,3,0,High School,Near,1,70,1
13,89,-1.0,2,1,6,98,1,1,0,Medium,Medium,Private,Negative,4,0,High School,Near,1,67,1
22,74,-1.0,2,0,4,77,0,1,0,High,Medium,Private,Negative,3,1,High School,Near,1,66,2
15,64,-1.0,1,0,5,78,1,1,2,Low,Medium,Public,Positive,2,0,High School,Moderate,1,63,0
17,81,-1.0,0,1,9,68,2,1,1,Low,Low,Private,Positive,3,0,College,Near,0,66,0
28,69,-1.0,1,0,8,77,1,1,3,Medium,Medium,Public,Neutral,4,0,College,Moderate,0,67,0
25,81,-1.0,1,0,9,87,0,1,1,Low,High,Private,Negative,1,0,Postgraduate,Moderate,0,68,2
21,93,-1.0,2,1,9,78,0,1,1,Medium,Low,Public,Neutral,2,1,High School,Far,1,67,2
12,85,-1.0,2,1,6,82,1,1,1,High,Medium,Public,Neutral,2,0,High School,Far,1,66,1
21,85,-1.0,2,1,6,74,1,1,2,Medium,Medium,Public,Neutral,4,0,High School,Near,0,71,1
26,82,-1.0,1,1,7,86,1,1,0,Low,High,Public,Neutral,2,1,Postgraduate,Near,1,69,2
18,97,-1.0,0,1,8,95,2,1,1,Medium,Medium,Public,Positive,2,0,Postgraduate,Moderate,1,72,1
28,97,-1.0,0,1,9,53,0,1,0,Low,Medium,Private,Negative,3,0,College,Moderate,0,70,1
28,81,-1.0,1,1,10,55,1,1,2,Medium,Low,Private,Neutral,3,0,High School,Near,1,68,0
30,72,-1.0,1,0,8,84,1,1,1,Low,High,Private,Positive,1,0,High School,Near,1,68,0
22,78,-1.0,2,1,8,69,2,1,2,Low,Medium,Public,Negative,2,0,High School,Near,0,67,0
24,67,-1.0,1,0,10,64,0,1,1,Low,Medium,Public,Positive,2,1,College,Far,0,62,2
28,85,-1.0,0,0,7,59,0,1,1,Low,Medium,Public,Neutral,3,0,Postgraduate,Far,1,67,2
23,80,-1.0,1,0,9,79,1,1,1,Medium,High,Public,Negative,2,0,Postgraduate,Near,1,69,0
17,64,-1.0,2,1,8,67,1,1,3,Low,Medium,Public,Negative,3,0,College,Near,1,64,0
17,68,-1.0,2,1,8,75,1,1,2,Low,High,Private,Positive,3,0,College,Near,0,66,0
21,79,-1.0,0,1,7,98,2,1,2,Low,Medium,Public,Positive,1,0,High School,Near,1,69,0
12,96,-1.0,2,0,5,88,2,1,0,Medium,Medium,Private,Positive,2,0,College,Moderate,0,70,1
19,83,-1.0,1,0,8,90,0,1,3,Low,Medium,Public,Positive,3,0,College,Moderate,0,69,2
27,87,-1.0,1,1,8,56,1,1,3,Medium,High,Public,Neutral,3,0,Postgraduate,Near,1,72,1
7,74,-1.0,1,1,6,66,0,1,1,Low,High,Private,Positive,2,0,High School,Near,0,61,2
29,83,-1.0,1,0,7,55,2,1,2,Low,Low,Private,Negative,4,0,High School,Near,0,68,0
27,78,-1.0,1,0,6,98,0,1,1,Medium,Medium,Public,Positive,3,0,High School,Far,1,68,2
17,86,-1.0,1,0,6,84,2,1,0,Medium,Medium,Private,Neutral,3,0,High School,Near,0,66,0
23,62,-1.0,1,0,6,51,1,1,5,High,Medium,Public,Negative,2,0,College,Near,1,65,0
20,80,-1.0,0,1,5,74,1,1,2,Low,Low,Public,Negative,4,0,College,Moderate,0,66,0
27,72,-1.0,1,0,6,63,1,1,1,High,Medium,Private,Negative,5,0,College,Moderate,0,67,0
26,73,-1.0,2,0,8,77,1,1,0,Medium,High,Private,Positive,2,0,College,Far,1,68,0
12,98,-1.0,1,0,9,59,0,1,1,High,Medium,Public,Neutral,2,0,Postgraduate,Near,0,67,1
24,67,-1.0,1,1,10,53,1,1,0,Medium,Medium,Public,Positive,3,1,College,Near,0,63,2
19,72,-1.0,0,0,6,66,1,1,0,Medium,High,Private,Neutral,2,0,Postgraduate,Near,1,64,0
20,80,-1.0,0,0,9,65,2,1,1,Medium,Medium,Private,Positive,3,0,College,Far,1,66,0
16,95,-1.0,1,1,8,86,1,1,0,Low,Low,Public,Positive,4,0,High School,Moderate,1,69,1
30,77,-1.0,0,1,7,74,1,1,3,High,Medium,Private,Neutral,3,0,Postgraduate,Moderate,1,70,0
26,90,-1.0,1,0,8,65,2,1,3,Medium,High,Private,Positive,2,0,High School,Near,0,72,1
16,94,-1.0,2,0,9,79,2,1,2,High,High,Public,Positive,5,0,High School,Moderate,0,71,1
12,72,-1.0,1,1,6,54,0,1,3,Low,Medium,Public,Positive,2,0,Postgraduate,Near,1,63,2
18,76,-1.0,2,0,6,83,1,1,1,High,Medium,Public,Neutral,4,0,High School,Near,1,68,0
23,74,-1.0,2,1,6,57,0,0,1,High,High,Private,Neutral,3,0,College,Near,1,67,2
21,93,-1.0,0,0,6,64,1,1,2,Low,Medium,Public,Positive,4,0,Postgraduate,Moderate,1,69,1
28,62,-1.0,1,0,9,64,2,1,1,Low,Medium,Private,Negative,2,0,Postgraduate,Near,1,65,0
25,72,-1.0,0,1,6,73,2,1,4,Medium,High,Public,Neutral,4,0,College,Moderate,1,69,0
26,87,-1.0,1,0,6,98,2,1,0,Medium,High,Public,Negative,4,0,College,Moderate,1,71,0
22,83,-1.0,0,1,7,66,1,1,2,Medium,Medium,Private,Neutral,3,0,High School,Near,0,67,1
12,77,-1.0,1,0,7,64,0,1,2,High,High,Public,Positive,4,0,College,Moderate,0,64,2
19,82,-1.0,1,1,6,58,0,1,2,Medium,High,Private,Positive,3,0,College,Near,0,68,2
26,68,-1.0,0,1,10,70,1,1,1,Low,Medium,Public,Positive,3,0,College,Near,1,67,0
20,77,-1.0,0,0,6,59,0,1,1,High,Medium,Public,Negative,2,0,High School,Moderate,0,62,2
23,80,-1.0,1,0,7,57,0,1,2,Medium,High,Public,Negative,2,0,Postgraduate,Moderate,0,68,2
18,96,-1.0,1,1,4,93,1,1,0,Medium,High,Public,Positive,4,0,College,Near,0,72,1
14,70,-1.0,2,1,7,53,0,1,0,Medium,Medium,Public,Negative,3,0,High School,Moderate,1,61,2
19,95,-1.0,0,1,5,86,1,1,0,High,Medium,Public,Negative,4,0,High School,Moderate,1,67,1
22,86,-1.0,1,0,6,60,2,1,0,High,High,Public,Neutral,3,0,Postgraduate,Near,1,70,0
16,61,-1.0,1,1,4,51,0,1,1,Low,Medium,Public,Neutral,3,0,High School,Near,1,59,2
19,89,-1.0,1,1,6,90,2,1,0,Low,High,Private,Negative,4,0,College,Moderate,0,70,1
14,61,-1.0,1,0,7,85,2,1,1,Low,Medium,Public,Neutral,1,0,High School,Near,0,60,0
27,100,-1.0,1,0,7,67,1,1,1,High,High,Public,Neutral,3,0,College,Moderate,1,74,1
18,95,-1.0,2,1,6,54,2,1,0,Medium,High,Private,Negative,3,0,College,Moderate,1,68,1
29,72,-1.0,1,0,7,68,0,1,0,Low,Medium,Public,Positive,3,0,College,Near,0,67,2
29,70,-1.0,0,0,6,59,2,1,2,Medium,Medium,Private,Neutral,4,0,Postgraduate,Far,1,67,0
20,75,-1.0,1,1,7,97,2,1,0,Medium,Medium,Public,Neutral,2,0,College,Far,0,66,0
14,74,-1.0,1,0,7,76,2,1,1,Low,High,Public,Neutral,2,0,High School,Far,0,63,0
7,75,-1.0,1,0,7,98,0,0,1,Low,High,Public,Positive,3,0,College,Near,1,62,2
11,73,-1.0,0,1,7,68,2,1,3,Low,High,Private,Neutral,3,0,College,Moderate,0,64,0
12,85,-1.0,1,1,6,78,2,1,3,Medium,Medium,Public,Neutral,4,0,College,Near,1,68,0
28,67,-1.0,1,0,8,60,2,1,0,Medium,Medium,Public,Positive,3,0,High School,Moderate,0,65,0
21,94,-1.0,0,1,8,90,0,1,1,Medium,Medium,Public,Positive,4,0,Postgraduate,Near,0,71,1
22,92,-1.0,1,1,7,52,0,0,1,Medium,Medium,Private,Negative,3,0,Postgraduate,Near,0,68,1
7,79,-1.0,2,1,9,85,1,1,0,Medium,Medium,Public,Negative,2,0,High School,Near,1,62,0
13,94,-1.0,2,1,7,70,1,1,1,Medium,Medium,Private,Negative,3,0,High School,Moderate,1,68,1
25,70,-1.0,1,1,7,79,0,1,3,High,Medium,Public,Neutral,3,0,High School,Near,1,68,2
22,61,-1.0,1,1,7,80,2,1,3,Medium,High,Public,Neutral,3,0,Postgraduate,Moderate,1,67,0
19,85,-1.0,1,1,7,86,1,1,0,Low,Medium,Public,Positive,2,0,College,Moderate,0,67,1
23,78,-1.0,2,1,6,60,1,1,2,High,High,Public,Positive,4,0,High School,Far,1,70,0
30,83,-1.0,1,1,4,77,1,1,0,Low,Medium,Public,Neutral,4,0,High School,Near,0,69,1
19,96,-1.0,1,0,7,71,1,1,2,Low,High,Private,Positive,3,0,Postgraduate,Moderate,1,70,1
20,99,-1.0,0,0,8,64,0,1,1,High,Medium,Public,Positive,2,0,High School,Near,1,69,1
21,85,-1.0,1,1,5,75,0,1,1,High,High,Public,Positive,2,0,High School,Moderate,0,70,1
34,91,-1.0,0,0,9,98,1,1,0,Medium,Medium,Public,Neutral,4,0,High School,Moderate,1,72,1
7,63,-1.0,1,0,5,97,1,1,1,Low,Medium,Public,Neutral,2,0,High School,Near,0,59,0
24,66,-1.0,1,0,6,64,1,0,0,Medium,High,Public,Neutral,4,0,High School,Near,1,64,0
19,89,-1.0,2,1,10,94,1,1,0,High,Medium,Private,Neutral,1,0,College,Near,0,72,1
23,77,-1.0,2,1,8,94,1,1,0,High,Medium,Private,Positive,3,0,Postgraduate,Near,1,70,0
16,78,-1.0,2,0,7,62,1,1,0,High,High,Public,Negative,1,0,High School,Far,0,63,0
20,72,-1.0,1,1,7,80,1,1,1,Low,High,Private,Negative,3,0,College,Near,1,66,0
24,84,-1.0,2,0,9,93,1,1,3,High,Medium,Public,Neutral,4,0,High School,Far,1,72,1
39,67,-1.0,2,1,5,76,1,0,2,Medium,Medium,Private,Negative,4,0,High School,Near,0,71,0
25,85,-1.0,2,0,9,68,1,1,1,High,Medium,Public,Negative,3,0,Postgraduate,Far,0,71,1
15,67,-1.0,1,1,6,83,0,1,3,Medium,Low,Public,Positive,3,0,High School,Moderate,1,62,2
17,63,-1.0,1,1,8,59,1,1,1,Low,High,Public,Positive,1,0,Postgraduate,Moderate,1,62,0
17,73,-1.0,0,0,6,58,1,1,4,Medium,Medium,Public,Positive,1,0,College,Near,1,64,0
9,69,-1.0,2,1,10,92,1,1,2,Low,Medium,Private,Neutral,3,0,Postgraduate,Near,1,65,0
18,96,-1.0,0,1,7,52,0,1,1,Low,Medium,Private,Neutral,4,0,College,Near,0,68,1
24,62,-1.0,1,1,5,90,0,1,0,High,Medium,Private,Positive,3,0,College,Near,1,67,2
12,67,-1.0,1,1,8,65,0,1,1,High,Medium,Public,Neutral,3,0,High School,Moderate,1,61,2
26,82,-1.0,0,1,9,74,2,1,2,Medium,Medium,Public,Negative,5,0,High School,Moderate,0,68,0
23,79,-1.0,2,0,9,77,1,1,1,Low,High,Public,Neutral,3,0,High School,Near,1,68,0
16,62,-1.0,1,0,7,88,1,1,1,Low,High,Public,Neutral,1,0,High School,Near,0,62,0
19,60,-1.0,0,0,8,94,2,1,1,Low,Low,Private,Neutral,3,0,High School,Near,0,62,0
30,100,-1.0,2,1,6,90,0,1,0,Medium,Low,Public,Positive,2,1,High School,Near,1,74,2
24,86,-1.0,1,1,8,79,1,0,0,Low,Medium,Public,Neutral,4,0,High School,Near,0,68,1
20,75,-1.0,2,0,8,67,1,1,1,High,Low,Public,Positive,4,0,College,Moderate,1,66,0
19,79,-1.0,1,0,4,76,2,1,1,Medium,Medium,Private,Neutral,3,0,College,Near,1,67,0
20,71,-1.0,1,0,5,52,2,1,1,Medium,High,Public,Neutral,3,0,High School,Moderate,1,65,0
17,74,-1.0,1,1,7,62,1,1,2,High,Medium,Public,Positive,4,0,High School,Near,1,66,0
7,86,-1.0,1,0,7,68,1,1,5,Low,Medium,Public,Positive,4,0,Postgraduate,Moderate,1,67,1
32,95,-1.0,1,1,7,66,2,1,5,High,Medium,Private,Negative,3,0,College,Near,1,76,1
21,67,-1.0,2,1,7,55,2,1,2,High,High,Private,Positive,3,0,High School,Moderate,0,66,0
22,94,-1.0,0,0,9,53,2,1,1,Medium,High,Public,Neutral,3,0,College,Near,0,68,1
20,65,-1.0,1,1,8,71,0,1,2,Low,Medium,Private,Neutral,3,1,College,Near,0,63,2
16,69,-1.0,2,1,4,54,1,1,4,Low,Low,Public,Positive,4,0,College,Near,0,65,0
19,61,-1.0,1,0,10,64,1,1,3,Low,Medium,Public,Positive,3,0,High School,Moderate,1,63,0
10,66,-1.0,1,0,4,74,0,1,2,Low,Medium,Public,Negative,2,0,High School,Moderate,1,59,2
34,97,-1.0,1,0,8,60,1,1,2,Medium,Medium,Private,Neutral,4,0,High School,Near,1,74,1
13,78,-1.0,0,1,5,54,0,1,2,Low,High,Public,Positive,3,1,College,Near,1,62,2
14,63,-1.0,0,1,9,72,1,1,3,Low,Low,Public,Positive,4,1,High School,Near,0,59,2
17,98,-1.0,2,1,7,72,2,1,0,Low,Medium,Public,Positive,3,0,High School,Near,1,71,1
28,95,-1.0,1,0,8,96,1,1,1,Medium,Medium,Public,Neutral,3,0,Postgraduate,Moderate,1,73,1
20,90,-1.0,1,1,4,56,1,1,0,Low,High,Private,Positive,1,0,High School,Moderate,1,68,1
13,97,-1.0,1,1,8,81,1,1,3,Low,Medium,Public,Neutral,1,0,High School,Far,1,68,1
28,69,-1.0,1,1,8,66,1,1,0,Low,Medium,Public,Positive,6,0,College,Far,1,66,0
24,93,-1.0,2,1,8,56,1,1,1,Low,Medium,Public,Neutral,3,0,College,Moderate,1,69,1
23,88,-1.0,1,0,8,70,1,1,2,Medium,High,Public,Neutral,4,0,High School,Near,0,70,1
24,95,-1.0,2,1,7,71,2,1,1,Medium,High,Public,Positive,3,0,High School,Near,1,74,1
34,92,-1.0,1,0,7,68,0,1,0,Medium,High,Public,Positive,5,0,College,Near,0,75,1
33,74,-1.0,1,1,6,88,1,1,2,Medium,Medium,Private,Neutral,3,0,College,Near,1,71,0
16,91,-1.0,2,1,6,92,0,1,2,Low,High,Private,Positive,3,0,High School,Moderate,1,71,1
30,70,-1.0,1,0,9,57,1,1,1,Low,Medium,Public,Negative,4,0,College,Far,0,65,0
22,73,-1.0,1,0,6,58,2,1,1,Medium,Medium,Private,Positive,3,0,Postgraduate,Moderate,1,65,0
23,64,-1.0,2,0,4,71,0,1,2,Medium,Medium,Public,Negative,1,0,Postgraduate,Near,1,65,2
10,97,-1.0,1,0,6,66,1,1,2,Low,Medium,Public,Neutral,2,0,Postgraduate,Near,0,67,1
19,72,-1.0,1,1,8,91,2,1,1,Low,Medium,Private,Positive,4,0,Postgraduate,Moderate,1,67,0
15,81,-1.0,1,1,7,100,1,1,1,Low,Medium,Public,Neutral,3,0,Postgraduate,Moderate,1,67,1
25,76,-1.0,2,1,8,59,1,1,4,Medium,Medium,Private,Neutral,4,0,College,Near,0,71,0
26,98,-1.0,0,0,4,88,0,1,1,Medium,High,Public,Neutral,1,0,College,Moderate,0,72,1
8,73,-1.0,2,1,4,80,0,1,0,Low,High,Public,Neutral,4,0,College,Moderate,1,62,2
20,91,-1.0,0,1,7,82,1,1,0,Medium,Medium,Public,Neutral,4,0,College,Near,1,70,1
27,94,-1.0,2,0,9,63,2,1,0,Low,Medium,Public,Neutral,4,0,College,Near,0,72,1
19,77,-1.0,1,1,4,55,1,1,0,Medium,Low,Public,Positive,4,0,College,Moderate,1,64,0
24,75,-1.0,0,1,8,77,2,1,1,Low,Medium,Private,Negative,1,0,College,Moderate,1,66,0
22,90,-1.0,1,1,9,81,1,1,0,Medium,Medium,Public,Neutral,4,0,High School,Near,1,69,1
22,97,-1.0,1,0,7,98,2,1,0,Medium,Medium,Public,Negative,0,0,College,Moderate,0,71,1
18,90,-1.0,0,0,8,84,2,1,2,Low,High,Private,Positive,3,0,High School,Moderate,1,68,1
13,69,-1.0,1,1,7,72,0,1,2,High,Medium,Public,Positive,2,0,High School,Moderate,0,63,2
13,96,-1.0,2,1,7,100,1,0,4,Medium,High,Public,Negative,3,0,High School,Near,1,71,1
24,76,-1.0,0,1,8,69,0,1,3,Low,Medium,Private,Negative,1,0,High School,Near,1,65,2
20,83,-1.0,2,1,10,58,1,1,0,Low,High,Public,Neutral,1,0,High School,Near,0,66,1
19,93,-1.0,0,1,6,81,1,1,2,High,Medium,Private,Positive,3,1,College,Moderate,0,68,2
17,68,-1.0,1,1,7,63,1,0,0,Low,Medium,Public,Neutral,3,0,High School,Moderate,1,61,0
18,91,-1.0,2,0,6,96,1,1,2,Low,Medium,Private,Positive,3,0,Postgraduate,Near,1,71,1
26,84,-1.0,2,1,7,71,1,1,0,Medium,Medium,Public,Neutral,2,0,High School,Near,0,70,1
18,96,-1.0,0,0,7,57,0,1,1,Low,Medium,Public,Negative,3,0,High School,Moderate,0,66,1
12,67,-1.0,1,1,9,57,0,1,0,Low,Medium,Private,Positive,2,0,College,Moderate,1,61,2
24,77,-1.0,0,1,9,82,0,1,1,Medium,Medium,Private,Neutral,2,0,High School,Near,1,67,2
19,93,-1.0,1,1,8,68,1,1,1,High,High,Public,Positive,3,0,Postgraduate,Near,0,72,1
20,61,-1.0,2,0,9,68,1,1,1,High,Low,Private,Positive,3,0,High School,Near,0,65,0
30,64,-1.0,1,0,6,81,0,1,3,Medium,Medium,Public,Negative,2,0,College,Near,0,68,2
20,100,-1.0,1,1,6,61,2,0,3,Medium,Medium,Public,Positive,4,0,College,Far,1,70,1
22,71,-1.0,0,1,8,57,1,1,1,Low,High,Public,Negative,4,0,High School,Moderate,1,63,0
13,99,-1.0,0,0,7,83,1,1,1,Medium,Medium,Public,Neutral,4,0,Postgraduate,Far,0,69,1
19,67,-1.0,0,0,10,50,1,1,0,High,Medium,Public,Positive,3,0,High School,Near,1,62,0
24,74,-1.0,2,0,4,95,2,1,1,High,Medium,Public,Neutral,4,0,Postgraduate,Moderate,0,71,0
11,90,-1.0,0,1,8,59,0,1,1,Low,High,Public,Positive,4,0,High School,Near,1,64,1
21,86,-1.0,1,0,8,72,1,1,0,High,High,Public,Positive,3,0,High School,Moderate,1,69,1
21,83,-1.0,2,1,6,61,2,1,2,Low,High,Public,Positive,3,0,Postgraduate,Near,1,71,0
20,81,-1.0,1,1,6,61,0,0,0,Low,Medium,Public,Positive,4,1,High School,Near,0,63,2
26,94,-1.0,2,1,6,92,0,1,1,Low,High,Public,Neutral,3,0,High School,Near,0,72,1
22,69,-1.0,1,1,5,79,1,1,1,Low,Low,Public,Positive,3,0,College,Near,1,66,0
29,78,-1.0,1,1,9,66,1,1,2,Low,Medium,Public,Neutral,4,0,High School,Moderate,1,69,0
14,66,-1.0,1,1,10,63,0,1,0,Low,Medium,Public,Positive,3,0,High School,Moderate,1,60,2
21,84,-1.0,2,1,6,61,0,1,1,Medium,High,Private,Negative,4,0,High School,Moderate,0,68,2
21,70,-1.0,2,0,6,78,1,1,3,Medium,Low,Public,Neutral,2,0,College,Far,1,65,0
14,73,-1.0,1,0,5,87,2,1,2,Medium,Medium,Public,Positive,4,0,College,Near,0,67,0
26,79,-1.0,0,1,5,63,1,1,0,Low,Medium,Public,Positive,2,0,High School,Near,1,66,0
34,61,-1.0,1,1,6,67,2,1,1,High,Medium,Private,Neutral,2,0,Postgraduate,Moderate,1,68,0
20,64,-1.0,1,1,9,86,1,1,0,Low,High,Private,Negative,4,0,High School,Near,0,63,0
23,87,-1.0,2,1,10,87,1,1,1,Medium,Medium,Private,Positive,3,0,College,Near,1,73,1
21,77,-1.0,1,1,6,60,1,1,1,Medium,Medium,Private,Neutral,3,0,College,Moderate,1,66,0
16,95,-1.0,1,1,6,69,0,1,2,Low,High,Public,Neutral,3,1,College,Near,1,67,2
9,88,-1.0,1,1,5,93,0,1,2,Medium,Medium,Public,Neutral,4,0,Postgraduate,Near,1,66,1
16,60,-1.0,0,0,8,87,0,1,0,Low,Low,Public,Positive,5,0,High School,Near,1,60,2
12,85,-1.0,2,0,8,58,0,1,1,Low,High,Public,Positive,3,0,Postgraduate,Near,1,67,2
30,64,-1.0,1,0,7,69,1,1,3,High,Low,Public,Negative,4,0,High School,Near,0,67,0
19,91,-1.0,1,1,6,99,2,1,0,Medium,Medium,Public,Neutral,2,0,High School,Near,0,70,1
18,100,-1.0,0,0,9,76,0,1,1,Low,Medium,Public,Positive,2,0,High School,Near,0,69,1
25,81,-1.0,0,1,8,86,1,1,1,Low,Medium,Public,Negative,3,0,Postgraduate,Near,1,68,0
13,87,-1.0,0,1,8,55,2,1,1,High,High,Private,Positive,3,0,High School,Near,0,67,0
15,69,-1.0,2,0,8,92,0,1,0,Low,Medium,Public,Neutral,1,0,College,Moderate,1,63,2
20,78,-1.0,1,0,7,80,2,1,2,High,Medium,Public,Positive,3,0,College,Near,1,70,0
26,94,-1.0,1,0,6,59,2,1,4,Low,Medium,Public,Neutral,3,0,High School,Near,0,71,1
23,67,-1.0,2,1,8,69,0,1,1,High,Medium,Public,Neutral,2,0,High School,Near,0,67,2
21,71,-1.0,1,0,8,54,2,1,1,Medium,Medium,Private,Neutral,3,0,High School,Near,1,64,0
20,78,-1.0,1,0,8,89,2,0,0,Medium,Medium,Private,Neutral,4,0,College,Near,0,66,0
22,88,-1.0,1,1,5,87,0,1,1,Low,High,Public,Neutral,3,0,Postgraduate,Near,1,70,1
21,75,-1.0,0,1,8,75,2,1,1,Medium,Medium,Private,Negative,2,0,High School,Moderate,1,65,0
14,97,-1.0,1,1,7,73,1,1,2,Medium,Low,Public,Positive,3,0,College,Moderate,1,68,1
20,64,-1.0,0,1,6,73,2,1,3,Medium,High,Public,Negative,5,0,Postgraduate,Far,0,65,0
14,75,-1.0,1,0,8,52,1,1,3,Medium,Medium,Public,Neutral,1,0,Postgraduate,Near,1,65,0
20,88,-1.0,1,1,7,68,1,1,0,Low,High,Public,Positive,4,0,College,Near,0,69,1
17,69,-1.0,1,0,10,56,1,1,1,Medium,Medium,Public,Neutral,4,0,High School,Near,0,63,0
35,86,-1.0,1,0,8,59,1,1,2,Low,Low,Public,Positive,2,0,College,Moderate,0,70,1
20,67,-1.0,0,1,7,98,1,1,1,Medium,Medium,Public,Neutral,4,0,College,Near,1,64,0
12,62,-1.0,2,1,7,63,2,1,1,High,Medium,Public,Neutral,4,0,High School,Near,0,62,0
19,65,-1.0,2,1,5,74,1,1,1,Low,Medium,Private,Positive,3,0,High School,Near,0,66,0
23,97,-1.0,0,1,9,94,2,1,2,Low,Medium,Public,Positive,3,0,High School,Moderate,1,73,1
30,82,-1.0,2,1,7,71,1,1,3,Low,High,Public,Neutral,3,0,Postgraduate,Far,0,72,1
16,92,-1.0,1,1,7,76,2,0,0,High,Medium,Private,Neutral,2,0,Postgraduate,Far,1,68,1
11,73,-1.0,2,0,5,58,1,0,0,Medium,Medium,Private,Positive,4,0,College,Near,1,62,0
25,84,-1.0,0,0,8,64,1,1,2,Low,Medium,Private,Neutral,4,0,High School,Near,1,67,1
12,80,-1.0,0,0,6,75,1,1,1,Low,High,Public,Negative,4,0,High School,Moderate,1,62,0
17,98,-1.0,2,0,6,68,1,1,2,Medium,Medium,Public,Positive,3,0,High School,Near,1,72,1
18,90,-1.0,2,0,7,52,2,1,2,Medium,High,Public,Negative,2,0,High School,Near,1,67,1
20,89,-1.0,1,1,6,70,0,1,1,Low,Medium,Private,Positive,3,0,High School,Moderate,0,68,1
24,62,-1.0,2,1,6,91,1,1,2,Medium,Medium,Public,Neutral,3,0,High School,Moderate,0,65,0
16,82,-1.0,1,0,7,56,0,1,0,High,High,Private,Negative,1,1,High School,Far,0,79,2
18,79,-1.0,0,0,9,51,2,1,2,Medium,Medium,Private,Positive,3,0,High School,Near,1,66,0
20,97,-1.0,1,1,8,56,0,1,1,Low,Medium,Private,Neutral,2,0,High School,Near,0,68,1
21,70,-1.0,0,1,8,84,1,1,1,High,High,Public,Positive,3,1,Postgraduate,Near,1,65,2
21,71,-1.0,2,1,8,90,1,1,3,Low,Medium,Public,Neutral,4,0,High School,Moderate,0,67,0
23,76,-1.0,2,1,6,52,0,1,3,Medium,Medium,Public,Neutral,4,0,College,Moderate,1,67,2
25,70,-1.0,1,1,9,94,1,1,1,Medium,Medium,Public,Neutral,4,0,High School,Moderate,1,67,0
22,65,-1.0,1,1,4,81,2,1,5,Medium,Medium,Public,Positive,4,0,College,Far,0,68,0
23,94,-1.0,2,0,8,76,0,1,3,Medium,Medium,Public,Positive,3,0,High School,Moderate,1,72,1
11,82,-1.0,1,0,8,63,2,1,1,Medium,Medium,Public,Neutral,5,0,High School,Near,1,65,0
20,94,-1.0,1,0,7,69,0,1,0,Low,Medium,Public,Positive,3,1,High School,Moderate,0,65,2
23,93,-1.0,1,1,6,97,0,0,1,Medium,Medium,Public,Positive,2,0,College,Moderate,1,70,1
24,71,-1.0,1,1,7,96,1,1,2,Low,Medium,Public,Negative,2,0,High School,Near,1,67,0
16,82,-1.0,2,1,6,81,1,1,1,Medium,Medium,Private,Neutral,4,0,College,Near,1,68,1
16,63,-1.0,1,0,8,79,1,1,2,Low,High,Public,Positive,3,0,College,Moderate,1,63,0
17,97,-1.0,1,1,8,61,0,1,2,Low,Medium,Public,Neutral,2,0,High School,Near,1,68,1
23,76,-1.0,2,1,8,98,1,1,0,Medium,Low,Public,Neutral,2,0,Postgraduate,Moderate,0,69,0
26,76,-1.0,0,1,8,88,0,1,2,Low,Low,Public,Positive,4,0,High School,Near,1,66,2
18,72,-1.0,1,1,8,69,2,0,2,High,Medium,Public,Neutral,4,1,High School,Far,0,64,0
25,78,-1.0,0,1,8,91,1,1,3,Low,Medium,Public,Negative,4,0,High School,Near,1,69,0
21,70,-1.0,1,0,6,61,1,1,1,Low,Medium,Public,Neutral,3,0,High School,Near,1,62,0
19,75,-1.0,2,1,5,61,2,1,0,Medium,Medium,Public,Negative,3,0,High School,Near,0,65,0
19,92,-1.0,1,1,7,90,1,1,1,Low,High,Public,Positive,2,0,High School,Near,0,70,1
24,93,-1.0,2,1,8,78,1,1,1,High,Medium,Public,Neutral,4,0,High School,Near,0,72,1
22,72,-1.0,1,0,5,78,2,1,1,Low,High,Public,Positive,3,0,High School,Near,0,66,0
34,79,-1.0,0,1,7,79,0,1,3,Medium,High,Private,Negative,2,1,High School,Moderate,1,70,2
15,95,-1.0,1,0,9,56,1,0,3,Low,High,Public,Positive,1,0,High School,Near,1,67,1
23,62,-1.0,2,1,7,67,0,1,1,Low,Medium,Public,Negative,4,0,Postgraduate,Moderate,0,65,2
17,96,-1.0,0,1,9,79,0,0,3,Medium,Medium,Private,Neutral,2,0,Postgraduate,Moderate,1,68,1
15,69,-1.0,1,1,9,62,0,1,2,Medium,High,Public,Neutral,3,0,High School,Moderate,1,62,2
20,87,-1.0,1,1,7,75,2,1,1,Low,Medium,Public,Negative,3,0,Postgraduate,Near,1,68,1
21,83,-1.0,1,0,6,78,1,1,2,High,High,Public,Positive,3,1,High School,Near,0,69,2
38,82,-1.0,0,0,6,97,0,1,2,Low,Medium,Private,Negative,3,0,College,Near,1,72,2
19,94,-1.0,1,0,7,62,1,1,0,Medium,Medium,Public,Negative,3,1,High School,Moderate,1,65,2
13,64,-1.0,2,1,5,72,1,1,2,Medium,Medium,Private,Neutral,2,0,Postgraduate,Moderate,1,63,0
22,74,-1.0,2,1,5,99,1,1,0,Low,Medium,Public,Neutral,2,0,College,Near,0,68,0
8,82,-1.0,0,0,4,59,1,1,1,Medium,Medium,Public,Neutral,2,0,College,Near,1,62,1
19,92,-1.0,1,1,7,89,1,0,0,Low,High,Private,Neutral,2,0,Postgraduate,Near,1,69,1
20,69,-1.0,0,0,10,59,1,1,2,High,High,Public,Positive,4,0,High School,Near,0,65,0
25,92,-1.0,1,0,4,93,2,1,3,High,Medium,Public,Neutral,2,0,High School,Near,0,74,1
26,76,-1.0,0,1,7,74,1,1,4,Medium,High,Public,Positive,3,0,High School,Moderate,0,70,0
17,68,-1.0,0,1,7,99,2,1,2,Medium,Medium,Public,Positive,3,0,High School,Near,0,65,0
19,90,-1.0,2,0,7,59,0,1,3,High,Medium,Public,Neutral,3,0,College,Moderate,1,70,1
15,64,-1.0,0,1,9,84,0,1,0,Medium,Medium,Public,Neutral,3,0,College,Far,1,59,2
13,81,-1.0,1,1,6,85,0,1,1,Low,Medium,Private,Neutral,3,0,High School,Moderate,1,63,2
22,63,-1.0,2,1,4,86,0,1,0,Low,High,Public,Neutral,4,0,College,Near,0,64,2
12,74,-1.0,2,1,6,55,2,1,0,Medium,Low,Public,Positive,3,0,Postgraduate,Near,1,63,0
18,84,-1.0,0,0,6,64,1,1,2,Low,High,Public,Positive,2,0,High School,Near,0,67,1
14,82,-1.0,1,1,4,67,1,1,1,High,Medium,Public,Neutral,4,0,High School,Moderate,0,65,1
23,76,-1.0,1,0,7,66,1,1,2,Medium,Medium,Public,Neutral,3,0,College,Near,1,67,0
31,77,-1.0,1,0,5,84,1,1,2,High,High,Public,Positive,5,0,College,Near,1,73,0
12,69,-1.0,2,1,7,53,0,1,2,Low,High,Public,Neutral,3,0,College,Near,1,64,2
9,78,-1.0,2,0,6,87,1,1,0,Medium,High,Private,Positive,3,0,Postgraduate,Near,1,65,0
19,98,-1.0,2,1,5,76,1,1,2,Medium,Medium,Private,Positive,3,0,High School,Moderate,1,72,1
20,94,-1.0,1,0,8,59,2,1,3,Medium,Medium,Public,Positive,4,0,High School,Near,0,72,1
21,66,-1.0,1,0,7,61,1,1,2,High,High,Public,Neutral,2,0,College,Near,1,66,0
17,61,-1.0,1,1,7,55,2,1,1,Medium,Medium,Private,Negative,2,1,College,Near,1,62,0
19,97,-1.0,1,0,8,73,1,1,2,Medium,Medium,Private,Negative,1,0,College,Near,1,68,1
22,81,-1.0,0,1,7,80,0,1,1,Medium,Medium,Public,Positive,3,0,College,Moderate,0,67,2
26,82,-1.0,0,0,7,79,1,1,1,Medium,Medium,Public,Positive,2,1,Postgraduate,Near,0,69,2
8,91,-1.0,0,0,6,98,1,1,1,Medium,Medium,Private,Positive,3,0,High School,Near,0,67,1
18,73,-1.0,1,0,5,65,1,1,1,Low,High,Public,Negative,3,0,College,Moderate,0,63,0
21,79,-1.0,1,1,7,88,0,1,0,Low,Medium,Private,Negative,4,0,High School,Moderate,1,65,2
14,99,-1.0,1,0,6,86,0,1,2,High,High,Private,Negative,4,0,College,Near,1,71,1
30,87,-1.0,1,0,8,53,0,1,1,Low,High,Private,Neutral,1,0,Postgraduate,Near,1,70,1
16,66,-1.0,1,1,7,97,1,1,5,Low,High,Public,Positive,3,0,Postgraduate,Near,1,68,0
20,65,-1.0,1,1,8,97,2,1,0,Low,Medium,Public,Negative,3,0,College,Near,0,65,0
23,68,-1.0,2,1,6,70,1,1,4,Medium,Medium,Public,Positive,2,0,High School,Near,1,68,0
16,91,-1.0,1,1,5,71,1,1,2,High,Medium,Public,Negative,3,0,College,Near,1,69,1
9,72,-1.0,2,1,10,91,1,0,1,High,Medium,Public,Neutral,2,0,High School,Far,0,62,0
17,61,-1.0,2,1,7,75,1,0,2,Medium,High,Public,Negative,4,0,College,Near,0,62,0
26,98,-1.0,0,0,8,90,0,1,1,High,Low,Public,Positive,2,1,Postgraduate,Moderate,0,72,2
18,67,-1.0,1,0,5,52,2,1,0,Medium,Medium,Private,Neutral,4,0,Postgraduate,Moderate,1,64,0
15,60,-1.0,1,0,7,63,0,1,0,Low,High,Public,Positive,1,1,High School,Far,0,58,2
26,69,-1.0,1,0,9,55,0,1,1,Low,Medium,Public,Neutral,3,0,College,Near,1,66,2
18,69,-1.0,0,1,5,73,0,1,1,Low,High,Public,Positive,4,0,Postgraduate,Moderate,1,64,2
17,77,-1.0,2,1,10,93,0,1,3,High,High,Private,Positive,1,0,College,Far,0,68,2
21,97,-1.0,0,0,7,78,1,1,0,High,Medium,Public,Neutral,3,0,Postgraduate,Near,0,69,1
25,95,-1.0,2,0,6,76,1,1,1,Low,Medium,Public,Positive,5,0,High School,Near,1,71,1
34,78,-1.0,2,1,8,68,1,1,1,Medium,Medium,Public,Negative,2,0,College,Near,1,71,0
25,76,-1.0,1,1,9,53,1,1,0,High,High,Private,Positive,3,0,High School,Moderate,1,67,0
27,82,-1.0,0,1,6,88,1,1,2,High,High,Private,Neutral,3,0,High School,Near,1,71,1
17,70,-1.0,1,1,6,79,0,1,2,Medium,Medium,Public,Positive,3,0,High School,Near,0,64,2
14,62,-1.0,1,1,7,97,2,1,0,Medium,Medium,Public,Positive,1,0,High School,Moderate,1,62,0
20,98,-1.0,1,0,8,72,1,1,1,High,Medium,Public,Negative,4,0,High School,Near,0,70,1
21,67,-1.0,2,0,7,70,0,1,2,Low,Medium,Private,Negative,2,0,Postgraduate,Moderate,0,63,2
14,68,-1.0,1,1,8,99,2,1,0,High,Medium,Public,Positive,3,0,High School,Near,0,66,0
19,79,-1.0,1,1,8,57,0,1,2,Low,Low,Public,Positive,3,0,High School,Moderate,1,65,2
22,80,-1.0,2,0,7,63,1,1,1,High,Medium,Public,Positive,3,0,College,Near,1,69,0
22,61,-1.0,0,1,6,74,1,1,1,Low,Medium,Public,Negative,3,0,High School,Near,1,63,0
23,66,-1.0,1,0,7,76,0,1,1,High,Medium,Public,Neutral,2,0,College,Moderate,1,64,2
22,75,-1.0,1,1,10,77,2,1,2,Low,Low,Public,Neutral,2,0,High School,Near,1,66,0
17,87,-1.0,1,1,7,61,1,1,4,High,Medium,Public,Negative,3,1,High School,Near,0,67,2
17,69,-1.0,2,1,9,96,1,1,2,Low,Medium,Public,Negative,3,0,College,Far,1,66,0
13,77,-1.0,2,0,6,85,0,1,2,Low,Medium,Public,Neutral,4,0,Postgraduate,Near,0,65,2
31,82,-1.0,1,1,7,63,1,0,2,High,Medium,Private,Positive,2,0,Postgraduate,Moderate,1,72,1
20,96,-1.0,1,1,8,65,2,1,0,Medium,Low,Public,Neutral,2,0,High School,Near,0,70,1
19,73,-1.0,1,1,9,94,1,1,1,High,Low,Public,Positive,1,0,College,Near,0,67,0
14,65,-1.0,2,0,9,69,0,1,4,Medium,Low,Public,Neutral,3,0,College,Near,1,64,2
38,80,-1.0,1,0,5,78,1,1,1,Low,Medium,Public,Positive,4,0,College,Far,0,72,0
14,90,-1.0,1,1,9,56,1,1,0,Low,Medium,Public,Neutral,4,0,High School,Near,0,65,1
17,64,-1.0,0,1,10,63,1,1,0,High,Medium,Public,Positive,3,0,High School,Moderate,0,62,0
22,77,-1.0,2,0,6,71,2,1,3,Low,Medium,Public,Negative,4,0,High School,Far,0,67,0
24,61,-1.0,1,0,6,83,2,1,0,Medium,Medium,Public,Positive,3,1,High School,Near,1,64,0
26,61,-1.0,1,0,7,64,0,1,0,Medium,Medium,Private,Negative,3,0,Postgraduate,Near,1,63,2
31,79,-1.0,2,0,7,98,1,1,1,Medium,High,Public,Neutral,2,0,College,Moderate,1,72,0
23,72,-1.0,1,0,6,61,2,1,1,High,Medium,Public,Positive,5,0,High School,Near,1,66,0
14,94,-1.0,1,1,5,89,1,1,0,Medium,Medium,Public,Positive,1,0,Postgraduate,Near,0,70,1
18,84,-1.0,0,1,9,68,0,1,0,Medium,High,Private,Negative,2,0,Postgraduate,Near,0,66,2
22,78,-1.0,2,0,6,92,0,1,1,High,High,Public,Positive,3,0,High School,Moderate,1,70,2
32,76,-1.0,0,1,6,96,0,1,0,Low,High,Public,Neutral,2,0,High School,Moderate,0,67,2
12,80,-1.0,1,1,7,59,2,1,1,Low,High,Public,Positive,2,0,High School,Near,0,64,0
27,62,-1.0,1,0,5,75,1,1,2,Medium,High,Public,Positive,2,0,High School,Near,1,67,0
21,96,-1.0,2,1,5,58,1,1,0,High,High,Public,Neutral,4,0,College,Far,1,72,1
25,100,-1.0,0,0,6,85,0,1,1,Medium,Medium,Public,Positive,3,0,High School,Near,1,72,1
19,67,-1.0,1,1,8,92,0,1,2,High,Medium,Public,Neutral,5,0,Postgraduate,Moderate,0,68,2
15,65,-1.0,1,1,7,69,1,1,1,High,Medium,Public,Neutral,3,0,Postgraduate,Near,0,64,0
25,66,-1.0,1,1,4,70,1,0,1,High,Medium,Public,Positive,3,0,High School,Moderate,1,66,0
24,86,-1.0,2,0,9,60,1,1,0,Low,High,Private,Positive,3,0,College,Far,1,68,1
26,86,-1.0,0,0,8,65,0,1,0,Low,High,Public,Neutral,4,0,High School,Near,0,66,2
20,94,-1.0,2,1,7,66,2,1,1,Low,High,Private,Positive,1,0,High School,Near,0,70,1
16,90,-1.0,2,1,7,58,2,1,1,Low,Medium,Public,Neutral,4,0,Postgraduate,Near,0,70,1
11,78,-1.0,2,1,8,65,1,1,0,Medium,Medium,Private,Neutral,2,0,High School,Near,0,62,0
25,85,-1.0,1,1,10,95,1,1,0,Medium,Low,Public,Positive,1,0,College,Near,1,69,1
23,88,-1.0,1,1,8,66,0,1,2,Medium,High,Private,Positive,2,0,College,Moderate,1,69,1
14,81,-1.0,1,1,7,64,1,1,2,Medium,Medium,Public,Positive,4,1,College,Near,1,66,2
17,79,-1.0,2,0,5,69,1,1,4,Low,Medium,Public,Negative,3,0,Postgraduate,Near,0,68,1
17,86,-1.0,2,0,7,98,1,1,2,Low,High,Public,Positive,5,0,Postgraduate,Moderate,1,71,1
11,82,-1.0,1,1,8,88,1,0,1,Low,Medium,Private,Negative,2,0,Postgraduate,Moderate,0,64,1
15,86,-1.0,2,0,7,60,1,1,2,Medium,Medium,Public,Positive,3,0,College,Near,1,67,1
13,85,-1.0,2,1,6,88,1,1,2,Medium,High,Public,Positive,3,0,High School,Moderate,0,68,1
18,89,-1.0,2,1,8,88,0,1,0,High,High,Public,Negative,1,0,High School,Moderate,1,67,1
16,86,-1.0,1,0,6,98,2,1,1,Low,Medium,Public,Neutral,3,0,Postgraduate,Near,1,68,0
10,81,-1.0,2,1,8,95,1,1,5,Low,High,Public,Positive,3,0,High School,Near,0,69,1
32,87,-1.0,2,1,6,55,1,1,0,Low,High,Public,Neutral,3,0,High School,Near,1,71,1
28,78,-1.0,0,1,4,73,0,0,3,Low,Medium,Private,Positive,4,0,High School,Moderate,0,68,2
15,70,-1.0,2,0,6,85,2,1,0,Low,Medium,Private,Positive,2,0,College,Moderate,1,65,0
22,60,-1.0,1,0,7,99,1,1,1,Low,High,Public,Neutral,3,0,College,Moderate,1,63,0
23,82,-1.0,1,1,8,54,1,1,0,Medium,High,Public,Negative,1,0,High School,Near,0,65,1
27,84,-1.0,2,0,8,68,0,1,3,Low,High,Private,Positive,2,1,Postgraduate,Near,0,72,2
15,99,-1.0,1,1,5,75,0,1,2,Medium,Low,Public,Neutral,1,0,College,Moderate,1,67,1
27,74,-1.0,2,0,7,71,1,1,1,Medium,Medium,Public,Positive,3,0,High School,Near,0,69,0
17,76,-1.0,1,0,6,73,1,1,3,Low,High,Private,Neutral,3,0,Postgraduate,Near,1,67,0
12,68,-1.0,1,1,6,68,0,1,2,Medium,Medium,Public,Positive,4,0,College,Near,1,64,2
24,63,-1.0,0,0,6,99,0,0,0,Low,Medium,Public,Positive,3,0,High School,Moderate,0,62,2
28,91,-1.0,1,0,7,90,1,1,2,High,Low,Private,Neutral,3,0,High School,Near,1,71,1
36,70,-1.0,2,0,10,87,1,1,2,Low,Medium,Public,Positive,3,0,High School,Near,1,70,0
13,84,-1.0,1,0,10,71,0,1,1,Medium,High,Public,Neutral,3,0,College,Moderate,1,64,2
24,88,-1.0,1,1,6,94,1,1,0,Low,Medium,Private,Negative,2,0,Postgraduate,Moderate,1,69,1
18,79,-1.0,1,1,7,55,1,1,1,Low,High,Public,Positive,3,0,High School,Moderate,0,65,0
25,95,-1.0,2,1,7,57,1,1,2,High,Medium,Private,Negative,2,0,College,Moderate,0,73,1
11,78,-1.0,0,1,7,98,0,1,2,Medium,Medium,Public,Neutral,3,0,High School,Near,0,64,2
12,71,-1.0,2,1,8,78,0,1,2,Medium,Medium,Public,Negative,2,0,Postgraduate,Near,0,64,2
15,96,-1.0,1,1,7,58,1,1,3,Medium,Medium,Public,Neutral,4,0,Postgraduate,Moderate,1,70,1
20,94,-1.0,0,1,6,97,0,1,2,Medium,Medium,Public,Positive,5,0,College,Near,1,70,1
16,67,-1.0,2,0,9,99,1,1,2,Medium,Medium,Public,Neutral,2,1,High School,Moderate,1,64,2
24,61,-1.0,1,0,5,94,1,1,3,Medium,High,Private,Neutral,2,1,College,Moderate,0,64,2
26,64,-1.0,1,1,7,62,2,1,3,Medium,High,Private,Negative,2,0,High School,Near,1,66,0
24,71,-1.0,2,1,5,64,1,1,1,Medium,Medium,Public,Neutral,3,0,College,Near,1,66,0
30,99,-1.0,1,1,5,70,0,1,2,Medium,Medium,Public,Neutral,4,0,High School,Near,0,74,1
22,82,-1.0,2,0,8,79,1,0,2,Medium,Medium,Public,Negative,1,0,College,Near,0,69,1
13,75,-1.0,2,1,6,100,2,1,1,Medium,Medium,Public,Positive,3,0,Postgraduate,Near,1,67,0
28,96,-1.0,1,0,4,98,2,1,5,Low,Medium,Public,Neutral,5,1,High School,Far,1,73,1
16,78,-1.0,1,0,6,96,2,1,0,Medium,Medium,Public,Positive,1,0,Postgraduate,Near,0,66,0
25,73,-1.0,1,0,6,54,2,1,2,Medium,Medium,Public,Neutral,4,0,High School,Moderate,0,67,0
29,98,-1.0,2,1,5,88,0,1,3,Low,Medium,Public,Neutral,2,0,College,Near,1,75,1
23,94,-1.0,2,1,8,94,0,1,2,Medium,High,Public,Positive,2,0,High School,Near,1,73,1
11,94,-1.0,1,0,5,67,1,1,2,High,Medium,Public,Neutral,5,0,High School,Near,0,67,1
14,80,-1.0,0,1,6,61,1,1,0,Medium,High,Public,Neutral,4,0,College,Moderate,0,65,0
28,92,-1.0,1,1,7,87,0,1,1,Low,Low,Public,Positive,1,0,High School,Near,0,71,1
19,67,-1.0,1,1,6,55,0,1,1,Medium,Medium,Public,Neutral,4,0,High School,Near,1,63,2
20,83,-1.0,0,1,6,97,2,1,2,Low,High,Public,Neutral,4,0,High School,Moderate,0,68,0
25,99,-1.0,2,0,6,58,2,1,0,Medium,Medium,Private,Positive,4,0,High School,Near,1,72,1
24,72,-1.0,2,1,5,73,0,1,2,Medium,High,Public,Positive,2,0,High School,Near,1,67,2
22,92,-1.0,2,0,6,99,0,1,1,Medium,Medium,Public,Negative,4,0,College,Near,0,71,1
19,80,-1.0,0,0,8,99,2,1,1,Low,Medium,Public,Positive,4,0,Postgraduate,Near,1,67,0
18,62,-1.0,2,1,6,89,1,1,0,High,High,Private,Positive,3,0,Postgraduate,Near,0,66,0
25,91,-1.0,2,0,7,92,1,1,3,Low,Medium,Public,Negative,5,0,High School,Near,1,72,1
23,67,-1.0,0,0,9,98,1,1,2,Low,High,Public,Negative,0,0,College,Near,0,64,0
18,85,-1.0,1,0,8,96,1,1,0,High,High,Public,Negative,3,0,College,Moderate,1,68,1
26,63,-1.0,2,0,5,81,1,1,0,Low,Medium,Public,Negative,2,0,High School,Moderate,0,65,0
19,98,-1.0,2,1,8,87,2,1,1,Medium,Medium,Private,Positive,4,0,Postgraduate,Moderate,1,74,1
15,72,-1.0,0,1,9,80,1,1,4,Medium,High,Private,Neutral,4,0,College,Moderate,0,65,0
15,69,-1.0,0,1,6,75,1,0,2,Low,High,Public,Positive,2,0,High School,Near,0,63,0
14,65,-1.0,1,1,5,94,1,1,5,Low,Medium,Private,Negative,3,0,Postgraduate,Moderate,1,65,0
18,98,-1.0,2,1,6,87,1,1,0,Medium,Medium,Public,Neutral,1,0,High School,Near,1,70,1
27,88,-1.0,2,1,7,93,1,1,0,Low,Medium,Public,Neutral,4,0,High School,Moderate,1,71,1
15,90,-1.0,1,1,8,55,1,1,1,Low,Medium,Public,Neutral,1,0,College,Near,0,66,1
21,80,-1.0,1,1,6,79,0,1,2,Medium,High,Public,Positive,3,0,College,Near,1,69,2
16,79,-1.0,2,1,4,66,2,1,2,Medium,Medium,Public,Neutral,2,0,College,Moderate,1,67,0
18,64,-1.0,2,1,5,76,0,1,1,Low,Medium,Public,Positive,4,0,High School,Moderate,1,64,2
11,82,-1.0,2,0,8,81,2,1,2,Low,High,Public,Positive,2,0,High School,Moderate,0,67,0
19,70,-1.0,2,1,10,92,1,1,1,Low,High,Public,Positive,4,0,High School,Near,1,67,0
19,99,-1.0,1,0,7,52,1,1,1,Medium,Medium,Public,Neutral,4,0,High School,Near,1,70,1
23,92,-1.0,2,0,9,58,1,1,2,Low,Medium,Private,Neutral,1,0,Postgraduate,Near,0,71,1
21,77,-1.0,0,1,5,96,2,1,2,Low,High,Private,Neutral,5,0,High School,Near,0,68,0
13,66,-1.0,2,0,6,98,0,1,1,High,High,Public,Positive,2,0,High School,Near,1,65,2
27,91,-1.0,1,0,4,53,1,1,1,Low,Medium,Private,Positive,3,0,Postgraduate,Near,0,70,1
21,65,-1.0,2,1,8,67,0,0,1,Low,Medium,Public,Positive,4,0,High School,Near,0,64,2
21,68,-1.0,2,1,6,50,2,1,3,Medium,Low,Private,Neutral,4,0,High School,Near,1,67,0
20,68,-1.0,0,0,8,88,1,1,5,Low,Low,Private,Neutral,3,0,High School,Moderate,1,63,0
17,82,-1.0,0,1,6,84,2,1,2,Low,Low,Public,Negative,3,0,High School,Moderate,0,65,0
21,91,-1.0,1,1,10,78,2,1,2,Low,High,Public,Negative,2,0,High School,Near,1,70,1
23,73,-1.0,2,0,10,85,1,1,1,Low,Medium,Public,Neutral,3,0,College,Near,1,67,0
10,63,-1.0,2,0,4,77,0,0,3,Low,Medium,Private,Neutral,3,0,High School,Near,1,60,2
17,79,-1.0,2,0,8,62,0,1,1,Low,Medium,Public,Neutral,3,0,High School,Near,0,64,2
18,90,-1.0,1,0,6,88,0,1,1,Medium,Medium,Private,Negative,1,0,High School,Moderate,0,65,1
22,69,-1.0,1,0,8,89,0,0,0,Low,High,Public,Positive,5,0,High School,Moderate,0,64,2
27,69,-1.0,0,1,5,93,1,1,1,Medium,Medium,Public,Positive,4,0,College,Moderate,1,67,0
15,98,-1.0,1,1,9,98,2,1,0,Medium,Medium,Private,Positive,3,0,High School,Near,0,71,1
17,98,-1.0,1,0,9,87,0,1,0,High,Medium,Private,Positive,3,0,High School,Moderate,0,69,1
17,100,-1.0,2,1,5,53,0,1,1,Medium,High,Public,Positive,4,0,High School,Near,1,70,1
15,92,-1.0,1,1,7,51,1,1,1,High,High,Public,Positive,3,0,College,Near,0,69,1
18,68,-1.0,2,1,7,87,2,1,3,Medium,Medium,Public,Positive,4,0,High School,Near,1,69,0
25,68,-1.0,1,1,8,53,0,1,2,Medium,Medium,Public,Neutral,3,0,College,Moderate,0,64,2
14,74,-1.0,1,1,7,66,1,1,0,Medium,High,Private,Negative,3,0,Postgraduate,Near,1,63,0
23,73,-1.0,1,0,8,57,1,1,3,Medium,Medium,Public,Positive,2,0,College,Near,1,67,0
10,98,-1.0,1,0,7,98,0,0,0,Medium,Medium,Public,Neutral,3,0,College,Moderate,0,66,1
17,92,-1.0,2,1,8,66,1,1,2,Low,Medium,Public,Positive,3,0,High School,Near,0,69,1
18,89,-1.0,1,0,5,53,1,1,5,Low,High,Private,Neutral,4,0,College,Near,1,69,1
30,67,-1.0,1,0,7,97,2,1,2,High,Medium,Public,Neutral,3,1,College,Near,1,69,0
18,96,-1.0,2,1,9,80,2,1,1,Low,Medium,Public,Positive,3,0,College,Near,1,72,1
7,93,-1.0,2,1,9,52,2,1,1,Medium,Low,Private,Negative,3,0,High School,Moderate,0,65,1
8,67,-1.0,1,1,7,92,1,1,0,High,High,Private,Positive,2,0,College,Near,1,63,0
20,95,-1.0,1,0,7,58,0,1,1,Low,High,Public,Neutral,4,0,College,Near,1,69,1
24,71,-1.0,1,1,9,90,0,1,3,Medium,High,Private,Neutral,3,0,College,Near,1,69,2
22,63,-1.0,0,1,7,80,1,1,2,High,High,Private,Negative,2,0,College,Moderate,0,64,0
21,86,-1.0,0,1,9,59,2,1,2,Medium,High,Private,Positive,3,0,College,Near,1,69,0
27,86,-1.0,2,0,7,88,1,1,1,Medium,Medium,Private,Neutral,3,0,Postgraduate,Moderate,1,72,1
17,64,-1.0,0,0,7,73,2,1,1,Low,Medium,Public,Neutral,4,0,College,Near,1,62,0
25,73,-1.0,1,1,5,82,0,0,1,Medium,Medium,Private,Positive,3,1,High School,Near,1,66,2
10,100,-1.0,1,0,5,93,0,1,2,Medium,Low,Public,Neutral,1,0,High School,Far,0,65,1
15,87,-1.0,2,1,8,63,1,1,0,High,Medium,Public,Neutral,3,0,College,Near,0,69,1
9,89,-1.0,0,0,10,68,2,1,1,High,High,Public,Negative,3,0,High School,Near,0,65,1
18,69,-1.0,1,1,7,100,1,1,3,Medium,High,Public,Negative,2,0,High School,Near,1,67,0
20,63,-1.0,1,1,7,75,0,1,2,Medium,High,Public,Neutral,2,0,High School,Near,0,63,2
21,71,-1.0,1,0,9,78,0,1,2,Medium,Medium,Public,Neutral,4,0,High School,Near,1,66,2
20,70,-1.0,1,0,8,64,0,1,0,Low,Low,Private,Positive,3,0,High School,Far,1,61,2
14,69,-1.0,1,1,4,71,1,1,1,Medium,Medium,Public,Positive,4,0,High School,Far,0,64,0
19,68,-1.0,0,1,8,75,0,1,1,Medium,Medium,Private,Neutral,4,0,Postgraduate,Near,1,64,2
11,83,-1.0,1,1,5,63,1,1,2,Low,Medium,Public,Neutral,3,0,College,Near,1,65,1
28,73,-1.0,0,0,7,62,1,1,3,High,Medium,Public,Neutral,3,0,Postgraduate,Moderate,0,68,0
18,93,-1.0,2,1,6,80,1,1,1,Medium,Medium,Private,Negative,3,0,High School,Near,1,69,1
17,67,-1.0,1,0,6,59,1,1,0,Medium,Medium,Public,Negative,3,0,High School,Near,0,61,0
30,79,-1.0,2,0,7,78,1,0,3,High,High,Private,Positive,2,0,Postgraduate,Moderate,0,72,0
13,61,-1.0,0,1,8,85,1,1,4,Low,Medium,Private,Neutral,3,0,College,Moderate,1,61,0
13,79,-1.0,2,0,7,60,1,1,1,Low,High,Private,Neutral,4,0,College,Moderate,1,66,0
13,62,-1.0,1,1,9,87,1,1,1,Low,Medium,Public,Negative,1,0,College,Moderate,1,60,0
20,99,-1.0,0,0,9,68,0,1,1,Low,High,Public,Positive,3,0,Postgraduate,Far,1,69,1
23,92,-1.0,2,0,9,100,1,1,1,High,High,Public,Neutral,2,1,College,Near,1,72,2
24,80,-1.0,2,1,7,99,0,1,2,Medium,Medium,Public,Negative,2,0,High School,Moderate,0,69,2
35,63,-1.0,2,1,6,90,0,1,0,Medium,Medium,Public,Positive,3,0,College,Near,1,71,2
7,84,-1.0,2,0,7,67,1,1,1,Medium,Medium,Private,Neutral,3,0,College,Near,1,64,1
24,90,-1.0,0,1,9,97,2,1,3,Low,Medium,Public,Positive,4,0,High School,Near,1,71,1
17,68,-1.0,1,1,9,100,2,1,1,Medium,High,Public,Negative,3,0,High School,Moderate,1,64,0
16,83,-1.0,1,1,4,73,2,1,3,Low,Low,Public,Negative,3,0,College,Near,0,67,0
16,93,-1.0,0,1,7,81,1,1,2,Low,Medium,Private,Negative,3,1,Postgraduate,Moderate,1,67,2
15,91,-1.0,2,1,4,50,2,1,1,Medium,Medium,Public,Neutral,3,0,High School,Moderate,0,66,1
30,92,-1.0,1,1,7,52,1,1,3,High,Medium,Private,Positive,4,0,College,Near,1,73,1
25,95,-1.0,2,1,6,75,1,1,1,Medium,Medium,Private,Positive,4,0,High School,Moderate,1,73,1
20,98,-1.0,1,0,6,80,1,1,0,Medium,Medium,Public,Positive,2,0,College,Moderate,1,70,1
28,76,-1.0,1,1,8,66,1,1,5,High,Low,Public,Positive,4,0,College,Moderate,1,70,0
11,83,-1.0,0,1,6,55,0,1,0,Low,Medium,Public,Positive,4,1,Postgraduate,Near,0,62,2
12,92,-1.0,0,1,7,89,1,1,1,Medium,High,Private,Neutral,2,0,Postgraduate,Moderate,1,68,1
7,88,-1.0,2,1,6,71,1,1,0,Low,Medium,Public,Positive,3,0,High School,Moderate,0,65,1
16,100,-1.0,2,1,7,82,1,1,2,High,Medium,Public,Positive,2,0,High School,Near,1,73,1
21,61,-1.0,1,1,8,83,2,0,1,Low,Medium,Private,Neutral,3,0,College,Near,0,65,0
21,74,-1.0,2,1,6,77,2,0,0,Medium,Medium,Public,Neutral,3,0,College,Near,1,66,0
21,71,-1.0,1,1,8,59,1,1,3,Low,Medium,Public,Neutral,3,0,College,Moderate,1,64,0
12,70,-1.0,2,0,7,81,2,1,0,Low,Medium,Public,Positive,3,0,High School,Near,1,63,0
25,69,-1.0,1,0,7,66,1,0,0,Low,Low,Public,Neutral,3,1,College,Near,1,62,2
21,88,-1.0,1,1,6,91,0,1,0,Low,Medium,Private,Neutral,4,0,Postgraduate,Moderate,0,70,1
24,63,-1.0,1,0,8,60,1,1,3,High,Medium,Public,Neutral,3,0,High School,Near,1,65,0
9,90,-1.0,1,1,8,65,1,1,0,Medium,Medium,Private,Neutral,5,0,High School,Far,1,64,1
22,88,-1.0,1,0,7,72,0,1,4,High,Medium,Public,Negative,2,0,Postgraduate,Near,1,70,1
13,70,-1.0,1,0,7,87,1,1,1,Low,Low,Public,Neutral,5,0,High School,Near,1,62,0
18,70,-1.0,1,0,8,86,1,1,5,High,Medium,Public,Positive,2,0,High School,Near,0,67,0
23,85,-1.0,0,0,8,67,0,1,1,Medium,Medium,Private,Neutral,3,0,Postgraduate,Far,0,66,2
21,90,-1.0,2,1,7,76,2,1,2,High,High,Public,Positive,3,0,College,Moderate,0,74,1
15,95,-1.0,2,1,9,62,1,1,2,Medium,Medium,Public,Positive,3,0,High School,Far,1,69,1
20,94,-1.0,2,1,8,89,0,1,0,Medium,Medium,Public,Positive,4,1,High School,Moderate,0,70,2
11,99,-1.0,1,0,10,60,1,1,1,High,Medium,Public,Positive,1,0,College,Near,0,68,1
27,83,-1.0,0,0,5,91,1,1,3,Low,Medium,Public,Neutral,2,0,Postgraduate,Near,1,70,1
19,96,-1.0,1,1,8,97,1,1,3,Medium,Medium,Public,Negative,2,0,High School,Near,1,71,1
27,92,-1.0,0,1,9,100,2,1,2,Medium,High,Public,Positive,0,0,Postgraduate,Moderate,0,73,1
17,96,-1.0,1,0,9,93,0,1,3,Medium,Medium,Private,Neutral,2,0,High School,Far,1,69,1
17,60,-1.0,0,1,7,61,1,1,1,Low,Medium,Public,Positive,4,0,Postgraduate,Near,0,61,0
15,99,-1.0,1,1,5,71,1,1,0,Medium,Medium,Public,Neutral,2,0,College,Moderate,1,68,1
25,79,-1.0,0,1,9,54,1,1,1,Low,Medium,Private,Positive,2,0,Postgraduate,Far,1,66,0
16,92,-1.0,0,1,6,58,0,1,0,High,Medium,Private,Positive,4,0,High School,Near,0,67,1
24,65,-1.0,2,1,7,52,1,1,1,High,Medium,Public,Neutral,1,0,Postgraduate,Moderate,0,64,0
18,76,-1.0,2,1,10,82,2,1,1,Medium,Medium,Private,Negative,4,0,College,Near,1,67,0
8,71,-1.0,1,1,5,77,1,0,0,High,Medium,Public,Neutral,4,0,High School,Moderate,0,61,0
17,72,-1.0,1,0,8,96,2,1,2,Low,High,Public,Neutral,3,0,High School,Near,1,65,0
13,65,-1.0,2,1,6,73,1,1,0,Low,Medium,Private,Positive,3,0,Postgraduate,Near,0,62,0
20,92,-1.0,2,0,6,82,1,1,0,Medium,Medium,Public,Neutral,5,0,High School,Near,0,69,1
13,60,-1.0,2,0,7,70,1,1,1,Medium,Medium,Public,Negative,3,0,College,Far,0,61,0
26,73,-1.0,1,0,8,91,1,1,4,Low,Low,Public,Neutral,5,0,High School,Moderate,1,69,0
19,67,-1.0,0,0,8,96,2,0,1,High,Low,Public,Positive,3,0,College,Near,1,64,0
19,84,-1.0,0,0,9,72,2,1,1,Low,Medium,Public,Positive,3,0,High School,Far,0,65,0
24,70,-1.0,2,0,6,54,0,1,1,High,Medium,Public,Neutral,1,0,High School,Moderate,0,64,2
26,70,-1.0,2,1,5,58,1,1,1,Low,Low,Private,Positive,3,0,Postgraduate,Moderate,1,68,0
20,80,-1.0,1,1,6,86,2,1,1,Low,Medium,Private,Positive,3,0,High School,Near,0,67,0
15,86,-1.0,1,1,8,66,0,1,0,Medium,High,Private,Positive,5,0,College,Near,1,68,2
9,65,-1.0,1,1,7,89,1,1,2,Low,Medium,Public,Positive,4,0,High School,Moderate,1,61,0
16,67,-1.0,2,1,4,87,2,1,5,High,High,Public,Positive,4,0,College,Near,1,69,0
16,70,-1.0,2,1,4,85,2,1,0,Medium,Medium,Private,Neutral,3,0,High School,Near,1,64,0
21,99,-1.0,1,1,7,91,1,0,3,Medium,Medium,Public,Positive,4,0,College,Near,1,74,1
18,76,-1.0,1,0,8,88,0,1,1,Medium,Medium,Public,Neutral,4,0,College,Near,0,66,2
24,84,-1.0,1,0,6,82,1,1,1,Medium,Medium,Public,Negative,2,0,High School,Near,1,68,1
16,70,-1.0,2,1,8,50,2,1,3,High,Medium,Private,Neutral,3,0,Postgraduate,Far,1,65,0
20,80,-1.0,2,1,5,76,1,0,0,Low,Medium,Private,Negative,3,0,College,Near,0,66,1
27,63,-1.0,0,0,7,80,1,0,2,Medium,High,Public,Positive,2,0,High School,Near,0,66,0
22,61,-1.0,0,0,7,98,2,1,3,High,Low,Private,Neutral,2,0,College,Near,0,65,0
20,79,-1.0,1,0,8,83,1,1,3,Low,Medium,Private,Neutral,4,0,College,Moderate,1,67,0
16,76,-1.0,1,1,5,79,1,1,0,Low,High,Public,Positive,4,0,Postgraduate,Moderate,0,65,0
16,65,-1.0,1,0,5,77,1,1,1,High,High,Public,Positive,3,0,High School,Moderate,1,63,0
15,88,-1.0,1,0,8,55,1,1,1,High,High,Private,Neutral,2,0,High School,Near,1,67,1
17,100,-1.0,2,1,5,71,0,1,2,Low,Medium,Public,Neutral,4,0,High School,Near,1,70,1
25,76,-1.0,2,1,6,57,0,0,0,Medium,Medium,Public,Positive,3,0,Postgraduate,Moderate,1,68,2
19,85,-1.0,1,1,9,53,2,1,1,Medium,Medium,Public,Neutral,3,0,College,Far,1,66,0
12,99,-1.0,1,1,7,66,0,1,3,Medium,Low,Private,Negative,1,0,Postgraduate,Moderate,0,67,1
31,93,-1.0,0,0,8,82,0,1,2,High,High,Private,Neutral,1,0,High School,Near,1,72,1
22,79,-1.0,2,1,8,93,1,1,0,Medium,Medium,Private,Negative,2,1,High School,Near,0,68,2
12,89,-1.0,2,0,8,91,1,0,1,Low,High,Public,Neutral,2,0,High School,Near,1,66,1
17,65,-1.0,1,0,7,65,1,1,0,High,Medium,Private,Neutral,4,0,High School,Moderate,1,62,0
21,80,-1.0,0,1,6,52,1,1,1,Low,Medium,Public,Negative,4,0,High School,Near,1,65,0
30,71,-1.0,0,0,10,70,0,1,3,Medium,Medium,Public,Neutral,4,1,High School,Near,0,67,2
13,66,-1.0,1,1,7,66,0,1,3,Medium,Medium,Public,Negative,2,0,College,Near,0,62,2
26,77,-1.0,0,1,7,69,0,1,1,High,Medium,Public,Neutral,3,1,High School,Near,0,66,2
28,65,-1.0,1,0,8,78,2,0,1,High,Medium,Private,Positive,3,0,College,Near,0,67,0
16,88,-1.0,1,1,6,52,1,1,2,High,High,Public,Positive,3,0,High School,Near,0,68,1
18,78,-1.0,1,1,6,69,1,1,1,Medium,Medium,Public,Negative,4,0,Postgraduate,Moderate,0,66,0
14,81,-1.0,2,0,9,78,1,1,0,Medium,Medium,Private,Positive,4,0,College,Near,0,68,0
19,66,-1.0,1,0,6,72,1,1,2,Low,Medium,Public,Negative,5,0,High School,Near,1,62,0
20,66,-1.0,2,0,8,83,1,1,1,Low,Medium,Public,Neutral,2,1,College,Near,1,64,2
24,83,-1.0,0,0,8,59,1,1,1,Low,Medium,Public,Positive,3,0,High School,Near,1,68,1
27,99,-1.0,0,1,7,58,0,1,2,Medium,Medium,Private,Positive,2,0,Postgraduate,Moderate,1,71,1
16,64,-1.0,1,0,7,65,1,1,2,Medium,High,Public,Neutral,4,0,High School,Near,1,63,0
8,71,-1.0,1,0,8,55,2,1,1,Low,High,Public,Positive,2,0,College,Moderate,1,62,0
20,95,-1.0,0,1,7,62,0,1,1,Low,Low,Private,Positive,3,0,College,Near,1,69,1
22,63,-1.0,1,1,4,54,1,1,0,Medium,Medium,Private,Positive,3,0,High School,Moderate,1,62,0
21,95,-1.0,1,1,9,70,1,1,3,High,Medium,Public,Positive,3,0,High School,Near,0,71,1
18,81,-1.0,2,1,6,86,1,1,3,Low,Medium,Public,Positive,4,0,College,Near,1,69,1
21,76,-1.0,1,1,7,64,0,1,1,Medium,High,Private,Positive,2,0,High School,Moderate,1,66,2
29,72,-1.0,1,0,5,50,0,1,0,Low,Medium,Public,Neutral,4,0,High School,Near,0,64,2
22,72,-1.0,2,0,6,78,0,0,1,Low,High,Public,Neutral,3,0,Postgraduate,Near,1,65,2
18,72,-1.0,2,0,6,85,2,1,1,High,High,Private,Positive,1,0,High School,Moderate,1,68,0
17,95,-1.0,1,0,7,70,2,1,1,Low,Medium,Public,Neutral,3,0,High School,Near,1,69,1
19,89,-1.0,1,1,6,65,0,1,2,Low,Medium,Public,Neutral,3,1,Postgraduate,Near,1,68,2
30,87,-1.0,1,1,10,75,0,1,3,Low,Low,Public,Neutral,4,0,College,Near,1,71,2
19,92,-1.0,1,0,7,55,1,1,1,Medium,Medium,Public,Neutral,5,0,High School,Far,1,66,1
20,70,-1.0,0,0,8,82,1,1,2,Low,High,Private,Positive,3,0,High School,Moderate,1,65,0
17,85,-1.0,1,1,7,87,1,1,1,Low,Medium,Private,Neutral,1,0,High School,Near,0,68,1
27,78,-1.0,2,0,8,85,1,1,0,High,Medium,Public,Positive,3,0,College,Near,1,72,0
32,91,-1.0,1,1,4,66,1,1,3,Low,High,Public,Neutral,2,0,Postgraduate,Near,0,75,1
23,72,-1.0,0,1,6,92,0,1,2,High,Medium,Public,Negative,3,0,College,Near,1,67,2
20,86,-1.0,1,0,6,97,0,1,1,Low,Medium,Private,Neutral,2,0,High School,Moderate,1,67,1
20,95,-1.0,1,0,6,65,2,1,2,Low,Medium,Public,Neutral,3,0,College,Near,0,70,1
6,76,-1.0,1,1,8,63,1,1,5,Medium,Medium,Public,Neutral,3,0,College,Near,1,64,0
24,63,-1.0,1,1,8,85,2,1,1,Low,Medium,Private,Positive,3,0,High School,Far,0,65,0
21,81,-1.0,1,1,7,85,1,1,1,Low,High,Public,Negative,3,0,Postgraduate,Moderate,1,68,1
23,74,-1.0,2,0,7,76,1,1,1,Medium,Low,Public,Neutral,2,0,College,Moderate,0,67,0
16,87,-1.0,1,1,10,96,1,0,1,Low,High,Public,Positive,1,0,College,Moderate,1,66,1
18,98,-1.0,1,0,7,57,0,1,0,High,Medium,Private,Neutral,1,0,Postgraduate,Moderate,1,69,1
18,79,-1.0,2,0,4,74,0,1,2,Low,Medium,Public,Negative,1,0,High School,Near,0,64,2
26,79,-1.0,2,1,8,52,2,1,1,Medium,Medium,Public,Negative,3,1,Postgraduate,Near,0,68,0
18,86,-1.0,1,0,8,53,0,1,5,Low,High,Private,Negative,3,0,High School,Near,1,68,1
32,64,-1.0,2,1,9,53,0,0,1,Low,Medium,Private,Positive,3,0,College,Near,0,65,2
23,70,-1.0,1,1,8,75,1,1,0,High,Medium,Public,Positive,2,0,High School,Moderate,1,65,0
12,97,-1.0,1,1,6,79,1,0,1,Medium,Medium,Public,Negative,2,0,High School,Near,1,65,1
19,87,-1.0,1,0,8,50,0,1,0,High,High,Public,Neutral,2,0,High School,Near,0,67,1
16,61,-1.0,1,1,7,82,1,1,2,Low,Medium,Public,Negative,3,0,High School,Near,0,63,0
7,68,-1.0,1,0,9,74,1,1,1,Low,High,Public,Positive,3,0,High School,Near,0,62,0
30,87,-1.0,1,1,9,61,2,1,2,Medium,High,Private,Neutral,4,0,High School,Moderate,1,73,0
24,91,-1.0,2,1,7,51,2,1,2,Medium,Medium,Public,Neutral,3,0,High School,Moderate,1,72,1
23,94,-1.0,1,0,8,58,2,1,5,Low,Low,Public,Neutral,6,0,High School,Near,0,71,1
21,72,-1.0,1,0,9,80,2,1,3,Low,Medium,Public,Neutral,4,0,High School,Near,1,67,0
12,97,-1.0,0,1,7,83,1,1,0,Low,Medium,Public,Neutral,2,0,College,Moderate,1,66,1
17,82,-1.0,2,1,10,82,2,1,1,Medium,Medium,Private,Positive,2,0,High School,Moderate,1,68,0
25,88,-1.0,2,1,9,58,0,1,0,Low,Medium,Public,Negative,4,0,Postgraduate,Near,1,70,2
14,84,-1.0,1,1,6,96,1,0,2,Low,Medium,Private,Neutral,2,0,Postgraduate,Far,1,66,1
5,65,-1.0,2,0,7,71,1,1,0,Low,Medium,Private,Negative,2,0,College,Far,1,56,0
19,99,-1.0,2,1,8,88,2,0,1,Low,High,Public,Positive,3,0,High School,Far,0,71,1
19,65,-1.0,2,0,10,58,1,1,2,Medium,High,Private,Positive,3,0,Postgraduate,Moderate,0,64,0
21,70,-1.0,1,0,8,74,0,1,2,Medium,Medium,Public,Positive,3,0,Postgraduate,Far,1,65,2
24,93,-1.0,1,1,7,76,2,1,2,Low,Medium,Public,Neutral,1,1,High School,Near,1,70,1
24,85,-1.0,0,1,9,89,1,1,1,Low,Medium,Public,Positive,2,0,Postgraduate,Moderate,1,70,1
22,94,-1.0,2,1,7,81,1,1,2,Medium,High,Public,Neutral,4,0,High School,Far,1,71,1
27,81,-1.0,2,1,6,70,1,1,0,Low,Medium,Public,Positive,5,0,High School,Far,0,70,0
11,75,-1.0,2,0,8,64,1,1,3,Low,Medium,Public,Neutral,3,1,College,Moderate,0,62,2
23,97,-1.0,1,1,6,99,0,1,1,Low,Medium,Private,Positive,3,0,High School,Near,0,72,1
24,61,-1.0,1,0,10,64,0,1,0,Low,Medium,Private,Positive,3,0,High School,Near,0,62,2
13,94,-1.0,1,1,7,56,2,1,2,Low,High,Public,Neutral,4,0,College,Near,1,67,1
11,69,-1.0,1,1,8,65,0,1,0,Low,Medium,Public,Negative,2,0,College,Moderate,1,58,2
16,94,-1.0,1,1,6,66,1,1,3,Medium,High,Public,Negative,4,0,College,Near,0,69,1
16,66,-1.0,0,0,9,56,1,1,0,Low,High,Private,Positive,4,1,College,Near,0,60,2
25,83,-1.0,2,1,7,85,2,1,2,Low,Medium,Public,Negative,4,0,College,Near,1,72,0
16,96,-1.0,1,0,7,81,1,1,0,Low,Low,Public,Negative,3,0,High School,Moderate,1,66,1
15,79,-1.0,2,1,7,66,1,1,2,Low,Medium,Public,Positive,3,0,College,Far,0,66,0
16,90,-1.0,2,1,5,100,0,1,1,High,Medium,Private,Negative,4,0,High School,Moderate,1,69,1
27,92,-1.0,1,1,7,83,0,1,2,Low,Medium,Public,Positive,4,1,College,Moderate,0,70,2
20,89,-1.0,1,1,8,85,1,1,2,Medium,High,Public,Positive,1,0,Postgraduate,Near,0,70,1
19,97,-1.0,2,0,5,78,0,1,0,Medium,Low,Private,Negative,3,0,College,Moderate,1,70,1
19,78,-1.0,2,1,9,78,1,1,2,Low,High,Public,Negative,2,0,College,Near,0,67,0
28,67,-1.0,1,1,7,51,1,1,2,Medium,Medium,Public,Neutral,3,0,High School,Near,0,67,0
16,62,-1.0,0,0,7,89,2,1,0,Medium,Medium,Public,Neutral,3,0,High School,Far,0,59,0
28,70,-1.0,1,1,4,96,0,1,1,Medium,Medium,Private,Positive,2,0,High School,Moderate,1,67,2
21,66,-1.0,1,1,7,56,1,1,1,Low,Medium,Private,Neutral,4,0,Postgraduate,Moderate,1,65,0
19,82,-1.0,1,0,5,90,1,1,1,High,Medium,Public,Negative,3,0,College,Near,1,68,1
35,67,-1.0,2,1,6,77,0,1,1,Low,Medium,Public,Positive,3,0,College,Near,1,71,2
14,62,-1.0,1,0,5,64,1,1,2,Low,Medium,Public,Neutral,3,0,College,Near,1,61,0
18,61,-1.0,1,1,6,96,1,1,0,Medium,Medium,Public,Negative,3,0,High School,Near,1,63,0
13,93,-1.0,2,1,7,51,0,1,1,Low,High,Private,Neutral,3,0,High School,Near,0,67,1
26,84,-1.0,1,0,7,64,1,0,1,Medium,High,Public,Neutral,4,0,College,Near,1,69,1
30,74,-1.0,2,0,8,94,0,1,0,Medium,Medium,Public,Positive,3,0,High School,Near,1,70,2
30,96,-1.0,0,1,4,74,2,0,0,Low,Low,Public,Negative,3,0,High School,Moderate,1,69,1
27,63,-1.0,1,1,7,80,1,1,1,Low,High,Public,Neutral,4,0,High School,Far,0,66,0
19,99,-1.0,0,1,7,87,0,1,1,Medium,Medium,Public,Positive,4,0,High School,Moderate,0,70,1
18,85,-1.0,1,1,6,57,0,1,2,Medium,High,Public,Neutral,2,0,Postgraduate,Moderate,1,67,1
10,67,-1.0,2,0,6,61,1,1,0,Low,High,Private,Neutral,2,0,High School,Near,0,61,0
32,87,-1.0,2,1,9,100,1,1,2,Medium,Low,Private,Neutral,2,0,Postgraduate,Moderate,1,74,1
23,91,-1.0,2,1,10,62,0,1,1,Medium,High,Private,Negative,3,0,College,Near,1,70,1
17,77,-1.0,1,1,4,77,0,1,0,Medium,Medium,Private,Positive,4,0,High School,Near,0,66,2
28,94,-1.0,2,1,6,65,2,1,1,Low,High,Public,Positive,1,0,High School,Near,0,73,1
14,66,-1.0,1,1,5,93,1,1,1,Medium,Medium,Private,Negative,2,0,High School,Near,1,62,0
22,71,-1.0,0,1,7,98,0,1,2,Low,High,Public,Neutral,2,0,High School,Moderate,0,65,2
19,64,-1.0,1,0,9,57,0,1,0,Medium,High,Private,Neutral,3,0,High School,Near,0,62,2
24,68,-1.0,1,1,8,80,1,0,1,Low,Low,Public,Positive,4,0,Postgraduate,Moderate,1,64,0
20,70,-1.0,1,1,7,91,1,1,1,Low,Medium,Public,Negative,2,0,High School,Far,1,63,0
11,97,-1.0,1,0,7,91,1,1,1,Medium,Medium,Public,Positive,4,0,High School,Near,1,69,1
20,63,-1.0,1,0,7,72,0,1,3,Low,High,Public,Negative,5,1,Postgraduate,Near,1,63,2
26,77,-1.0,1,1,8,61,1,1,1,Low,Medium,Public,Neutral,4,0,College,Moderate,1,67,0
20,81,-1.0,0,0,8,69,1,1,1,Medium,Medium,Private,Neutral,2,0,High School,Near,0,65,1
25,96,-1.0,2,0,8,88,1,1,0,Low,Medium,Private,Neutral,1,0,High School,Near,1,71,1
14,100,-1.0,1,1,4,100,1,1,3,Low,Medium,Public,Neutral,3,0,Postgraduate,Moderate,0,71,1
20,90,-1.0,1,0,7,78,2,1,0,Medium,High,Public,Positive,4,1,Postgraduate,Far,1,69,0
16,99,-1.0,2,1,7,60,1,1,2,Low,High,Private,Neutral,3,0,Postgraduate,Moderate,1,71,1
24,91,-1.0,1,1,8,52,1,1,1,Low,Medium,Public,Neutral,5,0,High School,Near,1,68,1
20,99,-1.0,1,1,7,97,1,1,2,Low,Medium,Public,Neutral,0,0,High School,Near,1,70,1
24,88,-1.0,2,1,8,74,1,1,0,Low,High,Private,Neutral,3,0,Postgraduate,Near,1,71,1
27,63,-1.0,1,1,6,86,1,1,1,Medium,Medium,Public,Positive,4,0,Postgraduate,Near,0,68,0
24,76,-1.0,2,0,8,83,1,1,1,High,Medium,Private,Positive,4,0,High School,Near,0,69,0
22,86,-1.0,1,1,9,95,1,1,4,Medium,Low,Private,Positive,2,0,College,Near,1,71,1
14,74,-1.0,1,0,5,63,0,0,2,Low,High,Private,Positive,3,0,College,Far,0,63,2
20,71,-1.0,1,0,5,72,1,1,4,Medium,Medium,Public,Positive,4,0,Postgraduate,Moderate,1,66,0
17,83,-1.0,1,0,8,96,1,1,1,Low,Medium,Public,Positive,3,0,College,Moderate,1,67,1
18,97,-1.0,0,1,7,79,1,1,3,High,Medium,Private,Positive,3,0,High School,Far,1,71,1
18,61,-1.0,0,0,9,54,1,1,0,Medium,Medium,Public,Neutral,2,0,College,Near,0,59,0
14,91,-1.0,1,1,7,60,1,1,0,High,Medium,Public,Neutral,2,0,High School,Near,1,67,1
8,89,-1.0,2,0,8,62,1,1,2,Medium,Medium,Public,Positive,4,1,High School,Moderate,1,66,2
16,99,-1.0,2,1,6,100,2,1,1,High,High,Public,Positive,3,0,High School,Far,0,72,1
21,97,-1.0,2,0,8,61,0,1,0,Low,High,Public,Neutral,3,1,Postgraduate,Near,0,70,2
12,90,-1.0,1,1,8,93,0,1,3,High,Medium,Public,Neutral,3,0,High School,Near,0,68,1
20,81,-1.0,1,0,6,54,0,1,0,Low,Low,Public,Positive,2,0,College,Moderate,0,63,2
31,68,-1.0,1,0,9,59,1,1,3,High,High,Public,Neutral,2,0,Postgraduate,Near,0,69,0
26,82,-1.0,1,0,4,94,0,1,0,Low,Low,Private,Positive,3,0,High School,Near,1,67,2
30,91,-1.0,2,1,7,95,0,1,1,Medium,High,Public,Positive,3,0,College,Near,0,75,1
22,96,-1.0,0,1,5,59,1,1,0,Medium,High,Private,Positive,2,0,High School,Far,0,67,1
27,92,-1.0,2,1,5,61,1,1,0,Medium,High,Private,Positive,3,0,Postgraduate,Near,1,74,1
16,68,-1.0,2,1,8,77,1,1,1,Medium,High,Public,Positive,4,0,Postgraduate,Moderate,1,66,0
16,84,-1.0,2,1,5,53,1,0,2,Low,Medium,Public,Neutral,1,0,High School,Near,1,65,1
4,73,-1.0,1,1,5,97,2,1,1,Low,High,Public,Negative,1,0,High School,Near,1,60,0
27,60,-1.0,2,0,8,68,2,1,1,Medium,Medium,Private,Negative,4,1,High School,Far,0,63,0
29,68,-1.0,2,1,5,74,0,1,3,High,High,Public,Neutral,2,1,Postgraduate,Near,1,69,2
17,65,-1.0,2,0,9,55,1,1,1,Medium,Medium,Public,Positive,2,0,High School,Near,1,64,0
18,94,-1.0,1,1,8,52,1,1,1,Medium,Medium,Private,Positive,4,0,College,Near,0,68,1
15,70,-1.0,1,0,6,73,0,1,2,Medium,Low,Public,Positive,4,0,College,Moderate,1,63,2
22,71,-1.0,1,1,8,56,0,1,0,Medium,High,Public,Neutral,2,0,Postgraduate,Near,1,65,2
27,98,-1.0,2,0,4,82,1,1,0,High,Medium,Public,Positive,3,0,High School,Near,0,74,1
10,75,-1.0,2,1,8,90,1,1,2,Low,Medium,Public,Positive,2,0,Postgraduate,Moderate,1,65,0
22,60,-1.0,1,1,5,52,1,1,0,Low,Medium,Public,Negative,2,0,High School,Near,0,61,0
18,71,-1.0,2,1,6,81,1,1,1,Low,High,Public,Positive,3,0,High School,Near,1,66,0
21,65,-1.0,2,1,6,91,2,1,1,Medium,High,Public,Positive,3,0,High School,Moderate,1,67,0
23,64,-1.0,1,1,9,72,1,1,0,Low,High,Public,Positive,3,0,College,Near,1,66,0
19,63,-1.0,1,0,6,98,2,1,4,High,Medium,Private,Positive,2,0,Postgraduate,Near,1,69,0
19,84,-1.0,1,1,7,56,0,1,2,Low,Medium,Public,Neutral,3,0,High School,Moderate,0,65,2
19,68,-1.0,2,0,6,66,1,1,2,Medium,Medium,Public,Neutral,3,0,High School,Far,0,65,0
26,74,-1.0,1,0,6,62,1,1,0,Low,Medium,Private,Neutral,3,0,High School,Near,0,66,0
23,94,-1.0,2,0,5,100,0,1,2,Medium,High,Public,Neutral,2,0,Postgraduate,Near,1,73,1
21,77,-1.0,1,1,7,65,1,1,2,Low,High,Public,Negative,2,0,High School,Moderate,0,64,0
12,97,-1.0,0,1,7,69,0,1,0,Low,High,Public,Positive,5,0,High School,Near,0,67,1
18,80,-1.0,0,1,8,92,2,1,0,Medium,High,Private,Positive,1,0,College,Near,1,67,0
25,76,-1.0,0,1,7,96,1,1,3,Medium,Medium,Public,Positive,4,1,High School,Near,0,68,2
20,90,-1.0,0,1,7,97,1,1,2,High,High,Public,Positive,3,0,College,Moderate,1,71,1
24,63,-1.0,1,1,8,78,1,1,0,Low,High,Private,Negative,3,0,High School,Near,1,64,0
31,64,-1.0,1,1,6,83,1,1,1,Medium,Medium,Public,Positive,2,0,High School,Moderate,0,67,0
26,86,-1.0,0,0,5,67,1,1,2,Low,High,Private,Positive,1,0,High School,Moderate,0,68,1
21,79,-1.0,1,1,8,80,2,1,1,Low,High,Private,Negative,3,0,College,Near,1,67,0
17,92,-1.0,1,1,6,65,2,1,3,Medium,High,Public,Positive,2,0,College,Near,1,70,1
5,97,-1.0,0,1,7,87,1,1,2,Medium,Medium,Private,Neutral,3,1,High School,Far,0,64,2
19,76,-1.0,1,1,6,65,1,1,0,Low,Medium,Public,Neutral,4,1,High School,Near,0,63,2
18,84,-1.0,2,0,6,94,1,1,3,High,Medium,Public,Neutral,4,0,High School,Near,1,71,1
22,80,-1.0,0,0,4,57,0,1,1,Low,Medium,Public,Neutral,3,0,Postgraduate,Moderate,1,64,2
19,99,-1.0,0,0,8,79,2,1,3,Medium,Medium,Private,Positive,4,0,High School,Near,1,70,1
18,93,-1.0,2,0,4,76,2,1,3,Low,Medium,Public,Negative,3,0,College,Near,0,70,1
9,96,-1.0,2,1,9,63,1,1,1,High,Medium,Private,Neutral,1,0,High School,Near,1,67,1
14,70,-1.0,1,1,9,51,0,1,1,Low,High,Public,Negative,4,0,College,Near,1,62,2
23,91,-1.0,1,0,6,57,0,1,2,Low,High,Private,Positive,2,0,High School,Near,1,69,1
30,71,-1.0,2,0,9,98,0,1,2,High,Medium,Public,Positive,1,0,High School,Moderate,0,69,2
19,68,-1.0,2,0,10,97,0,0,0,Low,Medium,Public,Positive,3,0,College,Far,0,62,2
22,98,-1.0,1,0,7,56,2,1,1,High,Medium,Private,Neutral,1,0,College,Near,0,70,1
26,61,-1.0,1,1,8,69,2,1,2,Medium,High,Public,Positive,3,0,High School,Near,1,66,0
15,99,-1.0,1,0,7,73,0,1,1,Low,Medium,Public,Positive,3,0,High School,Near,1,69,1
22,66,-1.0,0,1,9,74,1,1,3,Low,High,Public,Negative,3,0,Postgraduate,Near,0,65,0
16,93,-1.0,2,1,5,65,0,1,0,Medium,Medium,Public,Negative,3,0,High School,Near,0,66,1
25,71,-1.0,1,1,7,96,0,1,2,Low,Medium,Public,Positive,3,0,High School,Near,0,69,2
21,74,-1.0,1,1,8,95,0,1,1,Medium,Medium,Private,Positive,5,1,High School,Far,0,66,2
22,69,-1.0,2,1,8,51,1,1,1,Low,High,Public,Positive,3,0,High School,Near,0,65,0
15,83,-1.0,0,1,7,83,0,1,1,High,Medium,Public,Neutral,2,0,Postgraduate,Near,0,66,2
24,74,-1.0,0,1,9,54,1,1,1,Low,Medium,Public,Neutral,3,0,Postgraduate,Near,0,63,0
33,86,-1.0,1,1,7,80,1,1,0,Low,High,Public,Neutral,3,0,Postgraduate,Near,0,72,1
14,61,-1.0,1,1,7,93,0,1,3,Medium,High,Public,Negative,2,0,High School,Moderate,1,62,2
18,63,-1.0,2,0,8,82,1,1,1,High,Medium,Private,Negative,1,0,High School,Near,1,64,0
21,64,-1.0,0,0,7,73,2,1,2,Low,Medium,Public,Negative,2,1,College,Far,0,61,0
25,77,-1.0,1,1,7,98,0,1,0,High,Medium,Public,Positive,2,0,High School,Near,1,70,2
17,93,-1.0,1,0,6,87,1,1,1,Low,High,Private,Negative,2,0,High School,Moderate,0,67,1
3,96,-1.0,2,1,10,62,1,1,3,Low,Medium,Private,Neutral,4,0,High School,Far,1,66,1
28,70,-1.0,1,1,6,69,1,1,2,Low,Low,Public,Positive,4,1,High School,Near,1,66,2
25,83,-1.0,1,1,8,88,0,1,1,Medium,High,Public,Neutral,3,1,College,Near,1,68,2
10,91,-1.0,2,1,10,51,1,1,0,Low,Medium,Public,Positive,3,0,Postgraduate,Moderate,1,67,1
16,72,-1.0,2,0,5,53,1,1,1,High,High,Public,Positive,3,0,College,Near,1,65,0
29,76,-1.0,2,1,8,93,0,0,0,Medium,High,Public,Positive,4,0,College,Moderate,1,70,2
29,81,-1.0,1,1,7,52,1,0,1,High,Medium,Public,Neutral,4,0,College,Near,0,69,0
26,65,-1.0,1,1,10,84,1,1,1,Low,High,Public,Positive,4,0,Postgraduate,Near,1,68,0
19,61,-1.0,1,0,6,66,1,1,0,High,Medium,Public,Neutral,1,0,High School,Near,1,61,0
20,66,-1.0,2,1,6,91,0,1,0,Medium,High,Public,Negative,5,0,High School,Far,1,65,2
19,85,-1.0,2,0,7,92,1,1,3,Medium,Medium,Public,Neutral,2,0,College,Near,0,71,1
27,63,-1.0,2,0,6,98,0,1,0,Medium,Medium,Private,Negative,3,0,High School,Near,0,66,2
15,68,-1.0,2,0,6,55,1,0,0,High,Medium,Private,Positive,3,0,High School,Near,0,62,0
15,74,-1.0,0,0,10,71,1,1,0,Low,High,Public,Negative,2,0,Postgraduate,Near,1,61,0
26,63,-1.0,2,1,7,79,1,1,1,Low,High,Public,Negative,2,0,High School,Near,1,67,0
20,68,-1.0,2,1,6,96,1,1,0,Low,High,Public,Neutral,3,0,High School,Near,0,66,0
28,96,-1.0,2,0,6,63,2,0,1,High,Medium,Public,Positive,2,0,High School,Moderate,0,71,1
16,61,-1.0,2,1,8,54,2,1,0,Low,High,Private,Positive,3,0,College,Moderate,1,62,0
20,86,-1.0,1,1,8,60,0,1,1,High,Medium,Public,Neutral,3,1,Postgraduate,Near,1,67,2
14,75,-1.0,1,1,6,75,1,1,0,Low,High,Public,Neutral,2,0,High School,Near,1,64,0
20,87,-1.0,0,0,5,84,1,1,2,Medium,Medium,Private,Neutral,3,0,High School,Near,1,68,1
11,84,-1.0,1,1,7,85,2,1,3,Medium,Medium,Public,Neutral,4,0,College,Moderate,0,67,0
17,69,-1.0,1,1,7,54,2,1,1,High,Low,Public,Neutral,2,0,High School,Near,1,63,0
11,94,-1.0,2,0,6,88,1,1,2,Medium,Medium,Public,Positive,4,0,High School,Near,1,70,1
24,80,-1.0,2,1,9,83,1,1,1,Low,Low,Public,Negative,1,0,High School,Near,1,67,0
24,93,-1.0,2,1,8,70,0,1,1,Medium,High,Private,Neutral,3,0,High School,Moderate,0,71,1
10,76,-1.0,0,1,7,79,0,1,3,Medium,Medium,Private,Neutral,4,0,High School,Far,0,62,2
28,99,-1.0,1,1,6,88,1,1,3,Low,Medium,Public,Positive,4,0,High School,Near,0,75,1
35,91,-1.0,1,1,10,63,0,1,1,Medium,Medium,Public,Neutral,5,0,High School,Near,1,72,2
20,99,-1.0,0,1,5,97,0,1,4,High,Medium,Public,Neutral,3,0,College,Near,0,73,1
16,81,-1.0,1,0,6,57,2,1,3,Low,Low,Private,Positive,3,0,High School,Near,1,64,0
37,79,-1.0,2,0,6,95,2,1,1,High,Medium,Public,Negative,1,0,High School,Near,1,73,0
12,90,-1.0,0,1,7,87,0,1,2,Low,High,Public,Neutral,2,0,Postgraduate,Far,1,66,1
20,95,-1.0,0,0,8,83,2,1,1,Medium,Medium,Private,Positive,3,0,High School,Near,0,69,1
21,99,-1.0,1,1,5,54,2,1,1,Low,Medium,Public,Neutral,4,0,College,Moderate,1,70,1
28,73,-1.0,2,1,6,96,1,1,1,Medium,Medium,Public,Negative,0,0,Postgraduate,Near,0,70,0
22,92,-1.0,2,0,8,65,1,1,0,Medium,High,Private,Positive,2,0,High School,Moderate,1,71,1
17,68,-1.0,2,1,6,87,2,1,0,Low,Medium,Private,Positive,4,1,College,Near,1,64,0
14,82,-1.0,2,0,6,94,0,1,7,Medium,High,Private,Negative,4,0,Postgraduate,Near,1,71,2
18,67,-1.0,1,1,7,62,2,1,1,Low,Low,Private,Positive,2,0,High School,Far,1,63,0
14,74,-1.0,2,1,6,96,0,1,2,Low,High,Public,Neutral,4,0,College,Near,1,68,2
20,97,-1.0,1,0,7,81,1,1,3,Medium,High,Public,Neutral,3,1,College,Near,1,71,2
17,66,-1.0,1,1,8,83,1,1,4,Medium,High,Private,Negative,5,0,High School,Moderate,1,65,0
11,85,-1.0,1,1,7,96,1,0,1,Low,Medium,Public,Neutral,3,0,High School,Near,1,66,1
28,84,-1.0,2,1,9,76,2,1,0,High,Medium,Private,Negative,3,0,High School,Near,1,72,0
17,65,-1.0,2,1,8,72,0,1,1,Low,Medium,Public,Positive,4,0,College,Moderate,1,65,2
12,73,-1.0,1,0,7,82,1,0,1,Low,Medium,Public,Positive,3,0,High School,Far,1,60,0
19,83,-1.0,1,0,7,78,2,0,2,Low,High,Public,Positive,4,0,Postgraduate,Moderate,1,67,0
20,67,-1.0,2,0,10,53,2,1,1,Low,Medium,Private,Positive,2,0,Postgraduate,Near,1,65,0
10,92,-1.0,0,1,6,59,2,1,0,Low,Medium,Public,Negative,2,0,High School,Moderate,0,64,1
22,99,-1.0,2,1,7,51,1,1,2,High,High,Public,Negative,4,1,High School,Moderate,1,72,2
14,69,-1.0,1,0,6,55,1,1,3,Low,Low,Private,Positive,2,0,High School,Moderate,1,62,0
30,67,-1.0,1,1,8,86,1,1,0,Low,Medium,Public,Neutral,4,0,High School,Moderate,0,67,0
23,78,-1.0,1,1,10,50,1,1,1,Medium,Medium,Private,Positive,3,1,Postgraduate,Near,0,67,2
18,90,-1.0,1,0,7,65,0,1,4,Medium,Medium,Public,Positive,3,0,College,Near,0,69,1
16,71,-1.0,2,1,7,72,0,1,1,Medium,Low,Private,Neutral,4,0,College,Moderate,0,65,2
19,61,-1.0,2,0,7,97,0,1,0,Medium,High,Public,Negative,3,1,College,Far,1,62,2
24,82,-1.0,1,1,5,66,1,1,0,Medium,Medium,Private,Neutral,3,0,Postgraduate,Near,1,69,1
20,98,-1.0,2,0,7,89,1,1,1,High,Medium,Public,Positive,3,0,College,Far,0,72,1
19,76,-1.0,2,1,10,70,0,1,1,Low,Medium,Public,Negative,3,0,College,Far,0,63,2
20,77,-1.0,1,0,8,55,0,1,1,Medium,Medium,Public,Negative,3,0,College,Far,0,64,2
16,99,-1.0,1,1,9,55,1,1,1,High,Medium,Public,Neutral,3,1,College,Far,0,67,2
18,88,-1.0,1,0,9,72,2,1,2,High,High,Public,Neutral,4,0,Postgraduate,Moderate,1,70,0
7,89,-1.0,0,1,6,53,1,1,3,Low,High,Private,Neutral,2,0,High School,Moderate,1,64,1
26,83,-1.0,1,0,10,79,1,1,1,High,Medium,Public,Neutral,2,0,High School,Moderate,0,69,1
22,99,-1.0,2,0,4,75,0,1,2,Medium,Medium,Private,Negative,4,0,High School,Near,0,72,1
15,88,-1.0,1,1,7,85,1,1,4,Medium,Medium,Private,Negative,2,0,Postgraduate,Near,0,69,1
31,96,-1.0,1,1,4,59,1,1,3,Low,Medium,Private,Neutral,5,0,High School,Near,0,75,1
21,88,-1.0,1,0,4,80,0,1,1,Medium,Medium,Public,Positive,2,1,Postgraduate,Near,1,67,2
14,89,-1.0,1,1,8,59,2,1,1,Low,Medium,Private,Neutral,3,0,College,Near,1,67,1
25,72,-1.0,1,0,6,86,2,1,0,Medium,Medium,Public,Neutral,2,0,High School,Far,0,66,0
22,72,-1.0,0,1,9,65,2,1,0,Medium,Medium,Public,Neutral,3,0,High School,Moderate,1,64,0
22,91,-1.0,0,0,4,81,1,1,2,Low,High,Private,Negative,3,0,High School,Near,1,68,1
17,72,-1.0,1,1,7,94,2,1,1,Low,Medium,Public,Neutral,5,0,High School,Moderate,1,66,0
23,83,-1.0,1,0,5,74,1,1,3,Low,Medium,Public,Negative,2,0,Postgraduate,Near,1,69,1
18,70,-1.0,0,1,7,60,1,1,1,Medium,High,Public,Positive,3,0,College,Near,1,65,0
23,93,-1.0,0,1,9,94,2,1,2,Medium,Low,Private,Negative,3,0,High School,Moderate,0,70,1
9,64,-1.0,0,1,10,68,0,1,0,Medium,Medium,Private,Negative,3,0,High School,Near,1,57,2
17,93,-1.0,1,0,8,87,0,1,2,High,High,Private,Negative,3,0,College,Moderate,1,69,1
30,84,-1.0,0,1,5,66,0,1,0,Medium,Low,Public,Positive,2,0,Postgraduate,Near,0,70,1
15,67,-1.0,1,1,5,65,1,1,4,Medium,Medium,Private,Negative,2,0,College,Near,1,63,0
16,82,-1.0,1,0,7,82,1,1,1,Medium,Low,Public,Neutral,3,0,Postgraduate,Moderate,0,66,1
17,71,-1.0,1,1,6,58,1,1,3,Medium,Medium,Private,Positive,3,1,High School,Moderate,1,64,2
13,73,-1.0,2,0,8,93,1,1,0,High,High,Public,Neutral,3,0,Postgraduate,Moderate,0,65,0
7,74,-1.0,1,0,10,69,2,1,1,High,Medium,Public,Positive,4,0,High School,Near,1,64,0
19,63,-1.0,0,1,6,51,2,1,2,Medium,Medium,Public,Neutral,4,0,High School,Near,1,62,0
21,99,-1.0,1,1,6,65,0,1,1,Medium,Medium,Private,Positive,2,0,College,Far,0,71,1
20,61,-1.0,2,0,5,89,1,1,1,Medium,Medium,Public,Neutral,2,0,Postgraduate,Far,0,64,0
19,86,-1.0,2,1,7,93,2,1,1,Medium,High,Public,Neutral,2,0,High School,Near,1,72,1
20,75,-1.0,1,0,7,78,1,1,0,Low,Medium,Public,Negative,2,0,College,Near,0,64,0
26,86,-1.0,0,1,7,65,1,1,2,High,High,Private,Neutral,4,0,Postgraduate,Moderate,1,71,1
19,74,-1.0,1,1,8,76,2,1,5,Medium,High,Public,Neutral,4,1,College,Near,0,68,0
17,87,-1.0,1,1,8,92,1,0,3,High,Low,Public,Negative,2,0,College,Near,1,68,1
18,89,-1.0,1,0,7,66,1,1,2,Medium,Medium,Public,Positive,3,0,College,Moderate,1,68,1
23,88,-1.0,1,0,7,69,1,1,3,Low,High,Public,Negative,3,0,High School,Near,1,69,1
28,65,-1.0,1,1,7,77,2,1,1,Low,High,Public,Positive,3,0,College,Near,1,67,0
16,86,-1.0,0,0,7,94,0,1,0,Low,Medium,Private,Positive,4,0,High School,Near,1,66,2
21,71,-1.0,1,1,6,79,1,1,1,Low,Medium,Private,Neutral,4,0,Postgraduate,Far,1,65,0
22,61,-1.0,2,0,5,60,2,1,0,High,Low,Private,Neutral,2,0,High School,Moderate,1,63,0
14,77,-1.0,0,0,7,54,1,1,1,Medium,High,Public,Negative,2,0,High School,Moderate,1,62,0
20,77,-1.0,2,0,6,55,1,1,1,High,Low,Private,Neutral,1,0,College,Near,1,67,0
11,79,-1.0,1,1,8,98,1,1,2,Low,Medium,Public,Neutral,4,0,High School,Near,0,65,0
9,88,-1.0,1,1,7,91,1,1,1,Low,Medium,Public,Negative,3,0,College,Near,0,66,1
22,72,-1.0,2,0,7,88,1,0,2,Medium,Medium,Public,Positive,4,0,High School,Near,0,66,0
18,73,-1.0,1,1,8,75,1,1,0,High,Medium,Public,Neutral,1,1,College,Near,0,64,2
21,62,-1.0,1,1,5,84,1,1,5,Low,Medium,Public,Positive,4,0,High School,Near,0,67,0
20,87,-1.0,1,0,10,56,1,1,2,Medium,Medium,Public,Neutral,2,0,College,Moderate,0,67,1
14,83,-1.0,0,0,4,81,0,1,1,Low,Medium,Public,Negative,4,1,High School,Moderate,1,61,2
20,74,-1.0,1,1,9,91,1,1,1,Low,Medium,Public,Neutral,5,0,High School,Near,1,66,0
13,88,-1.0,1,1,7,53,1,1,2,Medium,Medium,Private,Negative,4,0,College,Moderate,1,66,1
28,81,-1.0,0,1,6,65,1,1,1,Low,Medium,Public,Positive,2,0,High School,Moderate,1,67,1
12,79,-1.0,1,0,5,56,2,1,1,Low,Low,Public,Positive,5,0,High School,Near,0,64,0
19,80,-1.0,0,0,6,63,0,1,1,Low,Medium,Public,Neutral,3,0,High School,Near,1,64,2
14,85,-1.0,1,0,7,89,1,1,2,Medium,High,Public,Positive,2,0,College,Moderate,1,67,1
23,86,-1.0,2,0,7,67,0,1,2,Medium,High,Private,Neutral,3,1,College,Near,0,68,2
18,72,-1.0,0,0,9,84,1,1,2,Medium,Medium,Public,Neutral,4,0,High School,Near,1,64,0
17,66,-1.0,1,1,7,89,1,1,0,Medium,Medium,Private,Negative,3,0,College,Near,1,63,0
25,66,-1.0,2,1,7,91,1,1,2,Low,High,Public,Neutral,3,0,College,Near,1,68,0
20,86,-1.0,0,0,8,94,0,1,2,Low,Medium,Private,Negative,2,0,High School,Far,0,64,1
23,95,-1.0,1,1,7,80,2,1,2,Low,Medium,Public,Neutral,4,0,High School,Moderate,0,70,1
14,76,-1.0,1,0,7,64,1,1,3,Medium,Medium,Private,Positive,3,0,College,Near,1,64,0
12,67,-1.0,1,0,7,58,1,1,0,High,Medium,Public,Neutral,2,1,High School,Far,1,59,2
21,90,-1.0,1,1,8,75,1,1,4,Low,High,Public,Neutral,2,0,High School,Moderate,1,71,1
18,93,-1.0,1,1,6,55,1,1,3,Low,Medium,Public,Negative,5,0,High School,Moderate,1,67,1
24,95,-1.0,0,1,6,96,2,1,3,Low,Medium,Private,Neutral,3,0,Postgraduate,Near,0,73,1
20,84,-1.0,0,0,8,72,1,1,3,High,Medium,Public,Neutral,3,0,High School,Near,1,66,1
21,94,-1.0,2,0,5,94,1,1,2,Low,High,Private,Neutral,2,0,College,Near,1,73,1
10,61,-1.0,1,1,7,85,2,1,1,Medium,Medium,Public,Neutral,4,0,High School,Near,0,62,0
31,64,-1.0,2,0,6,93,1,1,1,Low,High,Public,Neutral,3,0,High School,Near,0,69,0
19,64,-1.0,2,0,8,94,1,1,3,Medium,High,Private,Neutral,3,1,Postgraduate,Near,0,66,2
24,89,-1.0,0,1,9,53,1,1,1,Low,High,Private,Neutral,3,0,High School,Near,1,68,1
15,63,-1.0,1,1,6,86,0,1,4,High,Medium,Public,Positive,5,0,High School,Near,1,65,2
22,80,-1.0,1,1,8,61,2,1,1,Low,Medium,Public,Positive,2,0,College,Moderate,1,67,0
12,79,-1.0,1,1,7,99,0,1,2,Medium,Medium,Public,Negative,2,1,High School,Near,0,64,2
23,72,-1.0,2,1,6,89,1,0,0,Medium,High,Private,Negative,3,0,High School,Moderate,1,67,0
18,95,-1.0,0,1,7,50,0,1,3,Medium,Medium,Private,Neutral,3,0,High School,Moderate,0,66,1
20,67,-1.0,1,0,9,96,2,1,1,High,High,Public,Positive,3,0,High School,Near,0,68,0
24,74,-1.0,1,1,7,65,0,1,3,Medium,High,Public,Neutral,2,0,College,Near,1,68,2
13,91,-1.0,0,1,9,71,0,1,1,Low,Medium,Public,Positive,2,0,College,Far,1,64,1
16,61,-1.0,1,1,7,81,0,1,2,Medium,Medium,Public,Neutral,1,0,High School,Near,0,63,2
23,87,-1.0,1,0,5,96,1,1,2,Medium,Medium,Public,Positive,3,0,College,Moderate,0,72,1
33,93,-1.0,1,0,7,96,1,1,1,Low,High,Public,Positive,1,0,Postgraduate,Moderate,0,75,1
19,97,-1.0,1,0,5,78,0,1,2,Low,Medium,Public,Positive,3,0,High School,Near,1,71,1
24,95,-1.0,1,0,7,66,0,1,2,High,High,Public,Negative,3,0,High School,Near,1,71,1
19,73,-1.0,1,1,6,64,0,1,4,Medium,Medium,Public,Positive,5,1,College,Near,0,66,2
32,83,-1.0,1,1,10,68,1,0,3,Low,Medium,Private,Positive,4,0,High School,Moderate,0,71,0
10,63,-1.0,1,0,9,59,0,1,0,Medium,High,Public,Positive,5,0,Postgraduate,Moderate,1,61,2
21,70,-1.0,1,1,7,83,1,1,1,Medium,Medium,Public,Neutral,3,0,High School,Far,1,65,0
10,64,-1.0,0,0,9,76,0,1,1,Low,Medium,Private,Positive,1,0,High School,Near,0,58,2
5,73,-1.0,0,1,6,89,2,1,1,Medium,Medium,Public,Neutral,2,0,High School,Near,1,62,0
22,95,-1.0,0,0,5,55,1,1,2,High,High,Public,Neutral,0,1,College,Near,0,69,1
21,74,-1.0,0,1,8,70,1,1,1,Medium,Medium,Public,Neutral,3,0,Postgraduate,Far,1,65,0
18,82,-1.0,1,1,8,62,2,1,3,Low,Medium,Private,Neutral,4,0,High School,Near,0,69,0
19,77,-1.0,1,1,6,77,2,1,1,Low,High,Private,Neutral,3,0,College,Near,0,68,0
39,78,-1.0,1,0,6,73,1,1,0,Low,Medium,Public,Positive,2,0,College,Far,1,70,0
18,99,-1.0,1,1,8,72,1,1,4,Low,Medium,Public,Neutral,4,0,High School,Near,0,72,1
23,72,-1.0,1,1,4,66,0,0,3,Low,Medium,Private,Positive,4,0,Postgraduate,Near,0,66,2
16,85,-1.0,2,1,8,86,0,1,2,High,Medium,Private,Neutral,4,0,High School,Near,0,68,2
22,77,-1.0,1,1,7,74,2,1,2,Low,Low,Private,Negative,4,0,College,Near,1,67,0
19,62,-1.0,0,1,8,60,1,1,1,Low,Medium,Public,Positive,2,0,College,Far,0,61,0
18,80,-1.0,0,1,8,77,1,1,1,Low,High,Public,Negative,2,0,College,Near,0,64,0
31,93,-1.0,1,0,6,80,1,1,3,Medium,Medium,Public,Neutral,2,0,High School,Near,1,74,1
27,64,-1.0,1,0,5,51,2,1,1,Low,High,Public,Negative,3,0,High School,Near,0,64,0
21,63,-1.0,0,1,9,60,1,1,2,Medium,Medium,Public,Negative,2,0,Postgraduate,Near,1,64,0
6,66,-1.0,1,1,7,62,0,1,2,Low,Medium,Public,Neutral,4,0,Postgraduate,Near,1,61,2
18,91,-1.0,2,1,7,62,1,1,3,Low,Medium,Private,Positive,3,0,High School,Near,1,71,1
36,89,-1.0,0,1,8,62,0,1,2,Low,High,Private,Negative,3,0,College,Moderate,1,72,1
19,83,-1.0,2,0,6,64,1,1,0,Medium,Medium,Private,Negative,5,0,Postgraduate,Near,0,68,1
27,79,-1.0,2,1,8,63,2,1,2,Low,Medium,Public,Negative,5,0,College,Moderate,0,69,0
29,96,-1.0,2,0,8,94,2,0,2,Low,High,Public,Negative,4,0,High School,Near,1,74,1
21,91,-1.0,2,1,9,66,0,1,3,Low,Medium,Public,Neutral,4,0,College,Moderate,0,70,1
15,92,-1.0,0,1,9,67,0,1,1,High,High,Public,Positive,2,0,Postgraduate,Near,1,69,1
5,93,-1.0,0,0,7,63,1,1,2,Medium,High,Public,Neutral,3,0,Postgraduate,Near,1,64,1
24,86,-1.0,0,1,8,98,1,1,2,High,Medium,Public,Positive,5,0,Postgraduate,Far,1,71,1
15,78,-1.0,0,1,7,77,0,1,0,High,Medium,Public,Neutral,3,0,College,Near,1,65,2
21,95,-1.0,1,1,7,81,1,1,0,Medium,Medium,Public,Neutral,3,0,High School,Near,1,71,1
13,97,-1.0,2,1,5,87,0,1,1,Medium,High,Public,Neutral,2,0,Postgraduate,Near,0,71,1
18,61,-1.0,1,1,7,67,1,1,5,High,High,Public,Positive,2,0,Postgraduate,Near,1,66,0
20,62,-1.0,1,0,4,98,2,1,1,High,Low,Public,Negative,4,0,High School,Near,1,64,0
22,98,-1.0,1,0,7,58,1,1,0,Medium,Low,Private,Neutral,3,0,High School,Near,1,70,1
13,71,-1.0,0,0,9,73,0,1,1,High,High,Private,Neutral,3,0,High School,Moderate,1,61,2
27,95,-1.0,1,1,8,57,2,1,1,Medium,Low,Private,Positive,3,0,High School,Moderate,0,71,1
16,76,-1.0,1,0,7,90,1,1,0,Low,Medium,Public,Neutral,3,0,Postgraduate,Moderate,1,65,0
10,65,-1.0,2,0,7,55,1,1,0,Low,High,Public,Neutral,3,0,High School,Near,0,59,0
19,63,-1.0,1,1,6,78,0,1,3,Medium,Medium,Public,Neutral,2,1,College,Near,1,63,2
20,66,-1.0,1,1,6,55,0,1,1,High,High,Public,Negative,3,0,Postgraduate,Moderate,0,64,2
21,70,-1.0,0,0,8,73,0,1,0,High,Medium,Public,Neutral,4,0,College,Near,1,63,2
28,80,-1.0,2,0,5,64,1,1,1,Low,Medium,Private,Neutral,2,0,Postgraduate,Moderate,0,70,1
19,88,-1.0,1,1,5,95,1,1,1,Medium,High,Public,Neutral,3,0,High School,Near,1,70,1
19,99,-1.0,2,1,8,53,1,1,1,Medium,Medium,Private,Neutral,4,0,College,Near,1,72,1
13,78,-1.0,2,0,7,82,2,1,0,Low,High,Public,Neutral,2,0,College,Moderate,0,65,0
25,81,-1.0,1,1,7,85,2,1,3,Medium,Medium,Public,Negative,1,0,Postgraduate,Moderate,0,71,0
21,81,-1.0,1,1,7,94,1,1,3,Medium,Medium,Public,Neutral,1,0,Postgraduate,Moderate,1,70,1
17,82,-1.0,0,0,10,94,1,1,1,High,High,Private,Neutral,3,0,High School,Moderate,0,66,0
9,81,-1.0,1,1,7,99,1,1,2,Low,Medium,Public,Neutral,3,0,High School,Moderate,0,64,1
29,60,-1.0,2,0,7,63,1,1,0,Low,Medium,Public,Negative,4,0,Postgraduate,Near,1,64,0
13,60,-1.0,0,0,10,64,0,1,1,Medium,Medium,Public,Neutral,4,0,College,Far,1,59,2
16,64,-1.0,2,1,7,70,1,1,5,Low,Low,Public,Positive,4,0,High School,Moderate,1,65,0
22,64,-1.0,1,1,10,77,1,1,1,Low,High,Public,Positive,3,0,High School,Moderate,1,66,0
13,88,-1.0,1,1,4,68,2,1,1,High,Medium,Public,Positive,2,0,High School,Near,0,67,1
11,68,-1.0,1,1,5,87,1,1,1,Low,Medium,Public,Positive,4,1,High School,Far,1,62,2
7,96,-1.0,0,0,6,50,1,1,1,High,Medium,Private,Negative,3,0,College,Near,1,65,1
24,97,-1.0,1,1,8,51,1,1,3,Low,Medium,Public,Neutral,2,0,Postgraduate,Near,0,73,1
17,99,-1.0,1,0,10,86,0,1,1,Medium,Medium,Private,Positive,2,0,College,Near,1,70,1
38,98,-1.0,1,0,6,94,1,1,2,Low,Low,Public,Negative,4,0,Postgraduate,Near,0,75,1
14,71,-1.0,2,1,8,89,1,1,0,Medium,Medium,Public,Neutral,3,0,Postgraduate,Near,0,66,0
14,80,-1.0,1,0,10,56,0,1,1,Low,Medium,Public,Positive,3,0,Postgraduate,Moderate,0,65,2
17,67,-1.0,1,0,9,97,1,1,1,Medium,Low,Public,Neutral,3,0,Postgraduate,Moderate,0,64,0
21,92,-1.0,0,0,6,76,0,1,2,Low,Medium,Public,Positive,5,0,College,Near,1,70,1
17,96,-1.0,2,1,8,87,1,1,0,Medium,Medium,Private,Positive,5,0,High School,Moderate,1,71,1
24,94,-1.0,1,0,8,60,0,1,0,Medium,Medium,Public,Neutral,3,0,High School,Near,1,68,1
14,77,-1.0,1,1,6,77,0,1,1,Low,High,Private,Neutral,2,0,College,Near,1,64,2
12,90,-1.0,2,0,8,67,0,1,2,Low,Low,Public,Neutral,3,0,High School,Near,0,67,1
9,64,-1.0,2,1,6,99,1,1,6,Low,High,Public,Positive,6,1,High School,Moderate,1,65,2
7,62,-1.0,1,1,7,74,1,1,3,Medium,Medium,Public,Neutral,3,0,Postgraduate,Near,0,62,0
17,90,-1.0,2,1,5,88,0,1,1,Medium,Medium,Public,Negative,1,0,College,Near,0,68,1
18,77,-1.0,1,1,4,80,1,1,1,Medium,Low,Private,Negative,2,0,College,Near,1,66,0
16,100,-1.0,2,1,7,55,2,1,1,Low,Medium,Public,Negative,2,1,College,Moderate,1,69,1
27,64,-1.0,1,1,7,77,2,1,3,High,Medium,Public,Neutral,4,0,High School,Moderate,1,68,0
27,94,-1.0,0,0,5,77,1,1,0,Medium,High,Public,Positive,2,0,College,Near,0,71,1
18,79,-1.0,2,1,8,86,1,1,3,Low,Low,Public,Neutral,4,0,College,Near,0,68,0
9,93,-1.0,0,1,7,66,1,1,0,Low,Low,Private,Neutral,2,0,College,Moderate,1,64,1
17,93,-1.0,1,0,8,93,0,1,0,Low,Medium,Public,Negative,3,0,College,Moderate,1,66,1
16,97,-1.0,0,1,8,81,2,1,0,High,High,Private,Positive,2,0,High School,Near,1,70,1
16,72,-1.0,1,0,9,52,1,1,1,Medium,High,Public,Negative,1,1,College,Moderate,0,60,2
16,98,-1.0,1,1,8,85,0,1,0,Low,High,Public,Positive,2,0,College,Far,1,69,1
16,66,-1.0,1,1,7,95,0,1,1,Medium,Medium,Public,Positive,4,0,College,Near,1,65,2
18,63,-1.0,2,1,7,84,1,1,1,Medium,High,Public,Neutral,2,0,High School,Near,0,66,0
16,77,-1.0,0,0,10,69,1,1,1,Medium,Medium,Private,Neutral,3,0,High School,Near,0,64,0
21,93,-1.0,2,0,8,80,1,1,0,High,High,Public,Positive,1,0,College,Moderate,0,71,1
22,79,-1.0,0,0,7,59,1,1,0,Medium,Medium,Public,Positive,3,0,College,Near,1,66,0
15,93,-1.0,0,1,7,80,0,1,0,Low,Medium,Public,Positive,3,0,High School,Near,0,66,1
28,89,-1.0,1,0,6,75,1,1,1,Low,Low,Private,Negative,3,0,High School,Moderate,1,68,1
14,68,-1.0,2,0,5,51,2,1,1,High,Medium,Public,Neutral,5,1,High School,Moderate,1,63,0
10,98,-1.0,0,1,10,66,0,1,1,Low,High,Public,Negative,2,0,College,Near,0,66,1
22,62,-1.0,1,0,8,60,0,0,0,Medium,High,Public,Positive,2,0,College,Near,1,61,2
15,96,-1.0,0,0,5,70,2,1,4,Low,High,Private,Positive,3,0,College,Near,1,70,1
22,72,-1.0,2,1,7,62,0,1,5,High,Medium,Private,Neutral,2,0,College,Moderate,0,68,2
6,80,-1.0,1,1,9,92,0,1,5,Low,Medium,Public,Neutral,2,0,Postgraduate,Moderate,1,65,2
28,77,-1.0,1,0,6,85,2,1,0,Low,Medium,Public,Negative,1,0,Postgraduate,Near,0,69,0
24,67,-1.0,2,1,6,87,0,1,0,Medium,Medium,Public,Positive,4,0,College,Near,1,67,2
11,74,-1.0,1,0,8,68,0,1,0,Medium,Medium,Public,Positive,3,0,High School,Moderate,1,62,2
11,68,-1.0,2,1,8,50,0,1,2,Low,High,Private,Positive,4,0,High School,Near,0,61,2
30,68,-1.0,2,1,6,61,2,1,1,Medium,Medium,Public,Positive,3,0,Postgraduate,Near,0,70,0
16,67,-1.0,1,1,6,88,1,1,0,High,Low,Public,Neutral,3,0,College,Near,1,65,0
15,80,-1.0,1,0,8,80,1,1,1,Low,Medium,Public,Neutral,4,0,High School,Moderate,0,65,0
6,92,-1.0,1,1,5,77,1,1,1,Low,High,Public,Positive,4,0,High School,Near,1,66,1
18,83,-1.0,2,1,6,64,0,0,1,Medium,High,Private,Negative,3,0,High School,Near,0,66,2
19,96,-1.0,1,1,7,54,2,1,1,Low,Medium,Public,Neutral,3,0,College,Near,1,69,1
24,85,-1.0,2,0,8,89,1,1,1,Low,Medium,Public,Neutral,3,0,High School,Moderate,0,70,1
12,88,-1.0,1,0,6,52,0,0,1,Medium,High,Public,Negative,1,0,High School,Near,1,63,1
11,87,-1.0,1,0,8,53,2,1,1,Medium,Medium,Public,Positive,3,0,High School,Near,0,64,0
23,78,-1.0,0,0,9,65,2,1,1,Low,High,Public,Neutral,2,1,College,Far,0,65,0
26,88,-1.0,1,1,6,79,1,1,1,Low,High,Public,Neutral,4,0,High School,Far,1,71,1
11,63,-1.0,1,1,10,100,2,1,0,Medium,Medium,Public,Neutral,3,0,High School,Far,0,61,0
26,94,-1.0,0,1,9,55,0,1,2,High,Medium,Public,Neutral,3,0,High School,Near,1,69,1
20,91,-1.0,1,0,7,74,1,1,1,Medium,Medium,Public,Neutral,4,0,High School,Moderate,1,69,1
27,70,-1.0,1,0,7,80,0,1,1,Low,Medium,Public,Neutral,3,0,High School,Near,0,66,2
20,91,-1.0,1,0,6,91,1,1,3,High,High,Public,Neutral,2,0,High School,Near,1,72,1
5,61,-1.0,1,0,9,84,2,1,1,Medium,Medium,Public,Neutral,3,0,College,Near,1,60,0
19,69,-1.0,0,0,7,90,1,1,0,Low,Medium,Public,Neutral,1,0,College,Near,1,62,0
26,63,-1.0,1,1,5,76,1,1,3,Medium,High,Public,Neutral,5,1,High School,Near,0,66,2
15,91,-1.0,2,1,4,72,0,1,1,High,High,Private,Neutral,2,0,High School,Near,1,69,1
18,90,-1.0,1,0,7,81,1,1,2,Medium,Low,Public,Negative,3,0,Postgraduate,Moderate,1,69,1
19,93,-1.0,2,0,7,95,0,1,3,Medium,Medium,Private,Negative,3,0,High School,Near,0,71,1
3,60,-1.0,0,1,6,78,0,1,1,Low,Medium,Public,Positive,1,0,Postgraduate,Near,0,57,2
30,80,-1.0,2,0,5,80,1,1,0,Low,Medium,Private,Positive,4,0,Postgraduate,Near,0,72,0
15,88,-1.0,1,1,4,67,1,1,1,Medium,High,Private,Positive,4,0,High School,Far,0,66,1
23,66,-1.0,1,1,6,80,1,1,1,Medium,Medium,Public,Positive,3,0,College,Near,0,66,0
19,86,-1.0,1,0,6,81,1,1,3,Medium,High,Public,Neutral,3,0,College,Near,1,70,1
28,63,-1.0,1,0,8,88,1,1,2,Low,High,Public,Positive,2,0,High School,Near,1,67,0
22,67,-1.0,1,1,7,79,1,1,1,Medium,Low,Private,Neutral,3,0,College,Moderate,0,65,0
19,79,-1.0,1,1,9,60,0,1,1,Low,Medium,Public,Neutral,3,1,High School,Near,0,63,2
15,86,-1.0,0,0,8,79,1,1,3,Low,Medium,Public,Positive,3,0,College,Near,0,68,1
25,66,-1.0,1,1,8,65,1,1,0,Medium,Medium,Public,Positive,3,1,High School,Near,1,63,2
9,67,-1.0,2,1,8,54,1,1,3,Medium,High,Private,Positive,5,0,College,Moderate,1,63,0
24,68,-1.0,1,1,5,91,2,1,1,High,Medium,Public,Negative,4,0,College,Near,0,68,0
13,70,-1.0,1,1,6,53,1,1,2,Low,Medium,Public,Negative,0,1,College,Moderate,0,60,2
28,69,-1.0,1,0,10,82,2,1,0,Medium,Medium,Private,Neutral,2,0,High School,Near,0,67,0
21,76,-1.0,0,1,4,99,2,1,0,Low,Low,Public,Positive,3,0,College,Far,1,65,0
24,86,-1.0,0,1,7,54,1,1,0,Low,High,Public,Neutral,2,0,College,Near,1,68,1
20,78,-1.0,0,0,8,61,1,1,0,Medium,Medium,Public,Neutral,2,1,High School,Moderate,0,62,2
9,91,-1.0,0,0,4,88,0,1,2,Medium,Medium,Public,Neutral,4,1,Postgraduate,Near,0,65,2
15,89,-1.0,1,1,6,55,2,1,1,Low,Medium,Private,Positive,3,0,High School,Near,1,66,1
24,65,-1.0,1,1,10,92,0,1,3,Medium,High,Public,Neutral,4,0,High School,Near,1,67,2
21,62,-1.0,2,1,7,50,0,0,1,High,Medium,Public,Negative,2,0,High School,Moderate,0,60,2
27,95,-1.0,2,1,6,94,2,1,2,Medium,Medium,Public,Neutral,4,0,Postgraduate,Far,0,74,1
22,63,-1.0,0,1,7,53,1,1,1,High,Medium,Public,Neutral,4,0,High School,Near,1,62,0
14,66,-1.0,1,1,6,96,0,1,0,High,Medium,Public,Negative,3,0,College,Moderate,1,61,2
15,61,-1.0,1,0,10,93,2,1,0,Medium,High,Public,Neutral,4,0,High School,Near,1,63,0
21,85,-1.0,0,0,6,77,1,1,2,Low,Medium,Public,Neutral,3,0,College,Far,1,66,1
6,83,-1.0,1,0,6,89,1,1,1,Low,Medium,Public,Positive,4,0,Postgraduate,Near,0,65,1
30,99,-1.0,1,0,5,54,1,1,0,Medium,Medium,Private,Positive,3,0,Postgraduate,Near,1,72,1
23,95,-1.0,1,0,7,57,1,1,1,Low,Medium,Private,Neutral,2,0,High School,Near,0,70,1
27,76,-1.0,2,1,7,68,1,1,1,Medium,Medium,Public,Neutral,3,0,Postgraduate,Moderate,0,71,0
11,75,-1.0,2,1,9,77,1,0,1,High,High,Private,Neutral,2,1,College,Moderate,1,64,2
27,72,-1.0,2,0,5,93,0,1,1,High,Medium,Public,Positive,2,0,College,Near,1,70,2
33,66,-1.0,1,0,8,77,1,1,2,Medium,Low,Public,Neutral,3,0,High School,Near,1,68,0
12,66,-1.0,2,1,7,83,1,0,1,Medium,Medium,Public,Neutral,3,0,High School,Near,1,61,0
25,65,-1.0,1,1,4,84,2,1,1,High,Medium,Public,Positive,2,0,High School,Near,1,68,0
20,65,-1.0,1,0,6,94,1,1,1,Low,High,Public,Positive,2,0,Postgraduate,Near,0,64,0
11,70,-1.0,2,1,6,89,0,1,2,Medium,Medium,Public,Positive,4,0,High School,Near,0,64,2
23,72,-1.0,2,1,10,99,1,1,2,Medium,High,Private,Neutral,4,0,Postgraduate,Near,0,71,0
25,98,-1.0,2,1,8,51,1,1,0,Medium,Medium,Private,Positive,2,0,College,Moderate,0,72,1
16,83,-1.0,1,1,7,60,1,1,0,High,Medium,Public,Positive,1,0,College,Moderate,0,66,1
27,100,-1.0,1,1,4,97,0,1,4,Low,High,Public,Positive,3,0,High School,Near,0,74,1
10,75,-1.0,1,1,4,90,1,1,3,Medium,High,Public,Positive,3,1,Postgraduate,Moderate,1,65,2
11,78,-1.0,2,0,8,63,0,1,1,Low,Medium,Public,Neutral,3,0,High School,Near,0,64,2
21,73,-1.0,1,1,8,99,1,1,1,Medium,High,Public,Positive,4,0,College,Moderate,1,69,0
20,67,-1.0,1,0,6,93,0,0,1,Low,Medium,Public,Negative,3,1,College,Near,1,62,2
16,66,-1.0,1,1,7,53,2,1,2,Medium,Medium,Public,Negative,2,0,Postgraduate,Moderate,1,62,0
25,98,-1.0,0,1,7,91,1,1,2,Low,Low,Public,Positive,3,0,Postgraduate,Near,0,72,1
23,99,-1.0,2,0,7,89,2,1,1,Medium,Medium,Public,Neutral,3,0,High School,Near,0,73,1
25,62,-1.0,0,0,6,61,2,1,1,Medium,Medium,Public,Positive,4,0,Postgraduate,Moderate,0,64,0
19,66,-1.0,1,0,8,83,1,1,2,Medium,High,Public,Neutral,3,0,High School,Near,0,65,0
24,77,-1.0,2,1,9,99,1,1,1,Low,Medium,Public,Positive,1,0,High School,Near,1,70,0
17,67,-1.0,1,1,6,84,2,1,1,High,High,Public,Neutral,3,0,Postgraduate,Moderate,0,66,0
32,75,-1.0,2,0,5,91,0,1,1,High,Medium,Public,Positive,2,0,College,Moderate,0,70,2
15,65,-1.0,2,1,6,55,0,1,2,Medium,Medium,Private,Positive,3,0,High School,Near,0,63,2
33,78,-1.0,0,0,7,86,1,1,1,Low,High,Public,Positive,4,0,High School,Near,1,69,0
20,71,-1.0,1,1,8,60,0,1,0,Medium,Medium,Public,Neutral,2,0,High School,Near,1,64,2
12,74,-1.0,1,0,8,54,1,1,2,Medium,Medium,Private,Positive,5,0,Postgraduate,Moderate,0,63,0
28,64,-1.0,1,0,8,78,0,1,2,Medium,Medium,Private,Negative,3,0,Postgraduate,Near,1,66,2
21,77,-1.0,1,1,8,88,0,1,2,High,Medium,Private,Positive,1,0,College,Moderate,0,68,2
25,99,-1.0,1,1,7,77,1,1,0,High,High,Public,Neutral,3,0,High School,Near,1,97,1
27,73,-1.0,0,0,9,97,1,1,2,Medium,High,Public,Neutral,1,0,High School,Near,0,67,0
22,95,-1.0,1,0,7,85,1,1,0,Medium,Medium,Private,Positive,4,0,College,Near,1,71,1
16,94,-1.0,0,1,8,56,0,1,2,Low,High,Public,Positive,2,0,College,Near,0,66,1
26,98,-1.0,0,1,7,97,1,1,2,Low,Medium,Public,Neutral,2,1,Postgraduate,Moderate,1,72,2
20,92,-1.0,1,1,7,58,0,1,2,Low,Low,Public,Neutral,4,0,Postgraduate,Near,0,70,1
24,86,-1.0,1,1,7,88,1,1,1,Low,Medium,Public,Neutral,3,0,High School,Far,1,69,1
7,94,-1.0,0,1,9,57,2,1,2,Medium,Medium,Public,Negative,3,0,Postgraduate,Near,0,66,1
23,63,-1.0,2,0,7,100,0,1,2,Medium,High,Private,Positive,3,0,Postgraduate,Near,0,69,2
16,79,-1.0,1,1,6,67,0,0,2,Medium,High,Private,Positive,3,0,College,Near,1,65,2
30,100,-1.0,2,0,6,75,1,1,0,Low,Medium,Public,Neutral,4,0,College,Moderate,0,75,1
24,91,-1.0,1,0,8,73,1,1,2,Low,High,Private,Positive,2,0,Postgraduate,Moderate,1,70,1
21,98,-1.0,0,1,6,55,0,1,1,Medium,Medium,Public,Positive,3,0,High School,Near,1,70,1
23,91,-1.0,2,1,7,75,0,1,2,Low,High,Public,Negative,2,0,High School,Far,1,69,1
14,95,-1.0,1,0,7,57,1,1,2,Low,Low,Public,Neutral,2,0,College,Near,0,68,1
30,88,-1.0,1,1,6,90,2,1,4,High,Medium,Private,Negative,2,0,College,Moderate,1,73,1
32,90,-1.0,1,1,5,98,2,1,0,Medium,High,Public,Neutral,3,0,College,Moderate,1,74,1
22,81,-1.0,0,0,5,90,1,1,0,High,Medium,Public,Positive,2,0,College,Moderate,0,66,1
30,97,-1.0,1,1,6,72,2,1,1,Low,High,Public,Positive,2,0,High School,Far,0,74,1
17,93,-1.0,0,1,5,50,0,1,3,High,Medium,Public,Positive,2,0,High School,Moderate,1,67,1
15,94,-1.0,1,1,8,52,0,1,1,Medium,Medium,Private,Positive,2,0,College,Far,0,67,1
20,87,-1.0,2,0,10,75,0,1,3,Medium,Medium,Private,Neutral,2,0,College,Near,0,70,1
23,72,-1.0,2,1,6,84,1,1,1,High,High,Public,Neutral,2,0,High School,Near,1,67,0
18,61,-1.0,0,1,6,91,2,1,3,Medium,High,Public,Positive,3,0,College,Moderate,0,80,0
23,97,-1.0,2,1,6,80,0,1,1,Low,Low,Public,Negative,2,0,College,Moderate,1,70,1
22,83,-1.0,1,0,8,99,0,1,4,High,High,Public,Negative,4,1,High School,Near,0,71,2
14,72,-1.0,0,0,8,75,2,1,4,High,Medium,Private,Positive,2,1,College,Near,1,64,0
23,66,-1.0,2,1,7,80,1,1,1,Medium,Medium,Public,Positive,3,0,College,Moderate,0,68,0
25,93,-1.0,1,0,5,62,1,1,0,Low,Medium,Public,Neutral,3,0,High School,Far,1,68,1
21,93,-1.0,1,1,6,67,1,0,1,High,Medium,Public,Positive,3,0,High School,Near,0,69,1
27,93,-1.0,0,1,7,84,0,1,1,Medium,Medium,Private,Neutral,2,0,Postgraduate,Near,1,72,1
13,86,-1.0,1,0,7,80,1,1,0,Low,Medium,Private,Negative,5,0,College,Near,1,65,1
23,75,-1.0,0,1,7,68,1,1,1,High,Low,Private,Neutral,4,1,High School,Near,1,64,2
13,72,-1.0,2,0,8,56,0,1,1,Low,High,Public,Positive,4,0,Postgraduate,Moderate,0,64,2
13,60,-1.0,1,0,5,67,2,1,1,Low,Medium,Public,Positive,4,1,High School,Far,1,58,0
16,93,-1.0,1,1,7,52,0,1,2,Medium,High,Public,Neutral,3,0,High School,Near,1,69,1
14,63,-1.0,0,0,7,79,1,1,1,Low,Medium,Public,Neutral,3,0,High School,Near,1,61,0
17,85,-1.0,2,1,6,66,1,1,0,Medium,High,Public,Neutral,2,0,College,Moderate,0,68,1
19,80,-1.0,1,1,6,69,0,1,1,Low,Low,Private,Neutral,4,1,College,Near,1,66,2
25,81,-1.0,1,0,8,79,0,1,1,Medium,Medium,Public,Neutral,4,0,College,Near,0,68,2
18,97,-1.0,2,0,5,79,0,1,2,Low,High,Public,Positive,3,0,College,Moderate,1,70,1
10,61,-1.0,0,1,10,79,1,1,4,High,High,Public,Positive,2,1,College,Moderate,1,62,2
27,91,-1.0,1,0,8,75,0,1,2,Medium,High,Private,Neutral,3,0,High School,Near,1,71,1
15,62,-1.0,1,0,7,74,2,1,0,Low,High,Public,Negative,3,0,Postgraduate,Moderate,0,61,0
20,62,-1.0,1,1,7,91,0,1,1,Medium,Low,Public,Negative,3,0,College,Near,1,64,2
23,77,-1.0,0,0,8,73,1,1,1,Low,Low,Public,Positive,2,0,College,Near,1,65,0
21,63,-1.0,1,1,6,77,0,1,3,Medium,High,Public,Negative,1,0,High School,Near,1,63,2
27,92,-1.0,1,1,6,99,0,1,4,Low,Low,Private,Positive,3,0,High School,Near,0,74,1
23,81,-1.0,2,0,9,59,0,1,2,Medium,High,Public,Neutral,2,0,College,Near,1,68,2
15,61,-1.0,1,1,6,86,2,1,2,High,High,Public,Neutral,3,0,High School,Near,0,65,0
33,62,-1.0,1,0,7,74,0,1,2,Medium,Medium,Public,Neutral,2,0,College,Moderate,1,66,2
21,85,-1.0,2,1,6,92,1,1,1,Medium,High,Public,Neutral,2,1,High School,Moderate,1,69,2
19,92,-1.0,1,1,7,70,0,1,2,High,Medium,Private,Positive,2,0,College,Near,1,69,1
26,78,-1.0,1,0,8,65,1,1,3,Medium,Medium,Public,Positive,3,0,College,Near,0,70,0
21,82,-1.0,1,1,10,60,2,1,3,High,High,Public,Positive,4,0,High School,Near,0,70,0
22,92,-1.0,1,1,6,94,1,1,1,Medium,Medium,Public,Positive,3,0,High School,Near,1,71,1
35,84,-1.0,1,0,5,86,1,1,1,Medium,Medium,Public,Neutral,3,0,High School,Near,0,72,1
18,69,-1.0,0,0,7,54,1,1,1,Low,High,Public,Neutral,4,0,High School,Moderate,1,61,0
18,85,-1.0,2,1,6,86,2,0,1,Medium,Medium,Private,Neutral,3,0,High School,Near,0,68,0
21,85,-1.0,0,1,7,52,1,1,3,Low,Medium,Private,Neutral,3,0,High School,Near,1,66,1
26,89,-1.0,1,1,8,59,0,1,1,Low,High,Public,Neutral,4,0,High School,Near,1,70,1
11,85,-1.0,0,0,10,80,0,0,0,Low,High,Public,Positive,3,0,College,Near,0,63,2
8,99,-1.0,2,1,6,73,1,1,1,Medium,High,Public,Positive,3,0,High School,Far,0,68,1
16,68,-1.0,1,1,4,92,1,0,1,Medium,Medium,Public,Negative,4,0,College,Near,1,62,0
10,98,-1.0,2,0,7,80,0,1,3,Medium,Medium,Private,Neutral,3,0,College,Near,1,69,1
17,82,-1.0,1,1,8,98,1,1,3,Medium,High,Public,Positive,4,0,High School,Moderate,1,69,1
23,87,-1.0,0,1,6,93,1,1,1,High,High,Private,Positive,4,0,Postgraduate,Near,0,72,1
15,64,-1.0,1,1,7,67,1,1,2,Low,High,Public,Positive,3,0,High School,Near,1,64,0
11,75,-1.0,1,0,7,92,1,0,2,Low,High,Public,Positive,4,0,College,Moderate,0,63,0
20,91,-1.0,1,1,7,93,2,1,1,Low,Medium,Public,Negative,3,0,Postgraduate,Moderate,1,70,1
25,88,-1.0,1,1,8,98,0,0,1,Low,Low,Private,Neutral,4,0,Postgraduate,Near,1,69,1
10,62,-1.0,2,0,7,51,1,1,1,Medium,High,Private,Positive,2,0,High School,Near,1,61,0
25,82,-1.0,2,0,8,94,0,1,2,Low,Medium,Public,Neutral,3,0,High School,Moderate,1,70,2
25,64,-1.0,1,1,4,53,0,1,1,Medium,Medium,Public,Neutral,2,0,College,Near,1,64,2
26,100,-1.0,2,1,6,76,2,1,0,Medium,High,Public,Negative,4,0,Postgraduate,Near,1,76,1
27,96,-1.0,1,1,6,71,1,1,2,Medium,Medium,Public,Neutral,2,0,College,Near,0,73,1
33,61,-1.0,0,1,5,96,1,1,2,Medium,Medium,Public,Negative,3,0,High School,Near,1,67,0
18,94,-1.0,1,1,7,70,1,0,2,Medium,High,Public,Negative,3,0,College,Near,0,69,1
21,97,-1.0,1,1,6,80,0,1,2,Medium,Medium,Private,Positive,4,0,College,Near,1,72,1
18,74,-1.0,1,0,6,85,1,1,4,Medium,Medium,Private,Negative,3,0,College,Moderate,0,66,0
20,89,-1.0,1,1,8,51,1,1,3,Medium,High,Public,Positive,3,0,Postgraduate,Near,0,70,1
29,78,-1.0,2,1,7,80,1,1,2,Medium,Medium,Public,Positive,4,0,Postgraduate,Near,0,73,0
12,86,-1.0,1,1,5,76,0,0,2,High,Medium,Public,Positive,3,0,Postgraduate,Near,0,68,1
15,74,-1.0,2,0,6,80,1,1,2,High,Medium,Public,Negative,3,0,Postgraduate,Moderate,1,66,0
28,73,-1.0,1,1,8,54,1,1,4,Medium,Medium,Private,Neutral,1,0,High School,Near,0,67,0
26,77,-1.0,0,0,7,53,2,0,3,Medium,High,Private,Positive,3,0,High School,Near,0,67,0
18,66,-1.0,2,1,9,59,1,0,0,Low,Medium,Private,Positive,3,0,High School,Near,1,62,0
25,93,-1.0,1,0,8,93,1,1,2,Medium,Medium,Public,Positive,3,0,College,Near,1,72,1
22,74,-1.0,2,1,6,68,1,1,0,Medium,Low,Public,Positive,4,0,High School,Far,1,65,0
29,76,-1.0,0,1,9,72,1,1,1,High,Medium,Public,Positive,3,0,High School,Near,1,69,0
20,96,-1.0,2,0,9,70,1,1,2,Low,Low,Public,Positive,2,1,High School,Near,1,69,2
26,80,-1.0,1,1,4,86,1,0,0,Low,Medium,Public,Positive,4,0,College,Moderate,1,69,0
36,82,-1.0,0,1,7,63,1,1,0,Medium,Medium,Private,Positive,3,0,High School,Near,1,69,0
24,98,-1.0,1,1,6,53,1,1,1,Medium,Low,Public,Neutral,2,0,High School,Near,0,69,1
20,95,-1.0,2,1,7,69,0,1,0,Medium,High,Public,Neutral,3,0,High School,Near,1,70,1
24,67,-1.0,0,0,6,86,1,1,6,Low,Medium,Private,Positive,3,1,Postgraduate,Moderate,0,67,2
18,79,-1.0,2,1,6,96,1,1,3,Medium,Low,Public,Positive,3,1,Postgraduate,Near,1,69,2
34,99,-1.0,1,1,8,53,1,1,0,Medium,High,Public,Neutral,5,0,College,Near,1,75,1
21,75,-1.0,1,1,5,91,1,1,2,Low,Low,Public,Neutral,3,0,High School,Near,1,66,0
18,75,-1.0,0,1,7,53,1,1,0,High,High,Public,Neutral,2,0,High School,Near,1,63,0
15,68,-1.0,1,1,5,67,1,1,3,Medium,High,Private,Negative,4,0,Postgraduate,Moderate,1,64,0
27,65,-1.0,1,1,9,51,1,1,2,High,Medium,Private,Positive,2,0,Postgraduate,Moderate,0,66,0
25,90,-1.0,1,1,7,96,1,1,1,Medium,Medium,Public,Positive,4,0,College,Moderate,1,72,1
17,91,-1.0,2,0,8,85,2,1,3,Medium,High,Public,Neutral,4,0,College,Moderate,0,71,1
23,99,-1.0,1,1,7,68,1,1,0,High,High,Private,Positive,2,0,High School,Far,1,70,1
11,91,-1.0,1,0,7,69,1,1,2,Low,Medium,Private,Positive,2,0,College,Near,1,67,1
21,70,-1.0,0,0,7,82,2,1,0,High,High,Public,Positive,3,0,High School,Near,0,65,0
23,62,-1.0,2,1,9,54,0,1,3,Low,Medium,Private,Neutral,4,0,High School,Near,1,65,2
30,99,-1.0,1,1,6,57,1,1,0,Low,Medium,Public,Neutral,4,0,Postgraduate,Near,1,73,1
15,74,-1.0,1,1,4,92,0,1,1,Medium,Medium,Private,Positive,3,0,Postgraduate,Near,1,66,2
12,72,-1.0,1,1,6,60,2,1,0,Low,Medium,Public,Neutral,4,0,Postgraduate,Near,1,62,0
15,96,-1.0,2,0,5,86,1,1,2,High,Medium,Private,Positive,2,0,High School,Near,1,71,1
12,83,-1.0,2,0,8,61,1,1,3,High,Medium,Public,Neutral,5,1,High School,Near,1,66,2
28,69,-1.0,2,1,7,54,0,0,1,Low,Medium,Public,Neutral,2,0,College,Far,1,65,2
29,96,-1.0,2,1,8,95,1,1,0,High,Medium,Private,Positive,2,0,High School,Near,0,75,1
22,100,-1.0,1,0,7,95,1,1,2,Low,Medium,Public,Positive,4,0,College,Near,1,74,1
27,63,-1.0,0,1,7,80,2,1,1,Medium,High,Private,Neutral,3,0,High School,Moderate,1,65,0
21,94,-1.0,1,0,7,73,0,1,2,Low,Medium,Private,Positive,3,0,Postgraduate,Near,0,71,1
19,76,-1.0,0,1,9,78,0,1,1,Low,Medium,Public,Negative,1,0,Postgraduate,Near,0,65,2
18,81,-1.0,0,1,7,70,2,1,0,Low,Medium,Private,Neutral,2,0,College,Near,1,65,0
18,97,-1.0,0,0,9,88,1,1,0,Low,Medium,Public,Neutral,4,0,High School,Moderate,0,67,1
11,99,-1.0,0,1,9,88,1,1,2,Low,Medium,Public,Neutral,2,0,High School,Moderate,1,67,1
22,70,-1.0,1,0,7,91,1,1,2,Medium,Medium,Public,Positive,1,0,High School,Near,1,66,0
20,69,-1.0,1,1,7,76,2,1,1,Medium,Medium,Public,Positive,3,0,High School,Near,0,67,0
24,63,-1.0,1,0,6,90,1,0,2,Low,Medium,Private,Neutral,5,0,Postgraduate,Near,0,66,0
21,82,-1.0,2,0,9,58,1,1,0,Medium,Medium,Public,Negative,2,0,High School,Near,1,65,1
19,61,-1.0,1,1,6,52,0,0,1,Low,Medium,Public,Neutral,3,0,High School,Far,0,59,2
15,76,-1.0,2,1,6,82,1,1,4,Low,High,Private,Positive,4,0,High School,Moderate,0,69,0
20,63,-1.0,1,0,7,55,2,1,2,Low,High,Public,Negative,3,0,High School,Near,1,63,0
24,76,-1.0,1,0,5,78,2,1,1,Medium,Medium,Private,Neutral,4,1,High School,Moderate,1,65,0
13,62,-1.0,0,0,6,86,2,1,2,Low,Medium,Public,Neutral,4,0,High School,Near,1,61,0
21,93,-1.0,1,0,9,70,1,1,0,Medium,High,Public,Neutral,1,0,Postgraduate,Far,0,68,1
21,68,-1.0,2,1,8,52,1,1,3,Low,Medium,Public,Neutral,2,0,College,Moderate,1,65,0
16,73,-1.0,0,0,6,94,1,0,1,Low,Medium,Private,Negative,2,0,College,Moderate,0,61,0
16,95,-1.0,2,1,8,52,1,1,0,Low,Medium,Private,Positive,3,0,Postgraduate,Moderate,1,69,1
21,90,-1.0,1,1,10,95,2,1,2,High,High,Private,Neutral,4,0,College,Near,1,72,1
13,69,-1.0,0,1,7,53,2,0,2,Medium,Medium,Private,Negative,3,1,High School,Near,0,59,0
22,63,-1.0,1,0,9,87,0,1,0,High,High,Public,Negative,2,0,College,Moderate,0,63,2
15,89,-1.0,1,1,8,96,2,1,3,Low,High,Public,Negative,3,0,High School,Near,1,69,1
26,76,-1.0,0,0,7,95,2,1,1,Low,High,Public,Neutral,1,0,Postgraduate,Near,1,67,0
34,91,-1.0,1,0,7,95,1,0,1,Medium,Medium,Public,Negative,3,1,College,Moderate,1,70,2
15,78,-1.0,2,0,8,94,2,1,0,Low,Medium,Private,Positive,4,0,Postgraduate,Moderate,1,67,0
23,74,-1.0,1,1,6,76,1,0,1,Low,Medium,Public,Positive,2,0,College,Near,1,66,0
16,78,-1.0,1,1,4,78,1,1,5,High,Medium,Public,Positive,3,0,High School,Near,0,68,1
26,90,-1.0,2,1,6,81,1,1,1,Low,Medium,Private,Neutral,3,0,Postgraduate,Near,1,71,1
12,96,-1.0,1,0,4,95,1,1,3,Medium,Medium,Private,Neutral,0,1,High School,Near,1,69,1
23,62,-1.0,1,1,6,92,0,1,0,High,Medium,Public,Neutral,2,0,High School,Moderate,1,65,2
15,81,-1.0,1,0,4,89,2,1,0,Low,Medium,Private,Negative,3,0,Postgraduate,Near,0,66,0
19,61,-1.0,2,1,8,84,2,1,2,Medium,High,Public,Positive,4,0,High School,Near,1,66,0
14,79,-1.0,1,0,5,81,2,1,3,High,Medium,Public,Negative,3,0,High School,Near,0,67,0
25,95,-1.0,1,1,8,96,0,1,1,Medium,Medium,Public,Neutral,4,0,Postgraduate,Near,1,74,1
15,74,-1.0,2,0,8,60,0,1,3,Low,Medium,Public,Positive,5,0,High School,Moderate,1,66,2
23,97,-1.0,2,1,8,60,1,1,1,Medium,High,Public,Neutral,3,0,College,Near,1,72,1
18,85,-1.0,0,1,4,99,2,1,0,Low,Medium,Private,Neutral,4,0,College,Near,1,69,0
19,97,-1.0,2,0,9,78,1,1,0,Medium,Medium,Private,Negative,4,0,High School,Moderate,0,68,1
21,90,-1.0,2,1,8,74,1,1,4,Low,Medium,Private,Neutral,3,0,High School,Near,1,71,1
15,64,-1.0,1,0,8,93,1,1,0,Low,Medium,Public,Negative,2,0,High School,Near,0,61,0
21,69,-1.0,1,1,10,92,0,1,2,Low,Medium,Private,Neutral,3,0,High School,Near,1,65,2
29,76,-1.0,2,1,8,59,1,1,4,Low,High,Public,Neutral,2,0,Postgraduate,Near,1,71,0
15,67,-1.0,1,1,5,59,0,1,0,Low,Medium,Private,Neutral,3,0,High School,Near,1,59,2
27,80,-1.0,1,0,8,90,0,1,1,Medium,High,Public,Neutral,3,0,Postgraduate,Near,0,71,2
29,79,-1.0,2,0,5,89,1,1,0,High,High,Public,Neutral,3,0,Postgraduate,Near,0,72,0
15,98,-1.0,2,1,7,61,1,1,1,Low,High,Private,Positive,3,0,College,Moderate,0,71,1
11,77,-1.0,0,1,6,92,0,1,0,Low,Medium,Public,Neutral,5,0,High School,Near,1,61,2
22,91,-1.0,1,0,7,74,1,1,1,Medium,Medium,Private,Negative,2,1,College,Moderate,0,67,2
17,98,-1.0,1,0,5,73,0,1,0,Low,High,Public,Negative,2,0,College,Moderate,1,67,1
31,95,-1.0,1,0,5,99,1,1,1,Medium,Medium,Private,Neutral,4,0,High School,Near,0,74,1
20,68,-1.0,2,0,6,76,0,1,2,Medium,Medium,Public,Neutral,3,0,High School,Near,0,66,2
15,80,-1.0,1,1,7,57,0,1,1,Low,Medium,Private,Negative,4,0,High School,Near,1,63,2
13,74,-1.0,1,0,6,64,0,1,4,High,High,Private,Neutral,3,1,High School,Near,1,63,2
27,76,-1.0,2,0,9,67,1,1,1,Low,Medium,Public,Positive,4,0,High School,Far,0,68,0
17,74,-1.0,0,1,8,98,0,1,1,High,High,Public,Neutral,3,0,High School,Near,0,65,2
20,93,-1.0,0,0,8,63,1,1,0,Low,High,Public,Negative,3,0,High School,Moderate,1,66,1
26,78,-1.0,1,0,6,72,1,1,1,Low,High,Private,Neutral,3,0,High School,Moderate,0,67,0
17,81,-1.0,1,0,5,87,2,1,0,Low,High,Private,Neutral,2,0,College,Near,0,67,0
20,99,-1.0,0,1,7,64,2,1,0,Medium,Medium,Public,Positive,4,0,High School,Near,1,70,1
20,62,-1.0,1,1,10,85,2,1,5,Low,Medium,Private,Neutral,4,0,High School,Near,1,65,0
24,80,-1.0,1,1,7,60,1,1,1,High,High,Public,Positive,3,0,High School,Moderate,0,68,0
24,91,-1.0,2,1,9,62,0,1,3,Low,Medium,Public,Negative,4,0,College,Moderate,1,70,1
19,66,-1.0,0,0,9,99,1,1,1,Medium,Medium,Public,Positive,3,0,College,Near,1,66,0
20,84,-1.0,1,1,8,68,1,1,0,Low,Medium,Private,Positive,4,0,Postgraduate,Near,1,69,1
18,70,-1.0,1,0,7,86,1,1,1,High,Medium,Public,Positive,2,0,High School,Near,0,65,0
11,95,-1.0,1,1,6,92,1,0,2,Medium,Low,Public,Neutral,3,0,Postgraduate,Moderate,0,68,1
22,73,-1.0,1,1,7,67,1,1,3,High,Medium,Private,Positive,2,0,High School,Far,1,65,0
31,73,-1.0,2,1,6,68,2,1,1,Medium,Medium,Public,Positive,3,0,High School,Near,0,70,0
15,84,-1.0,0,1,7,89,2,1,1,Low,High,Public,Neutral,3,0,High School,Near,0,65,0
15,67,-1.0,1,1,5,80,2,1,3,Medium,High,Public,Neutral,4,0,College,Near,1,67,0
15,71,-1.0,0,0,6,68,0,0,5,Low,Medium,Public,Positive,4,0,College,Near,0,64,2
24,77,-1.0,1,0,8,87,2,1,2,Low,Medium,Public,Positive,1,1,Postgraduate,Moderate,0,68,0
23,74,-1.0,2,1,6,93,1,1,4,High,Medium,Private,Neutral,3,0,High School,Near,0,70,0
19,81,-1.0,2,1,6,62,1,0,1,Medium,Low,Public,Negative,3,0,High School,Moderate,0,64,1
14,84,-1.0,1,0,6,51,0,1,4,High,Medium,Public,Neutral,3,0,High School,Near,1,67,1
21,83,-1.0,2,0,7,64,1,1,2,Medium,Low,Private,Neutral,2,0,High School,Near,1,68,1
11,86,-1.0,1,1,4,84,1,1,5,Low,High,Public,Neutral,4,1,High School,Near,1,67,2
21,72,-1.0,0,1,6,96,0,1,4,High,Medium,Public,Positive,2,1,College,Moderate,0,66,2
25,65,-1.0,2,1,8,93,0,0,2,Medium,Medium,Public,Negative,3,0,College,Moderate,0,66,2
12,90,-1.0,0,1,7,61,1,1,2,Low,High,Private,Positive,2,0,High School,Near,1,66,1
11,94,-1.0,0,1,8,94,1,1,2,Low,Medium,Public,Positive,2,0,College,Near,1,67,1
29,70,-1.0,1,1,4,91,0,1,2,Low,Medium,Public,Positive,3,0,College,Near,1,69,2
16,76,-1.0,1,0,6,87,1,1,3,Low,Medium,Private,Neutral,4,0,College,Near,0,65,0
27,80,-1.0,0,1,7,84,0,1,4,Low,Medium,Public,Positive,3,0,College,Moderate,1,68,2
19,81,-1.0,2,0,8,90,1,1,2,Low,Medium,Private,Neutral,3,0,High School,Near,0,67,1
19,86,-1.0,1,1,9,93,0,1,1,Low,High,Public,Positive,3,0,College,Near,1,69,2
23,62,-1.0,1,0,8,91,2,0,3,High,Low,Public,Neutral,3,0,High School,Moderate,1,64,0
15,89,-1.0,1,0,6,56,0,1,2,Medium,Medium,Public,Positive,4,0,College,Near,1,67,1
21,62,-1.0,1,0,6,86,1,1,2,Medium,High,Private,Positive,4,0,High School,Near,0,67,0
18,79,-1.0,2,0,9,92,0,1,1,Low,Medium,Private,Neutral,3,0,College,Near,1,67,2
12,93,-1.0,2,0,6,59,1,1,2,Low,Medium,Private,Positive,3,0,High School,Moderate,0,67,1
22,78,-1.0,2,1,5,61,0,1,2,Low,Medium,Public,Neutral,4,0,College,Near,1,68,2
18,66,-1.0,1,1,7,89,2,1,4,Low,Medium,Public,Positive,3,1,High School,Near,1,65,0
19,99,-1.0,2,0,9,67,0,1,3,High,Medium,Public,Neutral,1,0,College,Moderate,1,70,1
13,96,-1.0,1,0,6,70,1,1,1,Low,High,Public,Neutral,3,0,College,Near,0,68,1
30,91,-1.0,0,1,6,69,1,1,2,Medium,High,Public,Negative,4,0,High School,Moderate,0,72,1
25,76,-1.0,2,0,6,61,1,1,1,Medium,Medium,Public,Neutral,3,0,Postgraduate,Far,1,67,0
26,67,-1.0,0,1,8,97,1,1,2,Medium,Medium,Public,Neutral,0,0,High School,Moderate,0,66,0
18,98,-1.0,0,1,7,90,0,1,0,High,High,Private,Positive,1,0,High School,Moderate,1,68,1
10,81,-1.0,2,0,8,63,1,1,1,Low,Low,Public,Neutral,2,0,High School,Near,1,64,1
32,94,-1.0,2,1,9,55,2,1,4,Medium,Medium,Private,Positive,2,1,High School,Near,1,75,1
20,74,-1.0,0,1,5,69,2,1,1,Medium,Medium,Public,Positive,4,0,College,Moderate,0,66,0
16,73,-1.0,2,1,6,71,1,1,0,Low,Medium,Public,Positive,4,0,Postgraduate,Near,1,67,0
23,99,-1.0,2,0,6,50,1,0,1,High,Medium,Private,Neutral,5,1,High School,Near,1,71,2
27,81,-1.0,2,0,7,94,0,1,0,Low,Medium,Public,Neutral,4,0,College,Moderate,1,68,2
20,66,-1.0,1,1,8,93,1,1,2,Low,High,Public,Neutral,3,0,High School,Near,1,65,0
28,69,-1.0,2,1,6,93,0,1,0,High,Low,Public,Negative,3,0,College,Near,1,67,2
26,79,-1.0,2,1,6,90,0,0,0,High,Medium,Private,Negative,2,1,College,Moderate,1,66,2
14,62,-1.0,1,0,8,87,1,1,1,Medium,Medium,Public,Positive,1,0,High School,Moderate,1,60,0
16,79,-1.0,1,0,8,82,0,1,2,Low,Medium,Private,Neutral,3,1,Postgraduate,Moderate,0,64,2
26,77,-1.0,1,1,7,98,0,1,0,High,Medium,Public,Neutral,1,0,Postgraduate,Moderate,1,69,2
4,91,-1.0,1,0,4,86,0,1,3,Low,Medium,Private,Neutral,4,1,College,Moderate,1,64,2
19,74,-1.0,2,0,9,82,2,1,2,Low,Medium,Private,Neutral,3,0,High School,Moderate,1,66,0
11,99,-1.0,1,1,7,89,2,1,3,Low,Medium,Public,Positive,3,0,College,Near,1,72,1
17,67,-1.0,0,1,7,62,1,1,0,Low,Medium,Public,Positive,4,0,High School,Moderate,0,60,0
18,84,-1.0,2,1,6,98,0,1,3,Medium,Medium,Public,Positive,3,0,High School,Near,1,69,1
18,64,-1.0,1,1,6,51,1,1,2,Low,Medium,Public,Positive,1,0,High School,Near,0,62,0
17,89,-1.0,1,1,6,82,1,1,3,Medium,Medium,Private,Positive,3,0,College,Near,0,70,1
13,100,-1.0,0,1,4,54,0,1,3,Low,Low,Public,Positive,2,0,High School,Near,0,65,1
34,93,-1.0,1,1,6,93,2,1,2,Low,High,Public,Neutral,4,0,High School,Near,1,77,1
31,82,-1.0,2,1,5,98,1,1,0,Low,Low,Public,Neutral,3,0,High School,Near,1,71,1
13,79,-1.0,2,0,7,70,2,1,4,Low,Medium,Public,Positive,3,1,High School,Near,0,66,0
29,93,-1.0,1,0,5,93,1,1,2,Low,Medium,Public,Positive,3,0,Postgraduate,Near,0,74,1
18,97,-1.0,2,0,8,67,1,1,1,Medium,High,Public,Neutral,3,0,High School,Near,1,70,1
21,100,-1.0,1,0,5,58,1,1,2,Medium,Medium,Private,Neutral,2,0,High School,Moderate,1,69,1
20,76,-1.0,1,0,9,64,0,1,2,Low,Medium,Public,Negative,2,0,College,Moderate,1,64,2
16,100,-1.0,1,1,8,65,2,1,1,High,Medium,Public,Positive,2,1,College,Moderate,0,69,1
26,66,-1.0,2,1,5,82,1,1,1,Low,Medium,Public,Neutral,3,0,High School,Near,0,68,0
21,70,-1.0,0,1,7,90,1,0,1,Low,Medium,Public,Neutral,4,0,High School,Moderate,1,63,0
17,64,-1.0,1,1,6,60,1,1,1,Medium,Medium,Private,Positive,2,1,High School,Near,1,61,2
12,71,-1.0,1,0,8,54,1,1,0,Low,Low,Public,Positive,5,0,College,Near,1,61,0
15,91,-1.0,0,1,10,61,1,1,0,Low,High,Public,Neutral,4,0,High School,Moderate,1,65,1
10,94,-1.0,2,0,9,65,1,1,3,Low,Low,Private,Negative,2,0,High School,Moderate,0,65,1
20,91,-1.0,1,1,6,64,2,1,0,High,Medium,Private,Positive,3,1,High School,Moderate,0,69,1
13,85,-1.0,2,1,7,61,2,1,3,Medium,High,Public,Positive,2,0,High School,Moderate,0,69,1
18,81,-1.0,1,0,9,73,1,1,1,High,Medium,Public,Negative,2,0,High School,Near,1,65,1
28,88,-1.0,2,1,8,93,1,1,3,Low,Medium,Public,Negative,1,0,Postgraduate,Moderate,0,72,1
27,76,-1.0,2,1,9,55,1,1,3,Low,Medium,Private,Neutral,0,0,High School,Moderate,0,69,0
20,94,-1.0,1,1,8,93,0,1,1,Medium,Medium,Public,Neutral,3,0,College,Moderate,0,71,1
19,87,-1.0,1,1,7,75,1,1,2,Low,Low,Public,Negative,3,0,High School,Moderate,0,67,1
31,88,-1.0,2,0,7,83,1,1,0,Low,Medium,Private,Neutral,2,0,High School,Near,1,72,1
23,81,-1.0,2,0,5,91,0,1,0,High,High,Public,Positive,3,1,High School,Near,0,70,2
18,95,-1.0,1,1,6,65,2,1,1,Low,High,Public,Negative,3,0,High School,Near,0,68,1
11,70,-1.0,1,0,6,98,1,1,3,High,Medium,Private,Neutral,4,0,Postgraduate,Near,0,66,0
22,75,-1.0,2,0,6,54,0,1,4,Low,High,Public,Positive,4,0,High School,Near,1,68,2
25,91,-1.0,0,1,7,76,0,1,1,Low,High,Private,Positive,3,0,College,Near,0,71,1
16,80,-1.0,1,1,7,63,2,1,2,Low,Medium,Private,Neutral,3,0,College,Far,1,63,0
22,96,-1.0,2,0,7,70,1,0,2,Medium,Medium,Private,Negative,4,0,College,Moderate,1,70,1
18,74,-1.0,2,0,8,72,2,1,1,Low,High,Public,Negative,2,0,College,Moderate,1,65,0
19,75,-1.0,2,1,6,96,1,1,2,Medium,Medium,Public,Positive,4,0,High School,Near,0,70,0
5,96,-1.0,0,1,8,72,0,1,3,Medium,Medium,Public,Negative,5,0,High School,Near,1,65,1
19,79,-1.0,2,1,9,85,1,1,0,Medium,Medium,Public,Positive,2,0,High School,Moderate,1,68,0
26,81,-1.0,1,1,8,98,0,1,1,Medium,Low,Private,Neutral,2,1,High School,Near,0,69,2
16,73,-1.0,1,1,6,75,2,1,3,Medium,Medium,Public,Positive,3,0,High School,Moderate,0,66,0
20,71,-1.0,1,0,8,70,1,1,0,Medium,High,Private,Neutral,3,0,High School,Far,0,62,0
15,86,-1.0,2,0,8,99,2,1,2,Medium,Medium,Public,Neutral,5,0,High School,Near,1,70,0
22,65,-1.0,0,0,8,91,1,1,2,High,Medium,Public,Negative,2,0,College,Moderate,0,65,0
19,95,-1.0,2,1,9,97,0,1,0,Medium,Medium,Public,Neutral,2,0,Postgraduate,Near,1,71,1
14,91,-1.0,2,1,8,70,1,1,2,Low,Medium,Private,Neutral,0,0,Postgraduate,Moderate,1,68,1
28,68,-1.0,0,1,9,85,1,1,0,Medium,Medium,Public,Negative,3,0,Postgraduate,Near,1,65,0
26,88,-1.0,2,1,7,62,2,0,1,High,High,Private,Positive,2,0,High School,Near,0,70,1
16,84,-1.0,2,1,6,93,1,1,0,High,Medium,Public,Positive,3,0,High School,Moderate,1,69,1
23,67,-1.0,0,1,9,97,1,1,1,Medium,Medium,Private,Positive,3,0,College,Moderate,1,66,0
23,71,-1.0,1,1,6,63,0,1,1,Low,High,Public,Positive,5,0,College,Moderate,1,66,2
24,76,-1.0,1,0,10,55,0,1,2,Low,Medium,Public,Positive,4,0,High School,Near,1,67,2
10,88,-1.0,1,0,9,60,1,1,1,Low,Medium,Public,Positive,3,0,High School,Moderate,0,63,1
26,86,-1.0,2,1,7,82,1,1,2,Low,Medium,Private,Positive,3,0,High School,Moderate,0,70,1
17,81,-1.0,1,0,9,64,1,1,0,High,Medium,Public,Positive,3,1,High School,Far,1,65,2
18,91,-1.0,2,0,8,82,1,1,3,Medium,Medium,Private,Positive,2,0,High School,Moderate,1,70,1
36,90,-1.0,2,1,5,68,0,1,1,Low,High,Public,Positive,2,0,High School,Moderate,1,74,1
22,85,-1.0,1,1,6,96,1,1,0,Low,Medium,Public,Neutral,3,0,High School,Moderate,0,69,1
18,91,-1.0,1,0,7,73,0,1,0,Low,Medium,Public,Negative,4,0,College,Near,1,68,1
7,73,-1.0,1,1,7,75,1,1,1,High,High,Private,Positive,3,0,College,Near,1,64,0
28,95,-1.0,1,0,9,67,0,1,2,Medium,Medium,Public,Neutral,3,0,High School,Near,1,73,1
12,85,-1.0,1,1,7,54,1,1,4,Low,High,Public,Positive,3,0,College,Moderate,1,66,1
14,93,-1.0,0,1,5,75,0,1,0,Medium,High,Public,Negative,3,0,High School,Moderate,1,65,1
18,82,-1.0,0,1,6,89,2,1,0,Medium,Medium,Private,Positive,1,1,College,Moderate,1,66,0
28,69,-1.0,0,0,8,98,1,1,0,Medium,Medium,Public,Positive,5,0,High School,Near,1,67,0
25,82,-1.0,2,0,4,54,1,1,0,Medium,Medium,Public,Neutral,3,0,High School,Near,1,67,1
19,75,-1.0,1,1,5,90,2,1,0,Medium,Medium,Private,Negative,3,0,Postgraduate,Near,0,66,0
22,88,-1.0,0,1,6,63,0,1,3,Low,Medium,Public,Positive,3,0,Postgraduate,Near,1,69,1
16,79,-1.0,1,1,8,91,1,1,4,High,Medium,Private,Positive,1,0,Postgraduate,Near,1,69,1
21,93,-1.0,0,0,7,67,2,1,2,Low,Medium,Public,Neutral,3,0,College,Far,0,68,1
20,87,-1.0,0,0,8,56,1,0,1,High,Medium,Public,Negative,1,0,College,Near,0,64,1
26,87,-1.0,1,1,7,81,1,1,1,High,Medium,Public,Negative,2,0,High School,Near,1,70,1
26,69,-1.0,1,0,7,95,1,1,1,Low,Medium,Public,Negative,4,0,Postgraduate,Near,0,67,0
23,99,-1.0,0,0,6,59,1,1,1,Medium,Medium,Public,Positive,3,0,High School,Far,1,68,1
18,94,-1.0,1,1,8,51,1,1,0,High,Medium,Public,Positive,3,1,College,Moderate,0,67,2
24,92,-1.0,1,1,5,94,0,1,1,Medium,Medium,Public,Neutral,2,0,Postgraduate,Near,0,73,1
19,73,-1.0,1,1,7,85,1,1,1,Medium,Medium,Public,Neutral,3,0,High School,Far,1,65,0
14,81,-1.0,2,0,9,90,1,1,3,High,High,Public,Neutral,3,0,Postgraduate,Near,1,69,1
18,65,-1.0,1,1,6,53,1,1,1,Medium,Medium,Private,Positive,3,1,Postgraduate,Near,1,63,2
21,82,-1.0,1,0,5,95,1,1,3,Low,Low,Public,Positive,4,0,High School,Near,0,68,1
25,66,-1.0,2,0,4,71,2,1,0,Medium,Medium,Public,Negative,3,1,High School,Near,0,64,0
19,82,-1.0,2,0,8,95,1,1,2,Low,High,Public,Neutral,4,1,Postgraduate,Moderate,0,68,2
13,86,-1.0,2,1,8,53,1,1,2,Low,High,Public,Positive,4,0,High School,Far,1,66,1
20,76,-1.0,1,0,6,94,0,1,2,Low,High,Public,Neutral,3,1,High School,Moderate,1,65,2
21,80,-1.0,1,1,5,84,0,1,4,Low,Medium,Private,Neutral,2,0,Postgraduate,Near,0,69,2
21,95,-1.0,1,0,7,78,2,1,2,Low,High,Public,Neutral,2,1,High School,Near,1,69,1
26,64,-1.0,2,1,9,53,1,0,2,Low,High,Public,Negative,4,0,College,Near,1,64,0
26,92,-1.0,2,0,5,84,2,1,0,Medium,High,Public,Neutral,2,0,Postgraduate,Near,1,74,1
16,67,-1.0,1,0,9,80,1,1,1,Low,High,Public,Neutral,3,0,High School,Near,0,64,0
16,61,-1.0,0,0,4,86,1,1,3,Medium,High,Public,Positive,4,0,High School,Near,0,63,0
14,67,-1.0,1,1,5,86,1,0,0,High,Medium,Public,Positive,4,0,College,Moderate,0,64,0
24,91,-1.0,1,1,7,72,1,1,3,Medium,High,Public,Neutral,3,0,High School,Moderate,1,71,1
29,76,-1.0,2,1,8,60,1,1,2,Medium,Medium,Public,Negative,3,0,High School,Near,0,68,0
18,95,-1.0,1,1,9,96,0,1,4,Medium,Medium,Public,Negative,4,0,College,Near,0,72,1
19,81,-1.0,0,1,8,96,2,1,1,Low,Medium,Private,Negative,4,0,Postgraduate,Near,1,67,0
29,61,-1.0,2,0,9,61,1,1,0,Low,Medium,Private,Negative,3,0,High School,Near,1,64,0
23,89,-1.0,0,0,7,82,1,1,2,High,High,Public,Positive,1,0,College,Near,1,70,1
23,64,-1.0,1,1,6,60,0,1,2,Medium,Medium,Public,Negative,3,0,College,Near,0,65,2
13,92,-1.0,1,0,9,93,2,1,2,High,Medium,Public,Negative,2,0,College,Moderate,1,69,1
24,67,-1.0,1,0,9,55,2,1,2,Low,Low,Public,Positive,2,0,College,Moderate,1,65,0
14,74,-1.0,1,0,8,100,1,1,1,Low,Medium,Public,Neutral,3,0,College,Near,1,66,0
13,90,-1.0,1,0,8,81,1,1,0,Medium,Medium,Public,Positive,3,0,High School,Moderate,0,67,1
18,98,-1.0,0,0,9,51,1,1,1,High,Medium,Public,Neutral,4,0,College,Near,1,68,1
16,75,-1.0,1,1,8,94,1,1,0,Medium,Medium,Private,Positive,3,0,High School,Moderate,1,65,0
19,93,-1.0,1,0,7,84,2,0,0,Medium,Low,Public,Neutral,2,0,College,Near,1,68,1
11,68,-1.0,2,1,8,85,2,0,2,Medium,Medium,Public,Negative,2,0,College,Near,1,63,0
26,92,-1.0,1,0,8,64,1,1,1,Medium,Medium,Private,Positive,5,0,High School,Near,1,71,1
27,86,-1.0,1,0,8,67,1,1,1,Low,Medium,Public,Positive,4,0,College,Near,1,71,1
8,68,-1.0,1,1,7,96,1,1,2,Low,High,Public,Positive,3,0,Postgraduate,Near,0,65,0
26,72,-1.0,0,0,8,82,1,1,2,Medium,Low,Public,Negative,2,0,Postgraduate,Far,0,65,0
15,65,-1.0,0,1,8,51,1,1,1,High,Medium,Public,Positive,3,0,High School,Moderate,0,61,0
25,75,-1.0,2,1,7,66,0,1,0,Low,High,Public,Negative,4,0,High School,Near,1,68,2
20,68,-1.0,1,1,6,80,0,1,4,Low,Medium,Private,Neutral,4,0,College,Near,0,65,2
20,86,-1.0,1,0,9,57,1,1,0,Medium,High,Public,Positive,4,0,High School,Moderate,1,66,1
19,100,-1.0,0,1,5,55,0,1,2,Low,Medium,Public,Positive,4,0,High School,Moderate,1,69,1
27,60,-1.0,2,0,6,53,0,1,3,Low,Low,Private,Positive,2,0,High School,Moderate,0,65,2
13,82,-1.0,2,0,7,82,1,1,1,Low,Low,Public,Positive,3,0,High School,Near,0,65,1
24,83,-1.0,1,0,4,66,2,1,2,Medium,High,Private,Positive,4,1,Postgraduate,Moderate,1,70,0
27,97,-1.0,1,0,9,69,1,1,1,Low,Medium,Private,Neutral,2,0,High School,Moderate,0,70,1
24,80,-1.0,1,1,7,53,1,1,2,Low,Medium,Public,Positive,4,1,High School,Near,0,67,2
34,82,-1.0,2,1,9,87,2,1,3,Low,Medium,Public,Positive,4,0,High School,Near,0,75,0
17,79,-1.0,0,1,10,88,0,1,3,Medium,High,Private,Neutral,3,0,High School,Moderate,0,65,2
26,71,-1.0,1,1,7,91,1,0,2,Low,Medium,Private,Neutral,3,0,High School,Moderate,0,66,0
19,62,-1.0,1,1,9,83,2,1,2,Medium,Medium,Public,Positive,3,0,College,Moderate,1,67,0
27,76,-1.0,1,1,5,89,0,1,0,Low,Medium,Private,Positive,4,0,Postgraduate,Far,1,67,2
20,62,-1.0,1,0,8,79,2,1,2,Low,Medium,Public,Positive,1,0,High School,Near,0,62,0
18,82,-1.0,1,1,6,75,1,1,0,Low,Medium,Private,Negative,4,0,College,Near,1,66,1
28,72,-1.0,2,0,8,63,0,1,1,Low,High,Public,Neutral,2,0,College,Near,1,66,2
17,81,-1.0,0,1,8,53,2,1,0,Medium,Medium,Public,Neutral,2,0,High School,Far,1,64,0
12,65,-1.0,1,0,7,65,1,1,2,Medium,Medium,Public,Neutral,2,0,High School,Near,1,60,0
17,97,-1.0,1,1,8,84,1,0,3,Low,Low,Private,Neutral,3,0,Postgraduate,Near,0,70,1
24,96,-1.0,1,0,8,96,1,1,2,Low,Low,Public,Positive,3,0,College,Near,0,72,1
28,68,-1.0,1,1,7,63,1,1,0,Low,High,Public,Negative,2,0,College,Near,1,67,0
21,74,-1.0,2,1,10,83,0,1,1,High,Medium,Public,Neutral,3,0,High School,Moderate,0,67,2
28,85,-1.0,1,1,7,74,1,1,1,Medium,High,Public,Positive,3,0,Postgraduate,Near,0,72,1
12,64,-1.0,2,1,9,81,1,0,1,High,High,Public,Neutral,3,0,High School,Moderate,1,63,0
17,74,-1.0,1,0,9,50,1,1,0,Low,High,Public,Negative,2,0,High School,Far,0,60,0
18,70,-1.0,1,1,4,56,1,1,1,High,High,Public,Neutral,4,0,High School,Near,1,65,0
19,97,-1.0,1,1,9,61,2,1,2,Medium,High,Public,Neutral,1,0,Postgraduate,Moderate,1,72,1
21,94,-1.0,2,0,9,95,0,1,0,Medium,High,Private,Negative,3,0,High School,Near,1,70,1
24,83,-1.0,1,1,7,52,2,1,1,Medium,High,Public,Positive,4,0,College,Near,0,71,0
17,81,-1.0,1,1,8,78,0,1,1,Low,High,Private,Positive,4,0,College,Moderate,1,66,2
21,97,-1.0,1,1,8,96,2,1,2,Low,High,Public,Positive,4,0,College,Moderate,0,72,1
20,97,-1.0,1,1,9,83,2,1,3,Medium,High,Public,Positive,3,0,Postgraduate,Near,0,73,1
14,99,-1.0,1,1,6,74,1,1,2,Medium,Medium,Public,Neutral,3,0,College,Near,1,71,1
19,65,-1.0,0,0,9,69,1,1,4,Low,High,Public,Neutral,2,0,College,Far,1,64,0
19,66,-1.0,2,1,5,81,1,1,1,High,Medium,Private,Positive,3,0,College,Moderate,1,66,0
19,87,-1.0,1,0,4,74,2,1,1,High,Medium,Public,Positive,3,0,College,Near,1,69,1
20,82,-1.0,1,0,8,85,0,1,1,Medium,High,Private,Neutral,3,1,Postgraduate,Near,0,66,2
20,61,-1.0,2,0,9,81,1,1,0,High,High,Public,Neutral,2,1,High School,Near,1,63,2
17,62,-1.0,1,1,7,78,1,1,0,Medium,High,Public,Negative,3,0,High School,Near,1,62,0
28,96,-1.0,0,1,4,98,2,1,1,High,High,Public,Positive,3,0,High School,Near,1,98,1
13,95,-1.0,2,1,5,92,0,1,1,Medium,Medium,Private,Positive,2,0,College,Near,0,71,1
16,74,-1.0,1,0,8,80,1,1,0,Low,Medium,Public,Positive,4,0,Postgraduate,Near,0,66,0
37,96,-1.0,1,0,7,77,1,1,2,Medium,Medium,Public,Positive,3,0,High School,Moderate,0,75,1
14,84,-1.0,1,1,9,86,2,1,1,Low,Medium,Private,Positive,4,0,High School,Near,0,68,0
12,92,-1.0,1,0,7,90,1,1,2,Medium,High,Public,Negative,5,0,High School,Near,1,69,1
24,77,-1.0,0,1,6,65,2,1,2,Medium,High,Private,Positive,3,0,High School,Near,1,68,0
8,65,-1.0,1,0,7,83,0,1,3,Medium,Medium,Public,Negative,4,0,High School,Near,0,60,2
19,77,-1.0,0,0,9,57,0,1,4,Medium,Medium,Public,Neutral,3,1,High School,Near,0,64,2
33,78,-1.0,1,0,9,72,1,1,4,Medium,Medium,Public,Positive,3,0,High School,Moderate,1,71,0
11,82,-1.0,2,0,7,97,0,1,2,High,Medium,Public,Positive,3,0,College,Near,1,69,2
8,64,-1.0,1,1,7,66,1,1,1,Low,Medium,Private,Positive,3,0,College,Near,1,60,0
11,100,-1.0,2,1,8,58,2,1,1,Low,Medium,Private,Positive,3,0,College,Near,0,70,1
25,70,-1.0,1,1,6,57,1,1,4,Medium,Medium,Private,Neutral,3,0,High School,Near,1,66,0
27,68,-1.0,1,0,8,70,2,1,0,Medium,Medium,Private,Positive,3,0,Postgraduate,Near,1,68,0
17,81,-1.0,0,0,7,61,1,1,2,High,Medium,Public,Positive,2,0,College,Near,0,67,1
24,81,-1.0,1,1,7,71,2,1,1,Medium,High,Public,Neutral,3,0,College,Near,1,70,0
28,78,-1.0,1,1,7,86,0,1,0,Low,High,Public,Neutral,2,0,College,Moderate,1,69,2
31,91,-1.0,2,1,7,94,2,1,2,High,High,Public,Negative,3,0,High School,Far,1,75,1
19,81,-1.0,0,1,10,56,0,1,1,Medium,High,Public,Positive,3,0,High School,Near,1,65,2
6,84,-1.0,1,1,6,88,1,1,1,Low,Medium,Private,Positive,5,0,Postgraduate,Moderate,1,65,1
15,89,-1.0,0,0,6,55,1,1,1,Medium,Medium,Public,Positive,4,0,Postgraduate,Moderate,1,66,1
17,61,-1.0,1,1,9,69,2,1,1,Medium,High,Public,Positive,3,0,High School,Far,1,64,0
18,83,-1.0,1,0,8,100,1,1,1,Low,High,Private,Negative,2,0,High School,Near,0,66,1
19,95,-1.0,2,1,8,53,1,1,3,Low,Medium,Public,Positive,1,0,High School,Moderate,0,70,1
27,61,-1.0,0,0,5,51,2,1,1,Low,Medium,Private,Positive,1,0,College,Far,1,63,0
28,76,-1.0,0,0,7,67,2,1,1,High,Low,Public,Negative,4,0,College,Near,1,66,0
19,97,-1.0,1,1,8,98,0,1,1,Medium,Medium,Public,Positive,3,0,College,Near,0,71,1
27,74,-1.0,2,0,6,51,2,1,2,Medium,Medium,Private,Positive,4,0,High School,Far,1,68,0
22,78,-1.0,1,1,8,61,1,1,2,High,Medium,Public,Positive,5,0,High School,Moderate,1,68,0
20,99,-1.0,1,0,7,80,2,1,0,Medium,High,Public,Negative,3,0,Postgraduate,Near,1,71,1
25,68,-1.0,1,0,6,62,0,1,1,Low,High,Private,Negative,4,0,College,Moderate,0,63,2
20,63,-1.0,0,0,9,53,0,1,1,Medium,Medium,Public,Positive,4,0,High School,Near,1,60,2
32,94,-1.0,2,1,9,53,1,1,1,Medium,Medium,Public,Neutral,3,0,High School,Near,0,73,1
11,95,-1.0,1,1,7,78,0,1,4,Medium,Medium,Private,Negative,4,0,High School,Near,0,68,1
17,79,-1.0,2,1,8,78,1,1,2,High,Medium,Public,Positive,5,0,High School,Near,0,70,0
19,81,-1.0,1,1,9,85,1,1,1,Low,Medium,Public,Neutral,1,0,High School,Moderate,1,66,1
23,93,-1.0,1,0,6,57,1,1,1,High,Medium,Public,Positive,2,0,Postgraduate,Near,0,72,1
28,90,-1.0,0,1,8,75,1,1,1,Low,High,Public,Neutral,3,1,High School,Moderate,1,70,2
20,71,-1.0,2,1,6,80,1,1,2,High,Low,Public,Positive,3,0,High School,Near,1,68,0
11,61,-1.0,1,1,5,61,1,1,3,Medium,High,Public,Neutral,0,1,Postgraduate,Near,1,60,2
25,79,-1.0,1,0,6,77,0,0,2,Low,High,Public,Neutral,3,0,High School,Near,1,68,2
25,94,-1.0,2,0,5,85,2,1,1,Medium,Medium,Public,Neutral,2,0,College,Near,0,74,1
8,96,-1.0,1,1,8,100,2,1,1,High,Medium,Public,Negative,4,0,High School,Moderate,1,68,1
20,98,-1.0,1,1,6,80,0,1,4,Medium,Medium,Public,Positive,4,0,College,Near,1,72,1
10,95,-1.0,2,1,5,93,2,1,0,Low,High,Public,Positive,3,0,High School,Moderate,1,69,1
16,83,-1.0,1,1,8,92,0,1,2,High,High,Public,Positive,4,0,Postgraduate,Near,0,98,2
15,78,-1.0,2,0,8,97,1,1,1,Medium,Medium,Public,Neutral,4,0,Postgraduate,Near,1,68,0
25,91,-1.0,0,0,7,86,1,1,0,Medium,Medium,Public,Neutral,5,0,High School,Near,0,70,1
21,90,-1.0,1,0,8,61,1,1,1,High,Medium,Public,Positive,4,0,Postgraduate,Moderate,0,69,1
12,82,-1.0,0,0,6,65,0,1,3,Medium,Medium,Private,Negative,3,0,High School,Near,0,64,2
25,63,-1.0,0,0,6,89,2,1,1,Medium,High,Private,Neutral,4,0,High School,Moderate,1,65,0
11,97,-1.0,1,0,8,76,2,1,2,Medium,High,Public,Positive,2,0,High School,Moderate,0,69,1
22,78,-1.0,0,0,9,63,2,1,2,Medium,High,Public,Neutral,4,0,High School,Near,1,67,0
15,75,-1.0,2,0,6,83,0,1,1,High,Medium,Private,Negative,2,0,High School,Near,0,65,2
18,85,-1.0,2,1,6,95,2,1,2,Low,Low,Private,Positive,4,0,College,Near,0,70,0
23,87,-1.0,0,0,8,68,1,1,0,High,High,Private,Neutral,3,0,College,Far,1,68,1
23,68,-1.0,1,1,8,80,1,1,1,Medium,Low,Public,Neutral,1,0,High School,Near,0,65,0
28,93,-1.0,1,0,7,79,2,1,0,Medium,Medium,Public,Positive,4,0,Postgraduate,Near,1,74,1
20,72,-1.0,1,1,9,56,1,1,4,High,Medium,Public,Negative,2,0,High School,Near,1,65,0
22,67,-1.0,2,1,10,55,1,1,1,Low,Medium,Public,Positive,2,0,High School,Moderate,1,65,0
17,76,-1.0,1,1,8,94,1,1,3,Medium,Medium,Public,Neutral,4,0,High School,Moderate,0,68,0
21,89,-1.0,1,0,6,97,1,0,1,Low,Medium,Private,Negative,3,0,Postgraduate,Far,0,68,1
23,99,-1.0,1,0,8,95,2,1,5,Medium,Medium,Public,Neutral,4,0,High School,Moderate,0,74,1
19,92,-1.0,1,0,6,70,2,1,2,Medium,Medium,Private,Negative,3,0,High School,Near,0,71,1
9,98,-1.0,1,1,9,64,1,1,1,Low,Medium,Private,Negative,3,0,High School,Near,1,67,1
22,66,-1.0,1,1,6,97,0,1,0,High,Low,Public,Neutral,3,0,High School,Moderate,0,64,2
22,63,-1.0,0,1,7,94,1,1,0,Medium,Low,Public,Negative,3,1,High School,Far,1,61,2
16,82,-1.0,1,0,6,91,1,1,0,Low,Medium,Public,Positive,3,0,High School,Near,0,66,1
12,72,-1.0,1,0,7,67,0,1,0,Low,Medium,Public,Positive,2,0,High School,Near,0,61,2
29,93,-1.0,2,0,7,82,1,1,5,Low,Medium,Public,Negative,3,0,High School,Moderate,1,73,1
23,87,-1.0,1,0,8,88,2,1,2,Medium,High,Public,Neutral,3,0,High School,Near,1,70,0
19,99,-1.0,1,0,7,79,1,1,2,Low,Medium,Private,Neutral,2,0,Postgraduate,Near,1,70,1
13,70,-1.0,0,1,7,80,2,1,1,High,Medium,Public,Positive,4,0,College,Far,0,63,0
15,79,-1.0,1,1,6,88,1,1,3,High,Medium,Public,Neutral,3,0,Postgraduate,Moderate,1,69,1
28,80,-1.0,2,0,7,88,1,1,2,High,Medium,Public,Negative,2,0,High School,Near,1,72,1
21,70,-1.0,2,1,5,62,1,1,2,Low,High,Public,Neutral,2,0,High School,Near,0,66,0
17,84,-1.0,2,0,9,70,1,1,1,High,Medium,Public,Negative,4,0,High School,Near,1,68,1
23,78,-1.0,2,0,7,89,1,1,1,Medium,Low,Public,Neutral,3,0,High School,Far,1,67,0
15,78,-1.0,2,1,9,63,1,0,2,Medium,Medium,Private,Positive,3,0,Postgraduate,Far,0,65,0
29,75,-1.0,1,1,7,96,0,1,2,Low,Medium,Public,Positive,3,0,High School,Moderate,1,68,2
28,61,-1.0,1,1,4,92,0,1,1,Medium,High,Private,Neutral,4,0,College,Near,0,68,2
17,81,-1.0,1,0,6,95,2,1,2,Medium,Medium,Private,Positive,3,0,High School,Near,1,69,0
16,73,-1.0,2,1,7,65,0,1,1,Medium,Medium,Private,Positive,4,0,College,Moderate,1,66,2
4,60,-1.0,1,1,7,55,1,1,2,Low,Medium,Private,Neutral,2,0,Postgraduate,Near,1,58,0
11,72,-1.0,0,0,8,55,2,1,0,Medium,Low,Public,Neutral,3,1,College,Near,1,60,0
12,71,-1.0,2,1,7,78,2,1,3,Low,Medium,Public,Positive,4,0,College,Moderate,0,67,0
21,76,-1.0,1,1,6,65,0,1,2,Low,High,Public,Negative,2,0,High School,Near,0,65,2
18,65,-1.0,1,1,6,63,2,1,1,Low,Medium,Public,Negative,2,0,High School,Far,1,62,0
12,80,-1.0,2,1,6,61,1,1,0,High,High,Private,Neutral,2,0,High School,Near,1,65,1
18,88,-1.0,2,0,8,78,1,1,0,Medium,Medium,Public,Neutral,2,0,College,Moderate,1,69,1
23,85,-1.0,2,0,8,77,1,1,0,High,Medium,Public,Positive,4,0,College,Near,1,70,1
23,92,-1.0,2,1,6,71,2,1,2,Low,Medium,Public,Positive,2,0,High School,Moderate,1,70,1
9,78,-1.0,1,0,9,57,0,1,1,Low,High,Public,Positive,5,0,High School,Moderate,0,63,2
19,81,-1.0,1,1,8,96,2,1,0,Medium,High,Public,Neutral,4,0,Postgraduate,Near,1,69,0
12,92,-1.0,1,0,6,71,0,1,0,Medium,High,Private,Negative,4,0,High School,Near,1,64,1
25,77,-1.0,2,0,7,56,1,1,1,Low,Medium,Public,Positive,3,0,Postgraduate,Near,1,69,0
25,88,-1.0,1,1,8,52,0,1,1,Medium,Medium,Public,Positive,2,0,High School,Near,1,70,1
15,77,-1.0,1,1,5,58,1,1,1,Low,Medium,Public,Positive,3,0,College,Moderate,0,64,0
15,77,-1.0,1,1,5,65,0,0,2,Low,Medium,Public,Positive,4,1,Postgraduate,Near,1,65,2
17,90,-1.0,1,0,8,82,1,1,0,Medium,High,Public,Neutral,4,0,College,Near,1,70,1
6,67,-1.0,0,1,6,99,0,1,0,Medium,Medium,Private,Neutral,2,0,College,Near,1,60,2
22,74,-1.0,2,1,9,64,2,1,3,Medium,Medium,Public,Neutral,3,0,High School,Near,0,68,0
18,69,-1.0,0,1,10,89,0,1,2,Low,High,Public,Neutral,1,1,High School,Moderate,1,61,2
26,74,-1.0,0,1,8,96,1,1,2,Medium,High,Private,Neutral,3,0,High School,Near,0,68,0
13,69,-1.0,0,0,8,70,1,1,1,High,High,Private,Neutral,3,0,High School,Moderate,1,61,0
16,83,-1.0,1,0,5,63,0,1,2,High,Medium,Private,Positive,3,1,High School,Moderate,0,64,2
11,92,-1.0,1,0,5,75,1,1,2,Medium,Medium,Public,Negative,3,0,High School,Near,0,66,1
14,91,-1.0,1,1,7,95,1,1,2,High,High,Public,Positive,2,0,High School,Moderate,1,70,1
13,75,-1.0,2,1,5,51,1,1,3,Medium,Medium,Private,Negative,3,0,High School,Near,0,65,0
26,100,-1.0,2,1,7,74,2,1,1,Medium,Medium,Public,Neutral,2,0,High School,Near,0,74,1
16,84,-1.0,2,0,6,88,0,1,1,Medium,Medium,Private,Negative,1,1,High School,Near,1,66,2
21,76,-1.0,1,1,7,80,2,1,3,Low,Medium,Public,Negative,2,1,College,Near,1,65,0
18,93,-1.0,2,0,7,75,2,1,1,High,Medium,Private,Positive,1,0,College,Moderate,0,69,1
12,89,-1.0,2,1,8,78,0,1,4,Low,Medium,Public,Neutral,5,0,Postgraduate,Near,0,69,1
19,90,-1.0,2,0,7,81,1,1,2,Medium,Medium,Private,Positive,2,0,High School,Near,0,69,1
24,68,-1.0,0,0,6,84,1,1,1,Low,High,Public,Positive,4,0,High School,Near,0,66,0
13,79,-1.0,0,0,5,68,1,0,2,High,Medium,Private,Positive,3,0,High School,Near,0,63,1
25,94,-1.0,0,1,7,76,1,1,1,Low,High,Private,Neutral,2,1,High School,Moderate,0,69,2
15,80,-1.0,2,1,4,64,1,1,1,Medium,Medium,Public,Neutral,1,0,High School,Near,1,65,1
17,87,-1.0,1,0,9,99,1,1,1,Medium,Low,Private,Neutral,3,0,High School,Moderate,1,67,1
23,84,-1.0,1,0,8,59,0,1,1,Low,High,Public,Positive,4,1,Postgraduate,Far,0,66,2
16,94,-1.0,1,1,8,58,1,1,2,Low,Medium,Public,Positive,3,1,College,Near,1,67,2
20,71,-1.0,2,1,6,63,2,1,1,Low,Medium,Public,Positive,2,0,College,Moderate,1,65,0
18,83,-1.0,2,0,8,96,0,1,0,Medium,High,Public,Positive,4,1,Postgraduate,Near,0,69,2
21,65,-1.0,2,0,6,83,1,1,3,Low,High,Public,Neutral,5,0,High School,Near,1,65,0
6,88,-1.0,2,1,7,73,1,1,3,Low,Medium,Private,Neutral,3,0,College,Near,1,67,1
9,89,-1.0,1,1,6,96,1,1,0,High,Low,Public,Negative,4,0,High School,Near,1,66,1
24,62,-1.0,1,0,7,95,1,1,1,High,Low,Public,Positive,3,0,College,Far,0,64,0
26,87,-1.0,2,0,5,70,0,1,1,Low,Medium,Private,Positive,2,0,High School,Near,0,70,1
15,77,-1.0,2,1,7,78,1,1,0,Low,High,Public,Neutral,3,0,High School,Moderate,1,65,0
19,65,-1.0,1,1,5,95,1,1,2,Medium,High,Private,Neutral,4,0,College,Near,1,65,0
22,77,-1.0,0,0,10,66,1,1,2,Low,Medium,Public,Positive,3,0,College,Moderate,1,64,0
24,68,-1.0,0,1,7,70,0,1,1,Low,Low,Public,Neutral,3,0,College,Near,1,64,2
8,77,-1.0,0,1,7,90,0,1,1,Medium,Medium,Public,Neutral,0,0,High School,Moderate,1,61,2
15,75,-1.0,1,0,8,85,1,1,1,Low,High,Public,Neutral,3,0,High School,Near,1,65,0
18,90,-1.0,1,1,5,52,0,1,5,Medium,Medium,Private,Positive,3,1,High School,Moderate,1,68,2
24,91,-1.0,2,1,6,56,1,1,1,Low,High,Public,Positive,2,0,College,Moderate,1,70,1
35,84,-1.0,1,1,8,92,2,1,6,Low,High,Public,Negative,4,0,High School,Moderate,1,74,0
19,61,-1.0,1,0,7,51,0,1,1,Low,High,Public,Neutral,1,0,High School,Near,0,60,2
12,97,-1.0,0,1,6,96,1,1,2,Low,High,Public,Positive,2,0,Postgraduate,Near,0,71,1
22,87,-1.0,2,1,8,64,1,0,2,Medium,High,Public,Negative,3,0,High School,Moderate,0,70,1
28,61,-1.0,1,1,7,80,0,1,2,Medium,Medium,Public,Positive,4,0,Postgraduate,Near,0,67,2
21,93,-1.0,1,1,8,78,1,0,0,Low,Medium,Private,Neutral,3,0,High School,Near,1,68,1
15,68,-1.0,1,0,8,70,1,1,3,Medium,High,Public,Negative,3,0,High School,Near,0,64,0
26,83,-1.0,0,0,6,52,1,1,0,Low,High,Public,Negative,3,0,High School,Near,1,67,1
24,79,-1.0,0,0,7,60,0,1,0,Low,High,Public,Neutral,3,0,Postgraduate,Near,0,65,2
14,77,-1.0,1,1,4,81,0,1,3,Medium,Medium,Private,Neutral,3,0,College,Near,0,66,2
22,96,-1.0,1,1,6,72,0,1,1,High,Medium,Public,Positive,4,0,College,Near,0,72,1
26,77,-1.0,1,1,7,71,2,1,3,High,Medium,Public,Neutral,3,0,High School,Near,0,69,0
27,63,-1.0,1,1,8,55,0,1,1,Medium,Medium,Private,Neutral,3,0,Postgraduate,Near,0,65,2
20,98,-1.0,2,1,8,67,1,1,0,High,Medium,Public,Positive,3,0,High School,Near,0,71,1
18,97,-1.0,2,1,6,76,1,1,0,Medium,High,Public,Neutral,5,0,High School,Moderate,1,72,1
27,87,-1.0,1,0,6,54,1,1,0,Medium,Medium,Private,Positive,2,0,High School,Near,0,70,1
13,79,-1.0,1,0,9,53,1,0,1,Medium,Medium,Private,Positive,2,0,College,Moderate,1,63,0
23,64,-1.0,1,0,7,75,1,1,2,Medium,High,Public,Positive,2,0,College,Near,0,66,0
12,92,-1.0,0,1,7,78,2,1,3,Medium,High,Public,Negative,2,0,College,Near,1,67,1
26,63,-1.0,2,0,8,63,0,1,1,High,High,Public,Neutral,3,0,Postgraduate,Near,1,67,2
18,63,-1.0,1,1,7,66,0,1,2,Medium,Medium,Private,Negative,2,0,College,Near,0,62,2
28,81,-1.0,2,1,7,90,2,1,3,Medium,Medium,Private,Negative,3,0,High School,Moderate,1,72,0
23,66,-1.0,2,1,7,93,2,1,1,High,High,Public,Positive,1,0,High School,Near,0,69,0
13,60,-1.0,1,1,6,66,1,1,1,Medium,High,Public,Positive,5,1,College,Moderate,1,61,2
29,77,-1.0,0,1,7,68,2,1,1,Medium,Medium,Public,Positive,3,0,High School,Far,0,67,0
29,65,-1.0,1,1,4,92,1,0,0,Medium,Medium,Private,Positive,4,0,High School,Near,0,66,0
25,66,-1.0,1,1,6,99,1,1,2,Medium,Medium,Public,Positive,3,0,College,Near,0,68,0
15,63,-1.0,2,0,8,66,2,1,1,Low,Medium,Private,Negative,4,0,College,Near,1,62,0
18,68,-1.0,0,1,8,89,1,1,0,Medium,Low,Public,Negative,3,0,College,Far,1,63,0
21,89,-1.0,1,1,9,74,2,1,3,Low,Medium,Private,Positive,4,0,High School,Moderate,0,70,1
16,92,-1.0,2,1,8,63,1,1,2,Low,Medium,Public,Neutral,4,0,College,Moderate,1,68,1
30,78,-1.0,2,1,8,84,1,1,1,High,Low,Private,Negative,1,0,College,Near,1,71,0
21,80,-1.0,0,0,7,73,1,1,0,Medium,Low,Private,Neutral,2,0,High School,Moderate,0,65,0
4,61,-1.0,2,1,6,63,1,1,4,Medium,Medium,Public,Neutral,3,0,High School,Moderate,1,59,0
22,63,-1.0,0,1,8,55,1,1,2,Medium,Medium,Private,Neutral,4,0,High School,Near,1,64,0
18,70,-1.0,2,0,7,93,1,1,0,Medium,High,Public,Positive,3,0,College,Near,1,67,0
20,82,-1.0,1,0,6,94,1,1,3,Low,Medium,Private,Positive,2,0,High School,Near,1,68,1
18,90,-1.0,2,1,6,54,0,1,1,Medium,High,Public,Negative,3,0,High School,Near,0,95,1
25,84,-1.0,1,1,7,83,2,1,1,Low,Medium,Public,Positive,3,0,High School,Moderate,1,70,0
27,76,-1.0,1,0,9,58,1,1,1,Medium,Medium,Public,Positive,3,0,College,Near,0,68,0
22,65,-1.0,1,0,7,82,1,1,2,Medium,High,Public,Positive,4,1,College,Near,1,65,2
18,91,-1.0,1,0,7,95,1,1,2,Low,High,Public,Positive,2,0,Postgraduate,Near,1,70,1
20,75,-1.0,1,0,8,63,1,1,4,Medium,Low,Public,Neutral,3,0,Postgraduate,Near,1,67,0
20,89,-1.0,2,0,8,67,1,1,2,Low,High,Public,Neutral,2,1,College,Near,1,69,2
15,81,-1.0,2,1,7,90,2,1,1,Low,Medium,Private,Positive,2,0,Postgraduate,Far,0,68,0
23,90,-1.0,2,0,7,87,2,1,1,Low,Medium,Public,Neutral,2,0,High School,Near,0,72,1
23,96,-1.0,2,0,6,70,1,1,1,Medium,Medium,Public,Neutral,2,0,High School,Near,1,71,1
29,97,-1.0,2,1,9,92,1,1,2,Low,Medium,Public,Positive,4,0,High School,Moderate,0,75,1
28,81,-1.0,2,0,6,96,1,1,0,Medium,Medium,Public,Neutral,2,0,High School,Near,1,70,1
16,80,-1.0,1,0,9,73,1,1,2,Medium,Medium,Private,Negative,4,0,College,Near,1,66,0
25,71,-1.0,2,1,7,52,2,1,3,Low,Medium,Private,Neutral,3,0,High School,Near,1,67,0
14,97,-1.0,1,1,7,75,2,1,1,Medium,Medium,Public,Positive,4,0,College,Near,0,70,1
24,78,-1.0,2,1,8,87,1,1,2,Medium,Medium,Public,Neutral,3,0,High School,Near,1,71,0
17,65,-1.0,1,0,6,61,1,1,5,Low,Medium,Public,Positive,4,0,High School,Near,0,64,0
14,77,-1.0,1,0,8,55,2,1,2,High,High,Private,Neutral,4,0,High School,Near,1,65,0
22,65,-1.0,1,1,7,64,2,1,1,Medium,High,Private,Negative,2,0,High School,Moderate,1,64,0
4,80,-1.0,1,1,8,51,1,1,4,Medium,High,Public,Negative,5,0,High School,Near,1,62,0
9,82,-1.0,0,1,6,86,1,1,2,Low,High,Private,Negative,2,0,College,Far,0,64,1
19,74,-1.0,2,1,6,57,2,1,1,Medium,Medium,Private,Positive,2,0,High School,Near,0,66,0
20,63,-1.0,1,1,4,86,0,1,0,High,Medium,Public,Neutral,3,0,College,Near,1,64,2
18,98,-1.0,1,1,6,62,0,1,3,Medium,High,Public,Positive,3,0,High School,Far,0,71,1
11,91,-1.0,0,1,6,100,0,1,4,Low,Medium,Public,Negative,2,0,Postgraduate,Near,1,68,1
15,94,-1.0,1,1,6,77,0,1,3,High,High,Private,Neutral,4,0,College,Near,0,70,1
22,75,-1.0,1,0,7,52,2,1,0,Low,Medium,Private,Neutral,3,0,College,Near,0,66,0
23,90,-1.0,1,0,7,89,0,1,2,High,Medium,Public,Positive,4,0,College,Moderate,0,71,1
20,79,-1.0,1,1,8,71,1,1,1,Medium,High,Public,Neutral,3,0,College,Near,0,68,0
27,68,-1.0,0,1,8,80,2,1,3,Medium,Medium,Public,Positive,4,1,High School,Near,1,66,0
22,65,-1.0,1,0,8,98,2,1,4,Medium,Medium,Private,Neutral,3,0,High School,Near,0,66,0
16,74,-1.0,2,0,8,76,1,1,5,Low,Medium,Public,Negative,3,0,College,Moderate,1,65,0
18,66,-1.0,1,1,7,90,1,1,0,Medium,Medium,Public,Negative,4,0,Postgraduate,Near,1,64,0
12,100,-1.0,1,1,7,65,1,1,1,Low,Medium,Private,Positive,2,0,High School,Near,1,67,1
19,62,-1.0,1,1,8,86,0,1,1,High,Medium,Public,Positive,3,0,College,Near,1,65,2
27,78,-1.0,1,1,8,55,0,1,3,High,Medium,Public,Neutral,2,0,Postgraduate,Moderate,1,69,2
24,78,-1.0,1,1,5,95,0,1,1,Low,Medium,Private,Positive,2,0,College,Near,1,69,2
28,72,-1.0,1,1,7,60,1,1,4,High,Medium,Public,Neutral,3,0,Postgraduate,Near,1,69,0
18,83,-1.0,2,0,4,65,0,1,3,Low,Medium,Public,Positive,4,0,College,Moderate,1,68,2
28,66,-1.0,0,1,4,98,1,1,0,Medium,High,Public,Positive,3,0,High School,Near,0,67,0
19,91,-1.0,0,0,6,58,2,1,2,Low,High,Public,Positive,3,0,College,Moderate,1,68,1
29,73,-1.0,0,1,7,63,1,1,1,Low,Medium,Public,Negative,4,0,Postgraduate,Far,0,65,0
20,84,-1.0,1,1,6,79,1,1,3,Medium,Medium,Public,Negative,3,0,College,Moderate,1,69,1
24,89,-1.0,0,0,4,99,2,1,1,High,High,Private,Positive,3,0,Postgraduate,Near,1,73,1
29,96,-1.0,1,0,8,85,0,1,3,High,Medium,Public,Neutral,3,0,Postgraduate,Near,1,76,1
19,93,-1.0,2,1,6,56,1,1,0,Low,High,Private,Negative,3,0,College,Near,1,69,1
21,84,-1.0,0,1,8,87,0,1,2,High,Medium,Public,Positive,1,0,Postgraduate,Far,0,69,1
28,76,-1.0,1,1,6,71,1,1,3,Low,Medium,Private,Positive,2,0,High School,Far,0,68,0
19,80,-1.0,2,1,6,100,1,1,1,Medium,Medium,Public,Positive,3,0,High School,Near,1,70,0
12,91,-1.0,0,1,8,81,0,1,0,Low,Low,Public,Positive,4,0,High School,Moderate,1,64,1
33,95,-1.0,0,1,6,77,0,1,2,High,High,Private,Positive,3,0,High School,Moderate,0,73,1
17,64,-1.0,1,1,7,78,2,1,1,Medium,Medium,Public,Positive,3,0,High School,Near,1,64,0
21,75,-1.0,0,1,7,82,1,1,1,Medium,Medium,Public,Negative,4,0,High School,Near,1,65,0
27,91,-1.0,2,0,5,87,1,0,0,Medium,Medium,Public,Negative,3,0,High School,Near,0,69,1
16,77,-1.0,0,1,8,54,1,0,0,Medium,Medium,Public,Negative,3,0,Postgraduate,Near,1,62,0
14,73,-1.0,1,1,6,57,2,1,2,Medium,Medium,Public,Neutral,4,0,High School,Moderate,0,64,0
22,76,-1.0,2,0,5,65,0,1,0,Medium,High,Public,Neutral,3,0,High School,Far,0,64,2
9,84,-1.0,1,0,6,74,1,1,5,High,High,Public,Neutral,2,0,High School,Near,1,67,1
18,100,-1.0,0,1,8,66,2,0,3,Low,Medium,Public,Negative,3,0,College,Near,1,69,1
21,80,-1.0,0,1,5,61,1,1,2,High,Medium,Public,Positive,3,0,High School,Near,1,67,1
18,68,-1.0,2,0,8,96,1,1,1,High,Medium,Public,Neutral,3,0,High School,Moderate,1,65,0
11,67,-1.0,2,0,8,52,2,1,3,High,High,Public,Negative,3,0,College,Moderate,0,63,0
30,62,-1.0,0,1,7,97,1,1,0,High,Medium,Private,Neutral,5,0,College,Near,0,66,0
21,82,-1.0,2,0,7,95,2,1,1,High,Medium,Public,Negative,3,0,High School,Near,1,70,0
29,82,-1.0,2,0,7,84,0,1,1,Low,Medium,Private,Positive,2,0,High School,Near,1,70,2
18,68,-1.0,2,1,8,52,2,1,0,High,High,Public,Positive,3,0,College,Near,1,67,0
15,88,-1.0,1,1,6,61,1,1,0,High,Medium,Public,Neutral,4,1,Postgraduate,Far,1,65,2
22,90,-1.0,2,0,5,99,1,1,1,Low,Low,Private,Positive,2,0,College,Far,0,70,1
19,70,-1.0,1,1,7,95,2,0,0,Medium,High,Private,Positive,3,0,College,Near,0,66,0
13,74,-1.0,2,1,8,98,2,1,1,High,High,Public,Negative,2,0,High School,Near,1,66,0
29,100,-1.0,0,1,8,100,0,1,0,Low,Medium,Private,Neutral,5,1,High School,Near,1,72,2
16,75,-1.0,0,1,10,53,2,1,0,Low,Low,Public,Positive,4,0,College,Near,0,64,0
9,90,-1.0,2,1,7,79,0,1,4,High,High,Public,Positive,4,0,High School,Near,1,70,1
28,78,-1.0,2,0,7,92,0,1,1,Medium,High,Public,Positive,3,0,Postgraduate,Moderate,0,71,2
17,92,-1.0,1,0,7,66,0,1,2,Low,High,Public,Negative,3,0,High School,Near,1,66,1
16,91,-1.0,1,1,6,72,2,1,0,High,High,Public,Negative,2,0,Postgraduate,Near,0,70,1
9,87,-1.0,1,1,6,64,1,1,1,High,Medium,Public,Neutral,2,0,High School,Near,0,64,1
30,94,-1.0,0,0,5,52,0,0,3,High,Medium,Private,Neutral,2,0,Postgraduate,Moderate,0,70,1
12,98,-1.0,0,1,4,54,1,1,2,Medium,High,Private,Neutral,3,0,High School,Near,0,67,1
20,83,-1.0,0,0,6,51,0,1,2,Medium,Medium,Public,Neutral,4,0,High School,Moderate,0,65,2
25,69,-1.0,1,0,7,76,1,1,1,High,Medium,Public,Positive,2,0,High School,Near,0,68,0
23,76,-1.0,1,0,8,81,1,1,3,Low,High,Public,Positive,2,0,High School,Near,0,69,0
20,90,-1.0,0,1,6,65,0,1,3,Low,Medium,Public,Negative,2,0,Postgraduate,Near,0,68,1
10,86,-1.0,2,1,6,91,2,1,2,Low,Medium,Private,Positive,3,0,High School,Far,0,68,1
15,67,-1.0,0,1,9,94,1,1,0,Medium,Medium,Public,Positive,4,0,Postgraduate,Near,1,64,0
